m,m,m,m,m,m,m,m,m,m,m,m,m,m,m,m,m,m,m,m,m,m,m,m,m,m,m,m,m,m,m,m,m,m,m,m,m,m,m,m,m,m,m,m,m,m,m,m,m,m,m,m,m,m,m,m,m,m,m,m,m,m,m,m,m,m,m,m,m,m,m,m,m,m,m,m,m,m,m,m,m,m,m,m,m,m,m,m,m,m,m,m,m,m,m,m,m,m,m,m,m,m,m,m,m,m,m,m,m,m,m,m,m,m,m,m,m,m,m,m,m,m,m,m,m,m,m,m,m,m,m,m,m,m,m,m,m,m,m,m,m,m,m,m,m,m,m,m,m,m,m,m,m,m,m,m,m,m,m,m,m,m,m,m,m,m,m,m,m,m,m,m,m,m,m,m,m,m,m,m,m,m,m,m,m,m,m,m,m,m,m,m,m,m,m,m,m,m,m,m,m,m,m,m,m,m,m,m,m,m,m,m,m,m,m,m,m,m,m,m,m,m,m,m,m,m,m,m,m,m,m,m,m,m,m,m,m,m,m,m,m,m,m,m,m,m,m,m,m,m,m,m,m,m,m,m,m,m,m,m,m,m,m,m,m,m,m,m,m,m,m,m,m,m,m,m,m,m,m,m,m,m,m,m,m,m,m,m,m,m,m,m,m,m,m,m,m,m,m,m
m,m,m,m,m,m,m,m,m,m,m,m,m,m,m,m,m,m,m,m,m,m,m,m,m,m,m,m,m,m,m,m,m,m,m,m,m,m,m,m,m,m,m,m,m,m,m,m,m,m,m,m,m,m,m,m,m,m,m,m,m,m,m,m,m,m,m,m,m,m,m,m,m,m,m,m,m,m,m,m,m,m,m,m,m,m,m,m,m,m,m,m,m,m,m,m,m,m,m,m,m,m,m,m,m,m,m,m,m,m,m,m,m,m,m,m,m,m,m,m,m,m,m,m,m,m,m,m,m,m,m,m,m,m,m,m,m,m,m,m,m,m,m,m,m,m,m,m,m,m,m,m,m,m,m,m,m,m,m,m,m,m,m,m,m,m,m,m,m,m,m,m,m,m,m,m,m,m,m,m,m,m,m,m,m,m,m,m,m,m,m,m,m,m,m,m,m,m,m,m,m,m,m,m,m,m,m,m,m,m,m,m,m,m,m,m,m,m,m,m,m,m,m,m,m,m,m,m,m,m,m,m,m,m,m,m,m,m,m,m,m,m,m,m,m,m,m,m,m,m,m,m,m,m,m,m,m,m,m,m,m,m,m,m,m,m,m,m,m,m,m,m,m,m,m,m,m,m,m,m,m,m,m,m,m,m,m,m,m,m,m,m,m,m,m,m,m,m,m,m
m,m,m,m,m,m,m,m,m,m,m,m,m,m,m,m,m,m,m,m,m,m,m,m,m,m,m,m,m,m,m,m,m,m,m,m,m,m,m,m,m,m,m,m,m,m,m,m,m,m,m,m,m,m,m,m,m,m,m,m,m,m,m,m,m,m,m,m,m,m,m,m,m,m,m,m,m,m,m,m,m,m,m,m,m,m,m,m,m,m,m,m,m,m,m,m,m,m,m,m,m,m,m,m,m,m,m,m,m,m,m,m,m,m,m,m,m,m,m,m,m,m,m,m,m,m,m,m,m,m,m,m,m,m,m,m,m,m,m,m,m,m,m,m,m,m,m,m,m,m,m,m,m,m,m,m,m,m,m,m,m,m,m,m,m,m,m,m,m,m,m,m,m,m,m,m,m,m,m,m,m,m,m,m,m,m,m,m,m,m,m,m,m,m,m,m,m,m,m,m,m,m,m,m,m,m,m,m,m,m,m,m,m,m,m,m,m,m,m,m,m,m,m,m,m,m,m,m,m,m,m,m,m,m,m,m,m,m,m,m,m,m,m,m,m,m,m,m,m,m,m,m,m,m,m,m,m,m,m,m,m,m,m,m,m,m,m,m,m,m,m,m,m,m,m,m,m,m,m,m,m,m,m,m,m,m,m,m,m,m,m,m,m,m,m,m,m,m,m,m
m,m,m,m,m,m,m,m,m,m,m,m,m,m,m,m,m,m,m,m,m,m,m,m,m,m,m,m,m,m,m,m,m,m,m,m,m,m,m,m,m,m,m,m,m,m,m,m,m,m,m,m,m,m,m,m,m,m,m,m,m,m,m,m,m,m,m,m,m,m,m,m,m,m,m,m,m,m,m,m,m,m,m,m,m,m,m,m,m,m,m,m,m,m,m,m,m,m,m,m,m,m,m,m,m,m,m,m,m,m,m,m,m,m,m,m,m,m,m,m,m,m,m,m,m,m,m,m,m,m,m,m,m,m,m,m,m,m,m,m,m,m,m,m,m,m,m,m,m,m,m,m,m,m,m,m,m,m,m,m,m,m,m,m,m,m,m,m,m,m,m,m,m,m,m,m,m,m,m,m,m,m,m,m,m,m,m,m,m,m,m,m,m,m,m,m,m,m,m,m,m,m,m,m,m,m,m,m,m,m,m,m,m,m,m,m,m,m,m,m,m,m,m,m,m,m,m,m,m,m,m,m,m,m,m,m,m,m,m,m,m,m,m,m,m,m,m,m,m,m,m,m,m,m,m,m,m,m,m,m,m,m,m,m,m,m,m,m,m,m,m,m,m,m,m,m,m,m,m,m,m,m,m,m,m,m,m,m,m,m,m,m,m,m,m,m,m,m,m,m
m,m,m,m,m,m,m,m,m,m,m,m,m,m,m,m,m,m,m,m,m,m,m,m,m,m,m,m,m,m,m,m,m,m,m,m,m,m,m,m,m,m,m,m,m,m,m,m,m,m,m,m,m,m,m,m,m,m,m,m,m,m,m,m,m,m,m,m,m,m,m,m,m,m,m,m,m,m,m,m,m,m,m,m,m,m,m,m,m,m,m,m,m,m,m,m,m,m,m,m,m,m,m,m,m,m,m,m,m,m,m,m,m,m,m,m,m,m,m,m,m,m,m,m,m,m,m,m,m,m,m,m,m,m,m,m,m,m,m,m,m,m,m,m,m,m,m,m,m,m,m,m,m,m,m,m,m,m,m,m,m,m,m,m,m,m,m,m,m,m,m,m,m,m,m,m,m,m,m,m,m,m,m,m,m,m,m,m,m,m,m,m,m,m,m,m,m,m,m,m,m,m,m,m,m,m,m,m,m,m,m,m,m,m,m,m,m,m,m,m,m,m,m,m,m,m,m,m,m,m,m,m,m,m,m,m,m,m,m,m,m,m,m,m,m,m,m,m,m,m,m,m,m,m,m,m,m,m,m,m,m,m,m,m,m,m,m,m,m,m,m,m,m,m,m,m,m,m,m,m,m,m,m,m,m,m,m,m,m,m,m,m,m,m,m,m,m,m,m,m
m,m,m,m,m,m,m,m,m,m,m,m,m,m,m,m,m,m,m,m,m,m,m,m,m,m,m,m,m,m,m,m,m,m,m,m,m,m,m,m,m,m,m,m,m,m,m,m,m,m,m,m,m,m,m,m,m,m,m,m,m,m,m,m,m,m,m,m,m,m,m,m,m,m,m,m,m,m,m,m,m,m,m,m,m,m,m,m,m,m,m,m,m,m,m,m,m,m,m,m,m,m,m,m,m,m,m,m,m,m,m,m,m,m,m,m,m,m,m,m,m,m,m,m,m,m,m,m,m,m,m,m,m,m,m,m,m,m,m,m,m,m,m,m,m,m,m,m,m,m,m,m,m,m,m,m,m,m,m,m,m,m,m,m,m,m,m,m,m,m,m,m,m,m,m,m,m,m,m,m,m,m,m,m,m,m,m,m,m,m,m,m,m,m,m,m,m,m,m,m,m,m,m,m,m,m,m,m,m,m,m,m,m,m,m,m,m,m,m,m,m,m,m,m,m,m,m,m,m,m,m,m,m,m,m,m,m,m,m,m,m,m,m,m,m,m,m,m,m,m,m,m,m,m,m,m,m,m,m,m,m,m,m,m,m,m,m,m,m,m,m,m,m,m,m,m,m,m,m,m,m,m,m,m,m,m,m,m,m,m,m,m,m,m,m,m,m,m,m,m
m,m,m,m,m,m,m,m,m,m,m,m,m,m,m,m,m,m,m,m,m,m,m,m,m,m,m,m,m,m,m,m,m,m,m,m,m,m,m,m,m,m,m,m,m,m,m,m,m,m,m,m,m,m,m,m,m,m,m,m,m,m,m,m,m,m,m,m,m,m,m,m,m,m,m,m,m,m,m,m,m,m,m,m,m,m,m,m,m,m,m,m,m,m,m,m,m,m,m,m,m,m,m,m,m,m,m,m,m,m,m,m,m,m,m,m,m,m,m,m,m,m,m,m,m,m,m,m,m,m,m,m,m,m,m,m,m,m,m,m,m,m,m,m,m,m,m,m,m,m,m,m,m,m,m,m,m,m,m,m,m,m,m,m,m,m,m,m,m,m,m,m,m,m,m,m,m,m,m,m,m,m,m,m,m,m,m,m,m,m,m,m,m,m,m,m,m,m,m,m,m,m,m,m,m,m,m,m,m,m,m,m,m,m,m,m,m,m,m,m,m,m,m,m,m,m,m,m,m,m,m,m,m,m,m,m,m,m,m,m,m,m,m,m,m,m,m,m,m,m,m,m,m,m,m,m,m,m,m,m,m,m,m,m,m,m,m,m,m,m,m,m,m,m,m,m,m,m,m,m,m,m,m,m,m,m,m,m,m,m,m,m,m,m,m,m,m,m,m,m
m,m,m,m,m,m,m,m,m,m,m,m,m,m,m,m,m,m,m,m,m,m,m,m,m,m,m,m,m,m,m,m,m,m,m,m,m,m,m,m,m,m,m,m,m,m,m,m,m,m,m,m,m,m,m,m,m,m,m,m,m,m,m,m,m,m,m,m,m,m,m,m,m,m,m,m,m,m,m,m,m,m,m,m,m,m,m,m,m,m,m,m,m,m,m,m,m,m,m,m,m,m,m,m,m,m,m,m,m,m,m,m,m,m,m,m,m,m,m,m,m,m,m,m,m,m,m,m,m,m,m,m,m,m,m,m,m,m,m,m,m,m,m,m,m,m,m,m,m,m,m,m,m,m,m,m,m,m,m,m,m,m,m,m,m,m,m,m,m,m,m,m,m,m,m,m,m,m,m,m,m,m,m,m,m,m,m,m,m,m,m,m,m,m,m,m,m,m,m,m,m,m,m,m,m,m,m,m,m,m,m,m,m,m,m,m,m,m,m,m,m,m,m,m,m,m,m,m,m,m,m,m,m,m,m,m,m,m,m,m,m,m,m,m,m,m,m,m,m,m,m,m,m,m,m,m,m,m,m,m,m,m,m,m,m,m,m,m,m,m,m,m,m,m,m,m,m,m,m,m,m,m,m,m,m,m,m,m,m,m,m,m,m,m,m,m,m,m,m,m
m,m,m,m,m,m,m,m,m,m,m,m,m,m,m,m,m,m,m,m,m,m,m,m,m,m,m,m,m,m,m,m,m,m,m,m,m,m,m,m,m,m,m,m,m,m,m,m,m,m,m,m,m,m,m,m,m,m,m,m,m,m,m,m,m,m,m,m,m,m,m,m,m,m,m,m,m,m,m,m,m,m,m,m,m,m,m,m,m,m,m,m,m,m,m,m,m,m,m,m,m,m,m,m,m,m,m,m,m,m,m,m,m,m,m,m,m,m,m,m,m,m,m,m,m,m,m,m,m,m,m,m,m,m,m,m,m,m,m,m,m,m,m,m,m,m,m,m,m,m,m,m,m,m,m,m,m,m,m,m,m,m,m,m,m,m,m,m,m,m,m,m,m,m,m,m,m,m,m,m,m,m,m,m,m,m,m,m,m,m,m,m,m,m,m,m,m,m,m,m,m,m,m,m,m,m,m,m,m,m,m,m,m,m,m,m,m,m,m,m,m,m,m,m,m,m,m,m,m,m,m,m,m,m,m,m,m,m,m,m,m,m,m,m,m,m,m,m,m,m,m,m,m,m,m,m,m,m,m,m,m,m,m,m,m,m,m,m,m,m,m,m,m,m,m,m,m,m,m,m,m,m,m,m,m,m,m,m,m,m,m,m,m,m,m,m,m,m,m,m
m,m,m,m,m,m,m,m,m,m,m,m,m,m,m,m,m,m,m,m,m,m,m,m,m,m,m,m,m,m,m,m,m,m,m,m,m,m,m,m,m,m,m,m,m,m,m,m,m,m,m,m,m,m,m,m,m,m,m,m,m,m,m,m,m,m,m,m,m,m,m,m,m,m,m,m,m,m,m,m,m,m,m,m,m,m,m,m,m,m,m,m,m,m,m,m,m,m,m,m,m,m,m,m,m,m,m,m,m,m,m,m,m,m,m,m,m,m,m,m,m,m,m,m,m,m,m,m,m,m,m,m,m,m,m,m,m,m,m,m,m,m,m,m,m,m,m,m,m,m,m,m,m,m,m,m,m,m,m,m,m,m,m,m,m,m,m,m,m,m,m,m,m,m,m,m,m,m,m,m,m,m,m,m,m,m,m,m,m,m,m,m,m,m,m,m,m,m,m,m,m,m,m,m,m,m,m,m,m,m,m,m,m,m,m,m,m,m,m,m,m,m,m,m,m,m,m,m,m,m,m,m,m,m,m,m,m,m,m,m,m,m,m,m,m,m,m,m,m,m,m,m,m,m,m,m,m,m,m,m,m,m,m,m,m,m,m,m,m,m,m,m,m,m,m,m,m,m,m,m,m,m,m,m,m,m,m,m,m,m,m,m,m,m,m,m,m,m,m,m
m,m,m,m,m,m,m,m,m,m,m,m,m,m,m,m,m,m,m,m,m,m,m,m,m,m,m,m,m,m,m,m,m,m,m,m,m,m,m,m,m,m,m,m,m,m,m,m,m,m,m,m,m,m,m,m,m,m,m,m,m,m,m,m,m,m,m,m,m,m,m,m,m,m,m,m,m,m,m,m,m,m,m,m,m,m,m,m,m,m,m,m,m,m,m,m,m,m,m,m,m,m,m,m,m,m,m,m,m,m,m,m,m,m,m,m,m,m,m,m,m,m,m,m,m,m,m,m,m,m,m,m,m,m,m,m,m,m,m,m,m,m,m,m,m,m,m,m,m,m,m,m,m,m,m,m,m,m,m,m,m,m,m,m,m,m,m,m,m,m,m,m,m,m,m,m,m,m,m,m,m,m,m,m,m,m,m,m,m,m,m,m,m,m,m,m,m,m,m,m,m,m,m,m,m,m,m,m,m,m,m,m,m,m,m,m,m,m,m,m,m,m,m,m,m,m,m,m,m,m,m,m,m,m,m,m,m,m,m,m,m,m,m,m,m,m,m,m,m,m,m,m,m,m,m,m,m,m,m,m,m,m,m,m,m,m,m,m,m,m,m,m,m,m,m,m,m,m,m,m,m,m,m,m,m,m,m,m,m,m,m,m,m,m,m,m,m,m,m,m
m,m,m,m,m,m,m,m,m,m,m,m,m,m,m,m,m,m,m,m,m,m,m,m,m,m,m,m,m,m,m,m,m,m,m,m,m,m,m,m,m,m,m,m,m,m,m,m,m,m,m,m,m,m,m,m,m,m,m,m,m,m,m,m,m,m,m,m,m,m,m,m,m,m,m,m,m,m,m,m,m,m,m,m,m,m,m,m,m,m,m,m,m,m,m,m,m,m,m,m,m,m,m,m,m,m,m,m,m,m,m,m,m,m,m,m,m,m,m,m,m,m,m,m,m,m,m,m,m,m,m,m,m,m,m,m,m,m,m,m,m,m,m,m,m,m,m,m,m,m,m,m,m,m,m,m,m,m,m,m,m,m,m,m,m,m,m,m,m,m,m,m,m,m,m,m,m,m,m,m,m,m,m,m,m,m,m,m,m,m,m,m,m,m,m,m,m,m,m,m,m,m,m,m,m,m,m,m,m,m,m,m,m,m,m,m,m,m,m,m,m,m,m,m,m,m,m,m,m,m,m,m,m,m,m,m,m,m,m,m,m,m,m,m,m,m,m,m,m,m,m,m,m,m,m,m,m,m,m,m,m,m,m,m,m,m,m,m,m,m,m,m,m,m,m,m,m,m,m,m,m,m,m,m,m,m,m,m,m,m,m,m,m,m,m,m,m,m,m,m
m,m,m,m,m,m,m,m,m,m,m,m,m,m,m,m,m,m,m,m,m,m,m,m,m,m,m,m,m,m,m,m,m,m,m,m,m,m,m,m,m,m,m,m,m,m,m,m,m,m,m,m,m,m,m,m,m,m,m,m,m,m,m,m,m,m,m,m,m,m,m,m,m,m,m,m,m,m,m,m,m,m,m,m,m,m,m,m,m,m,m,m,m,m,m,m,m,m,m,m,m,m,m,m,m,m,m,m,m,m,m,m,m,m,G,G,G,G,G,G,G,G,G,G,G,~,~,~,~,~,~,~,~,~,~,~,~,~,~,~,~,~,~,~,~,~,~,~,~,~,~,~,~,~,~,~,~,~,~,~,~,~,~,~,~,~,~,~,~,~,~,~,G,G,G,G,G,G,G,G,G,G,G,G,G,G,m,m,m,m,m,m,m,m,m,m,m,m,m,m,m,m,m,m,m,m,m,m,m,m,m,m,m,m,m,m,m,m,m,m,m,m,m,m,m,m,m,m,m,m,m,m,m,m,m,m,m,m,m,m,m,m,m,m,m,m,m,m,m,m,m,m,m,m,m,m,m,m,m,m,m,m,m,m,m,m,m,m,m,m,m,m,m,m,m,m,m,m,m,m,m,m,m,m,m,m,m,m,m,m,m,m,m,m,m,m,m,m,m,m
m,m,m,m,m,m,m,m,m,m,m,m,m,m,m,m,m,m,m,m,m,m,m,m,m,m,m,m,m,m,m,m,m,m,m,m,m,m,m,m,m,m,m,m,m,m,m,m,m,m,m,m,m,m,m,m,m,m,m,m,m,m,m,m,m,m,m,m,m,m,m,m,m,m,m,m,m,m,m,m,m,m,m,m,m,m,m,m,m,m,m,m,m,m,m,m,m,m,m,m,m,m,m,m,m,m,m,m,m,m,G,G,G,G,G,G,G,G,G,G,~,~,~,~,~,~,~,~,~,~,~,~,~,~,~,~,~,~,~,~,~,~,~,~,~,~,~,~,~,~,~,~,~,~,~,~,~,~,~,~,~,~,~,~,~,~,~,~,~,~,~,~,~,~,~,~,~,G,G,G,G,G,G,G,G,G,G,G,G,G,m,m,m,m,m,m,m,m,m,m,m,m,m,m,m,m,m,m,m,m,m,m,m,m,m,m,m,m,m,m,m,m,m,m,m,m,m,m,m,m,m,m,m,m,m,m,m,m,m,m,m,m,m,m,m,m,m,m,m,m,m,m,m,m,m,m,m,m,m,m,m,m,m,m,m,m,m,m,m,m,m,m,m,m,m,m,m,m,m,m,m,m,m,m,m,m,m,m,m,m,m,m,m,m,m,m,m,m,m,m
m,m,m,m,m,m,m,m,m,m,m,m,m,m,m,m,m,m,m,m,m,m,m,m,m,m,m,m,m,m,m,m,m,m,m,m,m,m,m,m,m,m,m,m,m,m,m,m,m,m,m,m,m,m,m,m,m,m,m,m,m,m,m,m,m,m,m,m,m,m,m,m,m,m,m,m,m,m,m,m,m,m,m,m,m,m,m,m,m,m,m,m,m,m,m,m,m,m,m,m,m,m,m,m,m,G,G,G,G,G,G,G,G,G,G,G,~,~,~,~,~,~,~,~,~,~,~,~,~,~,~,~,~,~,~,~,~,~,~,~,~,~,~,~,~,~,~,~,~,~,~,~,~,~,~,~,~,~,~,~,~,~,~,~,~,~,~,~,~,~,~,~,~,~,~,~,~,~,~,~,~,G,G,G,G,G,G,G,G,G,G,G,G,G,G,m,m,m,m,m,m,m,m,m,m,m,m,m,m,m,m,m,m,m,m,m,m,m,m,m,m,m,m,m,m,m,m,m,m,m,m,m,m,m,m,m,m,m,m,m,m,m,m,m,m,m,m,m,m,m,m,m,m,m,m,m,m,m,m,m,m,m,m,m,m,m,m,m,m,m,m,m,m,m,m,m,m,m,m,m,m,m,m,m,m,m,m,m,m,m,m,m,m,m,m,m,m,m,m,m
m,m,m,m,m,m,m,m,m,m,m,m,m,m,m,m,m,m,m,m,m,m,m,m,m,m,m,m,m,m,m,m,m,m,m,m,m,m,m,m,m,m,m,m,m,m,m,m,m,m,m,m,m,m,m,m,m,m,m,m,m,m,m,m,m,m,m,m,m,m,m,m,m,m,m,m,m,m,m,m,m,m,m,m,m,m,m,m,m,m,m,m,m,m,m,m,m,m,m,m,G,G,G,G,G,G,G,G,G,G,G,G,~,~,~,~,~,~,~,~,~,~,~,~,~,~,~,~,~,~,~,~,~,~,~,~,~,~,~,~,~,~,~,~,~,~,~,~,~,~,~,~,~,~,~,~,~,~,~,~,~,~,~,~,~,~,~,~,~,~,~,~,~,~,~,~,~,~,~,~,~,~,~,~,~,G,G,G,G,G,G,G,G,G,G,G,G,G,G,m,m,m,m,m,m,m,m,m,m,m,m,m,m,m,m,m,m,m,m,m,m,m,m,m,m,m,m,m,m,m,m,m,m,m,m,m,m,m,m,m,m,m,m,m,m,m,m,m,m,m,m,m,m,m,m,m,m,m,m,m,m,m,m,m,m,m,m,m,m,m,m,m,m,m,m,m,m,m,m,m,m,m,m,m,m,m,m,m,m,m,m,m,m,m,m,m,m,m,m,m
m,m,m,m,m,m,m,m,m,m,m,m,m,m,m,m,m,m,m,m,m,m,m,m,m,m,m,m,m,m,m,m,m,m,m,m,m,m,m,m,m,m,m,m,m,m,m,m,m,m,m,m,m,m,m,m,m,m,m,m,m,m,m,m,m,m,m,m,m,m,m,m,m,m,m,m,m,m,m,m,m,m,m,m,m,m,m,m,m,m,m,m,m,m,m,m,G,G,G,G,G,G,G,G,G,G,G,G,G,~,~,~,~,~,~,~,~,~,~,~,~,~,~,~,~,~,~,~,~,~,~,~,~,~,~,~,~,~,~,~,~,~,~,~,~,~,~,~,~,~,~,~,~,~,~,~,~,~,~,~,~,~,~,~,~,~,~,~,~,~,~,~,~,~,~,~,~,~,~,~,~,~,~,~,~,~,~,~,G,G,G,G,G,G,G,G,G,G,G,G,G,G,G,G,m,m,m,m,m,m,m,m,m,m,m,m,m,m,m,m,m,m,m,m,m,m,m,m,m,m,m,m,m,m,m,m,m,m,m,m,m,m,m,m,m,m,m,m,m,m,m,m,m,m,m,m,m,m,m,m,m,m,m,m,m,m,m,m,m,m,m,m,m,m,m,m,m,m,m,m,m,m,m,m,m,m,m,m,m,m,m,m,m,m,m,m,m,m,m,m
m,m,m,m,m,m,m,m,m,m,m,m,m,m,m,m,m,m,m,m,m,m,m,m,m,m,m,m,m,m,m,m,m,m,m,m,m,m,m,m,m,m,m,m,m,m,m,m,m,m,m,m,m,m,m,m,m,m,m,m,m,m,m,m,m,m,m,m,m,m,m,m,m,m,m,m,m,m,m,m,m,m,m,m,m,m,m,m,m,m,G,G,G,G,G,G,G,G,G,G,G,G,G,G,G,G,~,~,~,~,~,~,~,~,~,~,~,~,~,~,~,~,~,~,~,~,~,~,~,~,~,~,~,~,~,~,~,~,~,~,~,~,~,~,~,~,~,~,~,~,~,~,~,~,~,~,~,~,~,~,~,~,~,~,~,~,~,~,~,~,~,~,~,~,~,~,~,~,~,~,~,~,~,~,~,~,~,~,~,~,~,G,G,G,G,G,G,G,G,G,G,G,G,G,G,G,G,m,m,m,m,m,m,m,m,m,m,m,m,m,m,m,m,m,m,m,m,m,m,m,m,m,m,m,m,m,m,m,m,m,m,m,m,m,m,m,m,m,m,m,m,m,m,m,m,m,m,m,m,m,m,m,m,m,m,m,m,m,m,m,m,m,m,m,m,m,m,m,m,m,m,m,m,m,m,m,m,m,m,m,m,m,m,m,m,m,m,m,m,m
m,m,m,m,m,m,m,m,m,m,m,m,m,m,m,m,m,m,m,m,m,m,m,m,m,m,m,m,m,m,m,m,m,m,m,m,m,m,m,m,m,m,m,m,m,m,m,m,m,m,m,m,m,m,m,m,m,m,m,m,m,m,m,m,m,m,m,m,m,m,m,m,m,m,m,m,m,m,m,m,m,m,m,m,m,G,G,G,G,G,G,G,G,G,G,G,G,G,G,G,G,G,G,~,~,~,~,~,~,~,~,~,~,~,~,~,~,~,~,~,~,~,~,~,~,~,~,~,~,~,~,~,~,~,~,~,~,~,~,~,~,~,~,~,~,~,~,~,~,~,~,~,~,~,k,~,~,~,~,~,~,~,~,~,~,~,~,~,~,~,~,~,~,~,~,~,~,~,~,~,~,~,~,~,~,~,~,~,~,~,~,~,~,~,G,G,G,G,G,G,G,G,G,G,G,G,G,G,G,G,G,G,m,m,m,m,m,m,m,m,m,m,m,m,m,m,m,m,m,m,m,m,m,m,m,m,m,m,m,m,m,m,m,m,m,m,m,m,m,m,m,m,m,m,m,m,m,m,m,m,m,m,m,m,m,m,m,m,m,m,m,m,m,m,m,m,m,m,m,m,m,m,m,m,m,m,m,m,m,m,m,m,m,m,m,m,m,m,m,m
m,m,m,m,m,m,m,m,m,m,m,m,m,m,m,m,m,m,m,m,m,m,m,m,m,m,m,m,m,m,m,m,m,m,m,m,m,m,m,m,m,m,m,m,m,m,m,m,m,m,m,m,m,m,m,m,m,m,m,m,m,m,m,m,m,m,m,m,m,m,m,m,m,m,m,m,m,m,m,m,m,G,G,G,G,G,G,G,G,G,G,G,G,G,G,G,G,G,G,G,~,~,~,~,~,~,~,~,~,~,~,~,~,~,~,~,~,~,~,~,~,~,~,~,~,~,~,~,~,~,~,~,~,~,~,t,~,~,~,k,~,~,~,~,~,~,~,~,~,~,~,~,~,~,~,~,~,~,~,~,~,~,~,~,~,~,~,~,~,~,~,~,~,~,~,~,~,~,~,~,~,~,~,~,~,~,~,~,~,~,~,~,~,~,~,~,~,G,G,G,G,G,G,G,G,G,G,G,G,G,G,G,G,G,G,G,m,m,m,m,m,m,m,m,m,m,m,m,m,m,m,m,m,m,m,m,m,m,m,m,m,m,m,m,m,m,m,m,m,m,m,m,m,m,m,m,m,m,m,m,m,m,m,m,m,m,m,m,m,m,m,m,m,m,m,m,m,m,m,m,m,m,m,m,m,m,m,m,m,m,m,m,m,m,m,m,m,m,m,m
m,m,m,m,m,m,m,m,m,m,m,m,m,m,m,m,m,m,m,m,m,m,m,m,m,m,m,m,m,m,m,m,m,m,m,m,m,m,m,m,m,m,m,m,m,m,m,m,m,m,m,m,m,m,m,m,m,m,m,m,m,m,m,m,m,m,m,m,m,m,m,m,m,m,m,G,G,G,G,G,G,G,G,G,G,G,G,G,G,G,G,G,G,G,G,G,G,G,~,~,~,~,~,~,~,~,~,~,~,~,~,~,~,~,~,~,~,t,~,~,~,~,~,~,~,~,~,~,~,~,~,~,~,~,~,~,~,~,~,~,~,~,~,~,~,~,~,~,~,~,~,~,~,~,~,~,~,~,~,~,~,~,~,~,~,~,~,~,~,~,~,~,~,~,~,~,~,~,~,~,~,~,~,~,~,~,~,~,~,~,~,~,~,~,~,~,~,~,~,G,G,G,G,G,G,G,G,G,G,G,G,G,G,G,G,G,G,G,G,G,G,m,m,m,m,m,m,m,m,m,m,m,m,m,m,m,m,m,m,m,m,m,m,m,m,m,m,m,m,m,m,m,m,m,m,m,m,m,m,m,m,m,m,m,m,m,m,m,m,m,m,m,m,m,m,m,m,m,m,m,m,m,m,m,m,m,m,m,m,m,m,m,m,m,m,m,m,m,m,m
m,m,m,m,m,m,m,m,m,m,m,m,m,m,m,m,m,m,m,m,m,m,m,m,m,m,m,m,m,m,m,m,m,m,m,m,m,m,m,m,m,m,m,m,m,m,m,m,m,m,m,m,m,m,m,m,m,m,m,m,m,m,m,m,m,m,m,m,m,m,G,G,G,G,G,G,G,G,G,G,G,G,G,G,G,G,G,G,G,G,G,G,G,G,G,G,~,~,~,~,~,~,~,~,~,~,~,~,~,~,~,~,~,~,~,~,~,~,~,~,~,~,~,~,~,~,~,~,~,~,~,~,~,~,~,~,~,~,~,~,~,~,~,~,~,~,~,~,~,~,~,~,~,~,~,~,~,~,~,~,~,~,~,~,~,~,~,~,~,~,~,~,~,~,~,~,~,~,~,~,~,~,~,~,~,~,~,~,~,~,~,~,~,~,~,~,~,~,~,~,~,G,G,G,G,G,G,G,G,G,G,G,G,G,G,G,G,G,G,G,G,G,G,G,G,m,m,m,m,m,m,m,m,m,m,m,m,m,m,m,m,m,m,m,m,m,m,m,m,m,m,m,m,m,m,m,m,m,m,m,m,m,m,m,m,m,m,m,m,m,m,m,m,m,m,m,m,m,m,m,m,m,m,m,m,m,m,m,m,m,m,m,m,m,m,m,m,m,m,m
m,m,m,m,m,m,m,m,m,m,m,m,m,m,m,m,m,m,m,m,m,m,m,m,m,m,m,m,m,m,m,m,m,m,m,m,m,m,m,m,m,m,m,m,m,m,m,m,m,m,m,m,m,m,m,m,m,m,m,m,m,m,m,m,m,m,G,G,G,G,G,G,G,G,G,G,G,G,G,G,G,G,G,G,G,G,G,G,G,G,G,G,G,G,~,~,~,~,~,~,~,~,~,~,~,~,~,~,~,~,~,~,~,k,~,~,~,~,~,~,~,~,~,~,~,~,~,~,~,~,~,~,~,~,~,~,~,~,~,~,~,~,~,~,~,~,~,~,~,~,~,~,~,~,~,~,~,~,~,~,~,~,~,~,~,~,~,~,~,~,~,~,~,~,~,~,~,~,~,~,~,~,~,~,~,~,~,~,~,~,~,~,~,~,~,~,~,~,~,~,~,~,~,G,G,G,G,G,G,G,G,G,G,G,G,G,G,G,G,G,G,G,G,G,G,G,G,G,G,m,m,m,m,m,m,m,m,m,m,m,m,m,m,m,m,m,m,m,m,m,m,m,m,m,m,m,m,m,m,m,m,m,m,m,m,m,m,m,m,m,m,m,m,m,m,m,m,m,m,m,m,m,m,m,m,m,m,m,m,m,m,m,m,m,m,m,m,m,m,m
m,m,m,m,m,m,m,m,m,m,m,m,m,m,m,m,m,m,m,m,m,m,m,m,m,m,m,m,m,m,m,m,m,m,m,m,m,m,m,m,m,m,m,m,m,m,m,m,m,m,m,m,m,m,m,m,m,m,m,m,m,G,G,G,G,G,G,G,G,G,G,G,G,G,G,G,G,G,G,G,G,G,G,G,G,G,G,G,G,G,G,G,~,~,~,~,~,~,~,~,~,~,~,~,~,~,~,~,~,~,~,~,~,~,~,~,~,k,~,~,~,~,~,~,~,~,~,~,~,~,~,~,~,~,~,~,~,~,~,~,~,~,~,~,~,~,~,~,~,~,~,~,~,~,~,~,~,~,~,~,~,~,~,~,~,~,~,~,~,~,~,~,~,~,~,~,~,~,~,~,~,~,~,~,~,~,~,~,~,~,~,~,~,~,~,~,~,~,~,~,~,~,~,~,~,G,G,G,G,G,G,G,G,G,G,G,G,G,G,G,G,G,G,G,G,G,G,G,G,G,G,G,G,G,m,m,m,m,m,m,m,m,m,m,m,m,m,m,m,m,m,m,m,m,m,m,m,m,m,m,m,m,m,m,m,m,m,m,m,m,m,m,m,m,m,m,m,m,m,m,m,m,m,m,m,m,m,m,m,m,m,m,m,m,m,m,m,m,m,m
m,m,m,m,m,m,m,m,m,m,m,m,m,m,m,m,m,m,m,m,m,m,m,m,m,m,m,m,m,m,m,m,m,m,m,m,m,m,m,m,m,m,m,m,m,m,m,m,m,m,m,m,m,m,m,m,G,G,G,G,G,G,G,G,G,G,G,G,G,G,G,G,G,G,G,G,G,G,G,G,G,G,G,G,G,G,G,G,G,G,~,~,~,~,~,~,~,~,~,~,~,~,~,~,~,~,~,~,~,~,~,~,~,~,~,~,~,~,~,~,~,~,~,~,~,~,~,~,~,~,~,~,~,~,~,~,~,~,~,~,~,~,~,~,~,~,~,~,~,~,~,~,~,~,~,~,~,~,~,~,~,~,~,~,~,~,~,~,~,~,~,~,~,~,~,~,~,~,~,~,~,~,~,~,~,~,~,~,~,~,~,~,~,~,~,~,~,~,~,~,~,~,~,~,~,~,~,G,G,G,G,G,G,G,G,G,G,G,G,G,G,G,G,G,G,G,G,G,G,G,G,G,G,G,G,G,G,G,m,m,m,m,m,m,m,m,m,m,m,m,m,m,m,m,m,m,m,m,m,m,m,m,m,m,m,m,m,m,m,m,m,m,m,m,m,m,m,m,m,m,m,m,m,m,m,m,m,m,m,m,m,m,m,m,m,m,m,m,m,m
m,m,m,m,m,m,m,m,m,m,m,m,m,m,m,m,m,m,m,m,m,m,m,m,m,m,m,m,m,m,m,m,m,m,m,m,m,m,m,m,m,m,m,m,m,m,m,m,m,m,m,m,G,G,G,G,G,G,G,G,G,G,G,G,G,G,G,G,G,G,G,G,G,G,G,G,G,G,G,G,G,G,G,G,G,G,G,G,~,~,k,~,~,~,~,~,~,~,~,~,~,~,~,~,~,~,~,~,~,~,~,~,~,~,~,~,~,~,~,~,~,~,~,~,~,~,~,~,~,~,~,~,~,~,~,~,~,~,~,~,~,~,~,~,~,~,~,~,~,~,~,~,~,~,~,~,~,~,~,~,~,~,~,~,~,~,~,~,~,~,~,~,~,~,~,~,~,~,~,~,~,~,~,~,~,~,~,~,~,~,~,~,~,~,~,~,~,~,~,~,~,~,~,~,~,~,~,~,~,G,G,G,G,G,G,G,G,G,G,G,G,G,G,G,G,G,G,G,G,G,G,G,G,G,G,G,G,G,G,G,G,G,G,m,m,m,m,m,m,m,m,m,m,m,m,m,m,m,m,m,m,m,m,m,m,m,m,m,m,m,m,m,m,m,m,m,m,m,m,m,m,m,m,m,m,m,m,m,m,m,m,m,m,m,m,m,m,m,m,m
m,m,m,m,m,m,m,m,m,m,m,m,m,m,m,m,m,m,m,m,m,m,m,m,m,m,m,m,m,m,m,m,m,m,m,m,m,m,m,m,m,m,m,m,m,m,m,G,G,G,G,G,G,G,G,G,G,G,G,G,G,G,G,G,G,G,G,G,G,G,G,G,G,G,G,G,G,G,G,G,G,G,G,G,G,G,~,~,~,~,~,~,~,~,~,~,~,~,~,~,~,~,~,~,~,~,~,~,~,~,~,~,~,~,~,k,~,~,~,~,~,~,~,~,~,~,~,~,~,~,~,~,~,~,~,~,~,~,~,~,~,~,~,~,~,~,~,~,~,~,~,~,k,~,~,~,~,~,~,~,~,~,~,~,~,~,~,~,~,~,~,~,~,~,~,~,~,~,~,~,~,~,~,~,~,~,~,~,~,~,~,~,~,~,~,~,~,~,~,~,~,~,~,~,~,~,~,~,~,~,~,G,G,G,G,G,G,G,G,G,G,G,G,G,G,G,G,G,G,G,G,G,G,G,G,G,G,G,G,G,G,G,G,G,G,G,G,m,m,m,m,m,m,m,m,m,m,m,m,m,m,m,m,m,m,m,m,m,m,m,m,m,m,m,m,m,m,m,m,m,m,m,m,m,m,m,m,m,m,m,m,m,m,m,m,m,m,m,m,m
m,m,m,m,m,m,m,m,m,m,m,m,m,m,m,m,m,m,m,m,m,m,m,m,m,m,m,m,m,m,m,m,m,m,m,m,m,m,m,m,m,m,G,G,G,G,G,G,G,G,G,G,G,G,G,G,G,G,G,G,G,G,G,G,G,G,G,G,G,G,G,G,G,G,G,G,G,G,G,G,G,G,G,G,G,~,~,~,~,~,~,~,~,~,~,~,~,~,~,~,~,~,~,~,~,~,~,~,~,~,~,~,~,~,~,~,~,~,~,~,~,~,~,~,~,~,~,~,~,~,~,~,~,~,~,~,~,~,~,~,~,~,~,~,~,~,~,~,~,~,~,~,~,~,~,~,~,~,~,~,~,~,~,~,~,~,~,~,~,~,~,~,~,~,~,~,~,~,~,~,~,~,~,~,~,~,~,~,~,~,~,~,~,~,~,~,~,~,~,~,~,~,~,~,~,~,~,~,~,~,~,~,G,G,G,G,G,G,G,G,G,G,G,G,G,G,G,G,G,G,G,G,G,G,G,G,G,G,G,G,G,G,G,G,G,G,G,G,G,G,G,G,m,m,m,m,m,m,m,m,m,m,m,m,m,m,m,m,m,m,m,m,m,m,m,m,m,m,m,m,m,m,m,m,m,m,m,m,m,m,m,m,m,m,m,m,m,m,m,m
m,m,m,m,m,m,m,m,m,m,m,m,m,m,m,m,m,m,m,m,m,m,m,m,m,m,m,m,m,m,m,m,m,m,m,m,m,m,m,m,m,m,G,G,G,G,G,G,G,G,G,G,G,G,G,G,G,G,G,G,G,G,G,G,G,G,G,G,G,G,G,G,G,G,G,G,G,G,G,G,G,G,G,~,~,~,~,~,~,~,~,~,~,~,~,~,~,~,~,~,~,~,~,~,~,~,~,~,~,~,~,~,~,~,~,~,~,~,~,~,~,~,~,~,~,~,~,~,~,~,~,~,~,~,~,~,~,~,~,~,~,~,~,~,~,~,~,~,~,~,~,~,k,~,~,~,~,~,~,~,~,~,~,~,~,~,~,~,~,~,~,~,~,~,~,~,~,~,~,~,~,~,~,~,~,~,~,~,~,~,~,~,~,~,~,~,~,~,~,~,~,~,~,~,~,~,~,t,~,~,~,~,~,~,G,G,G,G,G,G,G,G,G,G,G,G,G,G,G,G,G,G,G,G,G,G,G,G,G,G,G,G,G,G,G,G,G,G,G,G,G,G,m,m,m,m,m,m,m,m,m,m,m,m,m,m,m,m,m,m,m,m,m,m,m,m,m,m,m,m,m,m,m,m,m,m,m,m,m,m,m,m,m,m,m,m,m,m,m,m
m,m,m,m,m,m,m,m,m,m,m,m,m,m,m,m,m,m,m,m,m,m,m,m,m,m,m,m,m,m,m,m,m,m,m,m,m,m,m,m,m,G,G,G,G,G,G,G,G,G,G,G,G,G,G,G,G,G,G,G,G,G,G,G,G,G,G,G,G,G,G,G,G,G,G,G,G,G,G,G,G,G,~,~,~,~,~,~,~,~,~,~,~,~,~,~,~,~,~,~,~,~,~,~,~,~,~,~,~,~,~,~,~,~,~,~,~,~,~,~,~,~,~,~,~,~,~,~,~,~,~,~,~,~,~,~,~,~,~,~,~,~,~,~,~,~,~,k,~,~,~,~,~,~,~,~,~,~,~,~,~,~,~,~,~,~,~,~,~,~,~,~,~,~,~,~,~,~,~,~,~,~,~,~,~,~,~,~,~,~,~,~,~,~,~,~,~,~,~,~,~,~,~,~,~,~,~,~,~,~,~,~,~,~,~,G,G,G,G,G,G,G,G,G,G,G,G,G,G,G,G,G,G,G,G,G,G,G,G,G,G,G,G,G,G,G,G,G,G,G,G,G,G,m,m,m,m,m,m,m,m,m,m,m,m,m,m,m,m,m,m,m,m,m,m,m,m,m,m,m,m,m,m,m,m,m,m,m,m,m,m,m,m,m,m,m,m,m,m,m
m,m,m,m,m,m,m,m,m,m,m,m,m,m,m,m,m,m,m,m,m,m,m,m,m,m,m,m,m,m,m,m,m,m,m,m,m,m,m,m,m,G,G,G,G,G,G,G,G,G,G,G,G,G,G,G,G,G,G,G,G,G,G,G,G,G,G,G,G,G,G,G,G,G,G,G,G,G,G,G,G,~,~,~,~,~,~,~,~,~,~,~,~,~,~,~,~,~,~,~,~,~,~,~,~,~,~,~,~,~,~,~,~,~,~,~,~,~,~,~,~,~,~,~,~,~,~,~,~,~,~,~,~,~,~,~,~,~,~,~,~,~,~,~,~,~,~,~,~,~,~,~,~,~,~,~,~,~,~,~,~,~,~,~,~,~,~,~,~,~,~,~,~,~,~,~,~,~,~,~,~,~,~,~,~,~,~,~,~,~,~,~,~,~,~,~,~,~,~,~,~,~,~,~,~,~,~,~,~,~,~,~,~,~,~,~,G,G,G,G,G,G,G,G,G,G,G,G,G,G,G,G,G,G,G,G,G,G,G,G,G,G,G,G,G,G,G,G,G,G,G,G,G,m,m,m,m,m,m,m,m,m,m,m,m,m,m,m,m,m,m,m,m,m,m,m,m,m,m,m,m,m,m,m,m,m,m,m,m,m,m,m,m,m,m,m,m,m,m,m
m,m,m,m,m,m,m,m,m,m,m,m,m,m,m,m,m,m,m,m,m,m,m,m,m,m,m,m,m,m,m,m,m,m,m,m,m,m,m,m,G,G,G,G,G,G,G,G,G,G,G,G,G,G,G,G,G,G,G,G,G,G,G,G,G,G,G,G,G,G,G,G,G,G,G,G,G,G,G,~,~,~,~,~,~,~,~,~,~,~,~,~,~,~,~,~,~,~,~,~,~,~,~,~,~,~,~,~,~,~,~,~,~,~,~,~,~,~,~,~,~,~,~,~,~,~,~,~,~,~,~,~,~,~,~,~,~,~,~,~,~,~,~,~,~,~,~,~,~,~,~,~,~,~,~,~,~,~,~,~,~,~,~,~,~,~,~,~,~,~,~,~,~,~,~,~,~,~,~,~,~,~,~,~,~,~,~,~,~,~,~,~,~,~,~,~,~,~,~,~,~,~,~,~,~,~,~,~,~,~,~,~,~,~,~,~,~,~,G,G,G,G,G,G,G,G,G,G,G,G,G,G,G,G,G,G,G,G,G,G,G,G,G,G,G,G,G,G,G,G,G,G,G,G,m,m,m,m,m,m,m,m,m,m,m,m,m,m,m,m,m,m,m,m,m,m,m,m,m,m,m,m,m,m,m,m,m,m,m,m,m,m,m,m,m,m,m,m,m,m
m,m,m,m,m,m,m,m,m,m,m,m,m,m,m,m,m,m,m,m,m,m,m,m,m,m,m,m,m,m,m,m,m,m,m,m,m,m,m,m,G,G,G,G,G,G,G,G,G,G,G,G,G,G,G,G,G,G,G,G,G,G,G,G,G,G,G,G,G,G,G,G,G,G,G,G,G,G,~,~,~,~,~,~,~,~,~,~,~,~,~,~,~,~,~,~,~,~,~,~,~,~,~,~,~,~,~,~,~,~,~,~,~,~,~,~,~,~,~,~,~,~,~,~,~,~,~,~,~,~,~,~,~,~,~,~,~,~,~,~,~,~,~,~,~,~,~,~,~,~,~,~,~,~,~,~,~,~,~,~,~,~,~,~,~,~,~,~,~,~,~,~,~,~,~,~,~,~,~,~,~,~,~,~,~,~,~,~,~,~,~,~,~,~,~,~,~,~,~,~,~,~,~,~,~,~,~,~,~,~,~,~,~,~,~,~,~,~,~,G,G,G,G,G,G,G,G,G,G,G,G,G,G,G,G,G,G,G,G,G,G,G,G,G,G,G,G,G,G,G,G,G,G,G,m,m,m,m,m,m,m,m,m,m,m,m,m,m,m,m,m,m,m,m,m,m,m,m,m,m,m,m,m,m,m,m,m,m,m,m,m,m,m,m,m,m,m,m,m,m
m,m,m,m,m,m,m,m,m,m,m,m,m,m,m,m,m,m,m,m,m,m,m,m,m,m,m,m,m,m,m,m,m,m,m,m,m,m,m,G,G,G,G,G,G,G,G,G,G,G,G,G,G,G,G,G,G,G,G,G,G,G,G,G,G,G,G,G,G,G,G,G,G,G,G,G,G,~,~,~,~,~,~,~,~,~,~,~,~,~,~,~,~,~,~,~,~,~,~,~,~,~,~,~,~,~,~,~,~,~,~,~,~,~,~,~,~,~,~,~,~,~,~,~,~,~,~,~,~,~,~,~,~,~,~,~,~,~,~,~,~,~,~,~,~,~,~,~,~,~,~,~,~,~,~,~,~,~,~,~,~,~,~,~,~,~,~,~,~,~,~,~,~,~,~,~,~,~,~,~,~,~,~,~,~,~,~,~,~,~,~,~,~,~,~,~,~,~,~,~,~,~,~,~,~,~,~,~,~,~,~,~,~,~,~,~,~,~,~,~,G,G,G,G,G,G,G,G,G,G,G,G,G,G,G,G,G,G,G,G,G,G,G,G,G,G,G,G,G,G,G,G,G,G,G,m,m,m,m,m,m,m,m,m,m,m,m,m,m,m,m,m,m,m,m,m,m,m,m,m,m,m,m,m,m,m,m,m,m,m,m,m,m,m,m,m,m,m,m,m
m,m,m,m,m,m,m,m,m,m,m,m,m,m,m,m,m,m,m,m,m,m,m,m,m,m,m,m,m,m,m,m,m,m,m,m,m,m,G,G,G,G,G,G,G,G,G,G,G,G,G,G,G,G,G,G,G,G,G,G,G,G,G,G,G,G,G,G,G,G,G,G,G,G,G,G,~,~,~,~,~,~,~,~,~,~,~,~,~,~,~,~,~,~,~,~,~,~,~,~,~,~,~,~,~,~,~,~,~,~,~,~,~,~,~,~,~,~,~,~,~,~,~,~,~,~,~,~,~,~,~,~,~,~,~,~,~,~,~,~,~,~,~,~,~,~,~,~,~,~,~,~,~,~,~,~,~,~,~,~,~,~,~,~,~,~,~,~,~,~,~,~,~,~,~,~,~,~,~,~,~,~,~,~,~,~,~,~,~,~,~,~,~,~,~,~,~,~,~,~,~,~,~,~,~,~,~,~,~,~,~,~,~,~,~,~,~,~,~,~,~,G,G,G,G,G,G,G,G,G,G,G,G,G,G,G,G,G,G,G,G,G,G,G,G,G,G,G,G,G,G,G,G,G,G,m,m,m,m,m,m,m,m,m,m,m,m,m,m,m,m,m,m,m,m,m,m,m,m,m,m,m,m,m,m,m,m,m,m,m,m,m,m,m,m,m,m,m,m,m
m,m,m,m,m,m,m,m,m,m,m,m,m,m,m,m,m,m,m,m,m,m,m,m,m,m,m,m,m,m,m,m,m,m,m,m,m,m,G,G,G,G,G,G,G,G,G,G,G,G,G,G,G,G,G,G,G,G,G,G,G,G,G,G,G,G,G,G,G,G,G,G,G,G,G,~,~,~,~,~,~,~,~,~,~,~,~,~,~,~,~,~,~,~,~,~,~,~,~,~,t,~,~,~,~,~,~,~,~,~,~,~,~,~,~,~,~,~,~,~,~,~,~,~,~,~,~,~,~,~,~,~,~,~,~,~,~,~,~,~,~,~,~,~,~,~,~,~,~,~,~,~,~,~,~,~,~,~,~,~,~,~,~,~,~,~,~,~,~,~,~,~,~,~,~,~,~,~,~,~,~,~,~,~,~,~,~,~,~,~,~,~,~,~,~,~,~,~,~,~,~,~,~,~,~,~,~,~,~,~,~,~,~,~,~,~,~,~,~,~,~,~,G,G,G,G,G,G,G,G,G,G,G,G,G,G,G,G,G,G,G,G,G,G,G,G,G,G,G,G,G,G,G,G,G,G,m,m,m,m,m,m,m,m,m,m,m,m,m,m,m,m,m,m,m,m,m,m,m,m,m,m,m,m,m,m,m,m,m,m,m,m,m,m,m,m,m,m,m,m
m,m,m,m,m,m,m,m,m,m,m,m,m,m,m,m,m,m,m,m,m,m,m,m,m,m,m,m,m,m,m,m,m,m,m,m,m,m,G,G,G,G,G,G,G,G,G,G,G,G,G,G,G,G,G,G,G,G,G,G,G,G,G,G,G,G,G,G,G,G,G,G,G,G,~,~,~,~,~,~,~,~,~,~,~,~,~,~,~,~,~,~,~,~,~,~,~,~,~,~,~,~,~,~,~,~,~,~,~,~,~,~,~,~,~,~,~,~,~,~,~,~,~,~,~,~,~,~,~,~,~,~,~,~,~,~,~,~,~,~,~,~,~,~,~,~,~,~,~,~,~,~,k,~,~,~,~,~,~,~,~,~,~,~,~,~,~,~,~,~,~,~,~,~,k,~,~,~,~,~,~,~,~,~,~,~,~,~,~,~,~,~,~,~,~,~,~,~,~,~,~,~,~,~,~,~,~,~,~,~,~,~,~,~,~,~,~,~,~,~,~,~,~,G,G,G,G,G,G,G,G,G,G,G,G,G,G,G,G,G,G,G,G,G,G,G,G,G,G,G,G,G,G,G,G,G,m,m,m,m,m,m,m,m,m,m,m,m,m,m,m,m,m,m,m,m,m,m,m,m,m,m,m,m,m,m,m,m,m,m,m,m,m,m,m,m,m,m,m,m
m,m,m,m,m,m,m,m,m,m,m,m,m,m,m,m,m,m,m,m,m,m,m,m,m,m,m,m,m,m,m,m,m,m,m,m,m,m,G,G,G,G,G,G,G,G,G,G,G,G,G,G,G,G,G,G,G,G,G,G,G,G,G,G,G,G,G,G,G,G,G,G,G,~,~,~,~,~,~,~,~,~,~,~,~,~,~,~,~,~,~,~,~,~,~,~,~,~,~,~,~,~,~,~,~,~,~,~,~,~,~,~,~,~,~,~,~,~,~,~,~,~,~,~,~,~,~,~,~,~,~,~,~,~,~,~,~,~,~,~,~,~,~,~,~,~,~,~,~,~,~,~,~,~,~,~,~,~,~,~,~,~,~,~,~,~,~,~,~,~,~,~,~,~,~,~,~,~,~,~,~,~,~,~,~,~,~,~,~,~,~,~,~,~,~,~,~,~,~,~,~,~,~,~,~,~,~,~,~,~,~,~,~,~,~,~,~,~,~,~,~,~,~,~,G,G,G,G,G,G,G,G,G,G,G,G,G,G,G,G,G,G,G,G,G,G,G,G,G,G,G,G,G,G,G,G,G,m,m,m,m,m,m,m,m,m,m,m,m,m,m,m,m,m,m,m,m,m,m,m,m,m,m,m,m,m,m,m,m,m,m,m,m,m,m,m,m,m,m,m
m,m,m,m,m,m,m,m,m,m,m,m,m,m,m,m,m,m,m,m,m,m,m,m,m,m,m,m,m,m,m,m,m,m,m,m,m,G,G,G,G,G,G,G,G,G,G,G,G,G,G,G,G,G,G,G,G,G,G,G,G,G,G,G,G,G,G,G,G,G,G,G,~,~,~,~,~,~,~,~,~,~,~,~,~,~,~,~,~,~,~,~,~,~,~,~,~,~,~,~,~,~,~,~,~,~,~,~,~,~,~,~,~,~,~,~,~,~,~,~,~,~,~,~,~,~,~,~,~,~,~,~,~,~,~,~,~,~,~,~,~,~,~,~,~,~,~,~,~,~,~,~,~,~,~,~,~,~,~,~,~,~,~,~,~,~,~,~,~,~,~,~,~,~,~,~,~,~,~,~,~,~,~,~,~,~,~,~,~,~,~,~,~,~,~,~,~,~,~,~,~,~,~,~,~,~,~,~,~,~,~,~,~,~,~,~,~,~,~,~,~,~,~,~,~,G,G,G,G,G,G,G,G,G,G,G,G,G,G,G,G,G,G,G,G,G,G,G,G,G,G,G,G,G,G,G,G,G,m,m,m,m,m,m,m,m,m,m,m,m,m,m,m,m,m,m,m,m,m,m,m,m,m,m,m,m,m,m,m,m,m,m,m,m,m,m,m,m,m,m
m,m,m,m,m,m,m,m,m,m,m,m,m,m,m,m,m,m,m,m,m,m,m,m,m,m,m,m,m,m,m,m,m,m,m,m,m,G,G,G,G,G,G,G,G,G,G,G,G,G,G,G,G,G,G,G,G,G,G,G,G,G,G,G,G,G,G,G,G,G,G,~,~,~,~,~,~,~,~,k,~,~,~,~,~,~,~,~,~,~,~,~,~,~,~,~,~,~,~,~,~,~,~,~,~,~,~,~,~,~,~,~,~,~,~,~,~,~,~,~,~,~,~,~,~,~,~,~,~,~,k,~,~,~,~,~,~,~,~,~,~,~,~,~,~,~,~,~,~,~,~,~,~,~,~,~,~,~,~,~,~,~,~,~,~,~,~,~,~,~,~,~,~,~,~,~,~,~,~,~,~,~,~,~,~,~,~,~,~,~,~,~,~,~,~,~,~,~,~,~,~,~,~,~,~,~,~,~,~,~,~,~,~,~,~,~,~,~,~,~,~,~,~,~,~,~,G,G,G,G,G,G,G,G,G,G,G,G,G,G,G,G,G,G,G,G,G,G,G,G,G,G,G,G,G,G,G,G,m,m,m,m,m,m,m,m,m,m,m,m,m,m,m,m,m,m,m,m,m,m,m,m,m,m,m,m,m,m,m,m,m,m,m,m,m,m,m,m,m,m
m,m,m,m,m,m,m,m,m,m,m,m,m,m,m,m,m,m,m,m,m,m,m,m,m,m,m,m,m,m,m,m,m,m,m,m,m,G,G,G,G,G,G,G,G,G,G,G,G,G,G,G,G,G,G,G,G,G,G,G,G,G,G,G,G,G,G,G,G,G,~,~,~,~,~,~,~,~,~,~,~,~,~,~,~,~,~,~,~,~,~,~,~,~,~,~,~,~,~,~,~,~,~,~,~,~,~,~,~,~,~,~,~,~,~,~,~,~,~,~,~,~,~,~,~,~,~,~,~,~,~,~,~,~,t,~,~,~,~,~,~,~,~,~,~,~,~,~,t,~,~,~,~,~,~,~,~,~,~,~,~,~,~,~,~,~,~,~,~,~,~,~,~,~,~,~,~,~,~,~,~,~,~,~,~,~,~,~,~,~,~,~,~,~,~,~,~,~,~,~,~,~,~,~,~,~,~,~,~,~,~,~,~,~,~,~,~,~,~,~,~,~,~,~,~,~,~,G,G,G,G,G,G,G,G,G,G,G,G,G,G,G,G,G,G,G,G,G,G,G,G,G,G,G,G,G,G,G,G,G,m,m,m,m,m,m,m,m,m,m,m,m,m,m,m,m,m,m,m,m,m,m,m,m,m,m,m,m,m,m,m,m,m,m,m,m,m,m,m,m
m,m,m,m,m,m,m,m,m,m,m,m,m,m,m,m,m,m,m,m,m,m,m,m,m,m,m,m,m,m,m,m,m,m,m,m,G,G,G,G,G,G,G,G,G,G,G,G,G,G,G,G,G,G,G,G,G,G,G,G,G,G,G,G,G,G,G,G,G,~,~,~,~,~,~,~,~,~,~,~,~,~,~,~,~,~,~,~,~,~,~,~,~,~,~,~,~,~,~,~,~,~,~,~,~,~,~,~,~,~,~,~,~,~,~,~,~,~,~,~,~,~,~,~,~,~,~,~,~,~,~,~,~,~,~,~,~,~,~,~,~,~,k,~,~,~,~,~,~,~,~,~,~,~,~,~,~,~,~,~,~,~,t,~,~,~,~,~,~,~,~,~,~,~,~,~,~,~,~,~,~,~,~,~,~,~,~,~,~,~,~,~,~,~,~,~,~,~,~,~,~,~,~,~,~,~,~,~,~,~,~,~,~,~,~,~,~,~,~,~,~,~,~,~,~,~,~,~,G,G,G,G,G,G,G,G,G,G,G,G,G,G,G,G,G,G,G,G,G,G,G,G,G,G,G,G,G,G,G,G,m,m,m,m,m,m,m,m,m,m,m,m,m,m,m,m,m,m,m,m,m,m,m,m,m,m,m,m,m,m,m,m,m,m,m,m,m,m,m,m
m,m,m,m,m,m,m,m,m,m,m,m,m,m,m,m,m,m,m,m,m,m,m,m,m,m,m,m,m,m,m,m,m,m,m,m,G,G,G,G,G,G,G,G,G,G,G,G,G,G,G,G,G,G,G,G,G,G,G,G,G,G,G,G,G,G,G,G,G,~,~,t,~,~,~,~,~,~,~,~,~,~,~,~,~,~,~,~,~,~,~,~,~,~,~,~,~,~,~,~,~,~,~,~,~,~,~,~,~,~,~,~,~,~,~,~,~,~,~,~,~,~,~,~,~,~,~,~,~,~,~,~,~,~,~,~,~,~,~,~,~,~,~,~,~,~,~,~,~,~,~,~,~,~,~,~,~,k,~,~,~,~,~,~,~,~,~,~,~,~,~,k,~,~,~,~,~,~,~,~,~,~,~,~,~,t,~,~,~,~,~,~,~,~,~,~,~,~,~,~,~,~,~,~,~,~,~,~,~,~,~,~,~,~,~,~,~,~,~,~,~,~,~,~,~,~,~,~,G,G,G,G,G,G,G,G,G,G,G,G,G,G,G,G,G,G,G,G,G,G,G,G,G,G,G,G,G,G,G,G,G,m,m,m,m,m,m,m,m,m,m,m,m,m,m,m,m,m,m,m,m,m,m,m,m,m,m,m,m,m,m,m,m,m,m,m,m,m,m,m
m,m,m,m,m,m,m,m,m,m,m,m,m,m,m,m,m,m,m,m,m,m,m,m,m,m,m,m,m,m,m,m,m,m,m,G,G,G,G,G,G,G,G,G,G,G,G,G,G,G,G,G,G,G,G,G,G,G,G,G,G,G,G,G,G,G,G,G,~,~,~,k,~,~,~,~,~,~,~,~,~,~,~,~,~,~,~,~,~,~,~,~,~,~,~,~,~,~,~,~,~,~,~,~,~,~,~,~,~,~,~,~,~,~,~,~,~,~,~,~,~,~,~,~,~,~,~,~,~,~,~,~,~,~,~,~,~,~,~,~,~,~,~,~,~,~,~,~,~,~,~,~,~,~,~,~,~,~,~,~,~,~,~,~,~,~,~,~,~,~,~,~,~,~,~,~,~,~,~,k,~,~,~,~,~,~,~,~,~,~,~,~,~,~,~,~,~,~,~,~,~,~,~,~,~,~,~,~,~,~,~,~,~,~,~,~,~,~,~,~,~,~,~,~,~,~,~,~,~,G,G,G,G,G,G,G,G,G,G,G,G,G,G,G,G,G,G,G,G,G,G,G,G,G,G,G,G,G,G,G,G,m,m,m,m,m,m,m,m,m,m,m,m,m,m,m,m,m,m,m,m,m,m,m,m,m,m,m,m,m,m,m,m,m,m,m,m,m,m,m
m,m,m,m,m,m,m,m,m,m,m,m,m,m,m,m,m,m,m,m,m,m,m,m,m,m,m,m,m,m,m,m,m,m,G,G,G,G,G,G,G,G,G,G,G,G,G,G,G,G,G,G,G,G,G,G,G,G,G,G,G,G,G,G,G,G,G,~,~,~,~,~,~,~,~,~,~,~,~,~,t,~,~,~,~,~,~,~,~,~,~,~,~,~,~,~,~,~,~,~,~,~,~,~,~,~,~,~,~,~,~,~,~,~,~,~,~,~,~,~,~,~,~,~,~,~,~,~,~,k,~,~,~,~,~,~,~,~,~,~,~,~,~,~,~,~,~,~,~,~,~,~,~,~,~,~,~,~,~,~,~,~,~,~,~,~,~,~,~,~,~,~,~,~,~,~,~,~,~,~,~,~,~,~,~,~,~,~,~,~,~,~,~,~,~,~,~,~,~,~,~,~,~,~,~,~,~,~,~,~,~,~,~,~,~,~,~,~,~,~,~,~,~,~,~,~,~,~,~,~,G,G,G,G,G,G,G,G,G,G,G,G,G,G,G,G,G,G,G,G,G,G,G,G,G,G,G,G,G,G,G,G,m,m,m,m,m,m,m,m,m,m,m,m,m,m,m,m,m,m,m,m,m,m,m,m,m,m,m,m,m,m,m,m,m,m,m,m,m,m
m,m,m,m,m,m,m,m,m,m,m,m,m,m,m,m,m,m,m,m,m,m,m,m,m,m,m,m,m,m,m,m,m,m,m,G,G,G,G,G,G,G,G,G,G,G,G,G,G,G,G,G,G,G,G,G,G,G,G,G,G,G,G,G,G,G,G,~,~,k,~,~,~,~,~,~,~,~,~,~,~,~,~,~,~,~,~,~,~,~,~,~,~,~,~,~,~,~,~,~,~,~,~,~,~,~,~,~,~,~,~,~,~,~,~,~,~,~,~,~,~,~,~,~,~,~,~,~,~,~,~,~,~,~,~,~,~,~,~,~,~,~,~,~,~,~,~,~,~,~,~,~,~,~,~,~,~,~,k,~,~,~,~,~,~,~,~,~,~,~,~,~,~,~,~,~,~,~,~,~,~,~,~,~,~,~,~,~,~,~,~,~,~,~,~,~,~,~,~,~,~,~,~,~,~,~,~,~,~,~,~,~,~,~,~,~,~,~,~,~,~,~,~,~,~,~,~,~,~,~,G,G,G,G,G,G,G,G,G,G,G,G,G,G,G,G,G,G,G,G,G,G,G,G,G,G,G,G,G,G,G,G,G,m,m,m,m,m,m,m,m,m,m,m,m,m,m,m,m,m,m,m,m,m,m,m,m,m,m,m,m,m,m,m,m,m,m,m,m,m
m,m,m,m,m,m,m,m,m,m,m,m,m,m,m,m,m,m,m,m,m,m,m,m,m,m,m,m,m,m,m,m,m,m,G,G,G,G,G,G,G,G,G,G,G,G,G,G,G,G,G,G,G,G,G,G,G,G,G,G,G,G,G,G,G,G,~,~,~,~,~,~,~,~,~,~,~,~,~,~,~,~,~,~,~,~,~,~,~,~,~,~,~,~,~,~,~,~,~,~,~,~,~,~,k,~,~,~,~,~,~,~,~,~,~,~,~,~,~,~,~,~,~,~,~,~,~,~,~,~,~,~,~,~,~,~,~,~,~,~,~,~,~,~,~,~,~,~,~,~,~,~,~,~,~,~,~,~,~,~,~,~,~,~,~,~,~,~,~,~,~,~,~,~,~,~,t,~,~,~,~,~,~,~,~,~,~,~,~,~,~,~,~,~,~,~,~,~,~,~,~,~,~,~,~,~,~,~,~,~,~,~,~,~,~,~,~,~,~,~,~,~,~,~,~,k,~,~,~,~,~,G,G,G,G,G,G,G,G,G,G,G,G,G,G,G,G,G,G,G,G,G,G,G,G,G,G,G,G,G,G,G,G,G,m,m,m,m,m,m,m,m,m,m,m,m,m,m,m,m,m,m,m,m,m,m,m,m,m,m,m,m,m,m,m,m,m,m,m,m
m,m,m,m,m,m,m,m,m,m,m,m,m,m,m,m,m,m,m,m,m,m,m,m,m,m,m,m,m,m,m,m,m,m,G,G,G,G,G,G,G,G,G,G,G,G,G,G,G,G,G,G,G,G,G,G,G,G,G,G,G,G,G,G,G,~,~,~,k,~,~,~,~,~,~,~,~,~,~,~,~,~,~,~,~,~,~,~,~,~,~,~,~,~,~,~,~,~,~,~,~,~,~,~,~,~,~,~,~,~,~,~,~,~,~,~,~,~,~,~,~,~,~,~,~,~,~,~,~,~,~,~,~,~,~,~,~,~,~,~,~,~,~,~,~,~,~,~,W,~,~,~,~,~,~,~,~,~,~,~,~,~,~,~,~,~,~,~,~,~,~,~,~,~,~,~,~,~,~,~,~,~,~,~,~,~,~,~,~,~,~,~,~,~,~,~,~,~,~,~,~,~,~,~,~,~,~,~,~,~,~,~,~,~,~,~,~,~,~,~,~,~,~,~,~,~,~,~,~,~,~,~,G,G,G,G,G,G,G,G,G,G,G,G,G,G,G,G,G,G,G,G,G,G,G,G,G,G,G,G,G,G,G,G,G,m,m,m,m,m,m,m,m,m,m,m,m,m,m,m,m,m,m,m,m,m,m,m,m,m,m,m,m,m,m,m,m,m,m,m
m,m,m,m,m,m,m,m,m,m,m,m,m,m,m,m,m,m,m,m,m,m,m,m,m,m,m,m,m,m,m,m,m,G,G,G,G,G,G,G,G,G,G,G,G,G,G,G,G,G,G,G,G,G,G,G,G,G,G,G,G,G,G,G,G,~,~,~,~,~,~,~,~,~,~,~,~,~,~,~,~,~,~,~,k,~,~,~,k,~,k,~,~,~,~,~,~,~,~,~,~,~,~,~,~,~,~,~,~,~,~,~,~,~,~,~,~,~,~,~,~,~,~,~,~,~,~,~,~,~,~,~,~,~,~,~,~,~,~,~,~,~,~,~,~,~,W,W,W,W,W,~,k,~,~,~,~,~,~,~,~,~,~,~,~,~,~,~,~,~,~,~,~,~,~,~,~,~,~,~,~,~,~,~,t,~,~,~,~,~,~,~,~,~,~,~,~,~,~,~,~,~,~,~,t,~,~,~,~,~,~,~,~,~,~,~,~,~,~,~,~,~,~,~,~,~,~,~,~,~,~,~,G,G,G,G,G,G,G,G,G,G,G,G,G,G,G,G,G,G,G,G,G,G,G,G,G,G,G,G,G,G,G,G,G,m,m,m,m,m,m,m,m,m,m,m,m,m,m,m,m,m,m,m,m,m,m,m,m,m,m,m,m,m,m,m,m,m,m,m
m,m,m,m,m,m,m,m,m,m,m,m,m,m,m,m,m,m,m,m,m,m,m,m,m,m,m,m,m,m,m,m,m,m,G,G,G,G,G,G,G,G,G,G,G,G,G,G,G,G,G,G,G,G,G,G,G,G,G,G,G,G,G,G,~,~,~,~,~,~,~,k,~,~,~,~,~,~,~,~,~,~,~,~,~,~,~,~,~,~,~,~,~,~,~,~,~,~,~,~,~,~,~,~,~,~,~,~,~,~,~,~,~,~,~,~,~,~,~,~,~,~,~,~,~,~,~,~,~,~,~,~,~,~,~,~,~,~,~,~,~,~,~,~,~,~,W,W,W,W,W,~,~,~,~,~,~,~,~,~,~,~,~,~,~,~,t,~,~,~,~,~,~,~,~,~,~,~,~,~,~,~,~,~,~,~,~,~,~,~,~,~,~,~,~,~,~,~,~,~,~,~,~,~,~,~,~,~,~,~,~,~,~,~,~,~,~,~,~,~,~,~,~,~,~,~,~,~,~,~,~,~,~,G,G,G,G,G,G,G,G,G,G,G,G,G,G,G,G,G,G,G,G,G,G,G,G,G,G,G,G,G,G,G,G,G,m,m,m,m,m,m,m,m,m,m,m,m,m,m,m,m,m,m,m,m,m,m,m,m,m,m,m,m,m,m,m,m,m,m
m,m,m,m,m,m,m,m,m,m,m,m,m,m,m,m,m,m,m,m,m,m,m,m,m,m,m,m,m,m,m,m,m,G,G,G,G,G,G,G,G,G,G,G,G,G,G,G,G,G,G,G,G,G,G,G,G,G,G,G,G,G,G,G,~,~,~,~,~,~,~,~,~,~,~,~,~,~,~,~,~,~,~,~,~,~,~,~,~,~,~,~,~,~,k,~,~,~,~,~,~,~,~,~,~,~,~,~,~,~,~,~,~,~,~,~,~,~,~,~,~,~,~,~,~,~,~,~,~,~,~,~,~,~,~,~,~,~,~,~,~,~,~,~,~,W,W,W,W,W,W,W,~,~,~,~,~,~,~,~,~,~,~,~,~,~,~,~,~,~,~,~,~,~,~,~,~,~,~,~,~,~,~,~,~,~,~,~,t,~,~,~,~,~,~,~,~,~,~,~,~,~,~,~,~,~,~,~,~,~,~,~,~,~,~,~,~,~,~,~,~,~,~,~,~,~,~,~,~,~,~,~,~,G,G,G,G,G,G,G,G,G,G,G,G,G,G,G,G,G,G,G,G,G,G,G,G,G,G,G,G,G,G,G,G,G,m,m,m,m,m,m,m,m,m,m,m,m,m,m,m,m,m,m,m,m,m,m,m,m,m,m,m,m,m,m,m,m,m,m
m,m,m,m,m,m,m,m,m,m,m,m,m,m,m,m,m,m,m,m,m,m,m,m,m,m,m,m,m,m,m,m,G,G,G,G,G,G,G,G,G,G,G,G,G,G,G,G,G,G,G,G,G,G,G,G,G,G,G,G,G,G,G,~,~,~,~,~,~,~,~,~,~,~,~,~,~,~,~,~,~,~,~,~,~,~,~,~,~,~,~,~,~,~,~,t,~,~,~,~,~,~,~,~,~,~,~,~,~,~,~,~,~,~,~,k,~,~,~,~,~,~,~,~,~,~,~,~,~,~,~,~,~,~,~,~,~,~,~,~,~,~,~,~,~,~,W,W,W,W,W,~,~,~,~,~,~,~,~,~,~,~,~,~,~,~,~,~,~,~,~,~,~,~,~,~,~,~,~,~,~,~,~,~,~,~,~,~,~,~,~,~,~,~,~,~,~,~,~,~,~,~,~,~,~,~,~,~,~,~,~,~,~,~,~,~,~,~,~,~,~,~,~,~,~,~,~,~,~,~,~,~,~,~,G,G,G,G,G,G,G,G,G,G,G,G,G,G,G,G,G,G,G,G,G,G,G,G,G,G,G,G,G,G,G,G,G,m,m,m,m,m,m,m,m,m,m,m,m,m,m,m,m,m,m,m,m,m,m,m,m,m,m,m,m,m,m,m,m,m
m,m,m,m,m,m,m,m,m,m,m,m,m,m,m,m,m,m,m,m,m,m,m,m,m,m,m,m,m,m,m,m,G,G,G,G,G,G,G,G,G,G,G,G,G,G,G,G,G,G,G,G,G,G,G,G,G,G,G,G,G,G,G,~,~,~,~,~,~,~,~,~,~,~,~,~,~,~,~,~,~,~,~,~,~,~,~,~,~,~,~,~,~,~,~,~,~,~,~,~,~,~,~,~,~,~,~,~,~,~,~,~,~,~,~,~,~,~,~,~,~,~,~,~,~,~,~,~,~,~,~,~,~,~,~,~,~,~,~,~,~,~,~,~,~,~,W,W,W,W,W,~,~,~,~,~,~,~,~,~,~,~,~,~,~,~,~,~,~,~,~,~,~,~,~,~,~,~,~,~,~,~,~,~,~,~,~,~,~,~,~,~,~,~,~,~,~,~,~,~,~,~,~,~,~,~,~,~,~,~,~,~,~,~,~,~,~,~,~,~,~,~,~,~,~,~,~,~,~,~,~,~,~,~,G,G,G,G,G,G,G,G,G,G,G,G,G,G,G,G,G,G,G,G,G,G,G,G,G,G,G,G,G,G,G,G,G,G,m,m,m,m,m,m,m,m,m,m,m,m,m,m,m,m,m,m,m,m,m,m,m,m,m,m,m,m,m,m,m,m
m,m,m,m,m,m,m,m,m,m,m,m,m,m,m,m,m,m,m,m,m,m,m,m,m,m,m,m,m,m,m,G,G,G,G,G,G,G,G,G,G,G,G,G,G,G,G,G,G,G,G,G,G,G,G,G,G,G,G,G,G,G,G,~,~,~,~,~,~,~,~,~,~,~,~,~,~,~,~,~,~,~,~,~,~,~,~,~,~,~,~,~,~,~,~,~,~,~,~,~,~,~,~,~,~,~,~,~,~,~,~,~,~,~,~,~,~,~,~,~,~,~,~,~,~,~,~,~,k,~,~,~,~,~,~,~,~,~,~,~,~,~,~,~,~,~,~,~,W,~,~,~,~,~,~,~,~,~,~,~,~,~,~,~,~,~,~,~,~,~,~,~,~,~,~,~,~,~,~,~,~,~,~,~,k,~,~,~,~,~,~,~,~,~,~,~,~,~,~,~,~,~,~,~,~,~,~,~,~,~,~,~,~,~,~,~,~,~,~,~,~,~,~,~,~,~,~,~,~,~,~,~,~,~,G,G,G,G,G,G,G,G,G,G,G,G,G,G,G,G,G,G,G,G,G,G,G,G,G,G,G,G,G,G,G,G,G,G,G,m,m,m,m,m,m,m,m,m,m,m,m,m,m,m,m,m,m,m,m,m,m,m,m,m,m,m,m,m,m,m
m,m,m,m,m,m,m,m,m,m,m,m,m,m,m,m,m,m,m,m,m,m,m,m,m,m,m,m,m,m,m,G,G,G,G,G,G,G,G,G,G,G,G,G,G,G,G,G,G,G,G,G,G,G,G,G,G,G,G,G,G,G,~,~,~,~,~,~,~,~,~,~,~,~,~,~,~,~,~,~,~,~,~,~,~,~,~,~,~,~,~,~,~,~,~,~,~,~,~,~,~,~,~,~,~,~,~,~,~,~,~,~,~,~,~,~,~,~,~,~,~,~,~,~,~,~,~,~,~,~,~,~,~,~,~,~,~,~,~,~,~,~,~,~,~,~,~,~,k,~,~,~,~,~,~,~,~,~,~,~,~,~,~,~,~,~,~,~,~,~,~,~,~,~,~,~,~,~,~,~,~,~,~,~,~,~,~,~,~,~,~,~,~,~,~,~,~,~,~,~,~,~,~,~,~,~,~,~,~,~,~,~,~,~,~,~,~,~,~,~,~,~,~,~,~,~,~,~,~,~,~,~,~,~,~,G,G,G,G,G,G,G,G,G,G,G,G,G,G,G,G,G,G,G,G,G,G,G,G,G,G,G,G,G,G,G,G,G,G,m,m,m,m,m,m,m,m,m,m,m,m,m,m,m,m,m,m,m,m,m,m,m,m,m,m,m,m,m,m,m
m,m,m,m,m,m,m,m,m,m,m,m,m,m,m,m,m,m,m,m,m,m,m,m,m,m,m,m,m,m,G,G,G,G,G,G,G,G,G,G,G,G,G,G,G,G,G,G,G,G,G,G,G,G,G,G,G,G,G,G,G,G,~,~,~,~,~,~,~,~,~,~,~,k,~,~,~,~,~,~,~,~,~,~,~,~,~,~,~,~,~,~,~,~,~,~,~,~,~,~,~,~,~,~,~,~,~,~,~,~,~,~,~,~,~,~,k,~,~,~,~,~,~,~,~,~,~,~,~,~,~,~,~,~,~,~,~,~,~,~,~,~,~,~,~,~,~,~,~,~,~,~,~,~,~,~,~,~,~,~,~,~,~,~,~,~,~,~,~,~,~,~,~,~,~,~,~,~,~,~,~,~,~,~,~,~,~,~,~,~,~,~,~,~,~,~,~,~,~,~,~,~,~,~,~,~,~,~,~,~,~,~,~,~,~,~,~,~,~,~,~,~,~,~,~,~,~,~,~,~,~,~,~,~,~,G,G,G,G,G,G,G,G,G,G,G,G,G,G,G,G,G,G,G,G,G,G,G,G,G,G,G,G,G,G,G,G,G,G,G,m,m,m,m,m,m,m,m,m,m,m,m,m,m,m,m,m,m,m,m,m,m,m,m,m,m,m,m,m,m
m,m,m,m,m,m,m,m,m,m,m,m,m,m,m,m,m,m,m,m,m,m,m,m,m,m,m,m,m,G,G,G,G,G,G,G,G,G,G,G,G,G,G,G,G,G,G,G,G,G,G,G,G,G,G,G,G,G,G,G,G,G,~,~,~,~,~,~,~,k,~,~,~,~,~,~,~,~,~,~,~,~,~,~,~,~,~,~,~,~,~,~,~,~,~,~,~,~,~,~,~,~,~,~,~,~,~,~,~,~,~,~,~,~,~,~,~,~,~,~,~,~,~,~,~,~,~,~,~,~,~,~,~,~,~,~,~,~,~,~,~,~,~,~,~,~,~,~,~,~,~,~,~,~,~,~,~,~,~,~,~,~,~,~,~,~,~,~,~,~,~,~,~,~,~,~,~,~,~,~,k,~,~,~,~,~,~,~,~,~,~,~,~,~,~,~,~,~,~,~,~,~,~,~,~,~,~,~,~,~,~,~,~,~,~,~,~,~,~,~,~,~,~,~,~,~,~,~,~,~,~,~,~,~,~,G,G,G,G,G,G,G,G,G,G,G,G,G,G,G,G,G,G,G,G,G,G,G,G,G,G,G,G,G,G,G,G,G,G,G,m,m,m,m,m,m,m,m,m,m,m,m,m,m,m,m,m,m,m,m,m,m,m,m,m,m,m,m,m,m
m,m,m,m,m,m,m,m,m,m,m,m,m,m,m,m,m,m,m,m,m,m,m,m,m,m,m,m,m,G,G,G,G,G,G,G,G,G,G,G,G,G,G,G,G,G,G,G,G,G,G,G,G,G,G,G,G,G,G,G,G,~,~,~,~,~,~,~,~,~,~,~,~,~,~,~,~,~,~,~,~,~,~,~,~,~,~,~,~,~,~,~,~,~,~,~,~,~,~,~,~,~,~,~,~,~,~,~,~,~,~,~,~,~,~,~,~,~,~,~,~,~,~,~,~,~,k,~,~,~,~,~,~,~,~,~,~,~,~,~,~,~,~,~,~,~,~,~,~,~,~,~,~,~,~,~,~,~,~,~,~,~,~,~,~,~,~,~,~,~,~,~,~,~,~,~,~,~,~,~,~,~,~,~,~,~,~,~,~,~,~,~,~,~,~,~,~,~,~,~,~,~,~,~,~,~,~,~,~,~,~,~,~,~,k,~,~,~,~,~,~,~,~,~,~,~,~,~,~,~,~,~,~,~,~,~,G,G,G,G,G,G,G,G,G,G,G,G,G,G,G,G,G,G,G,G,G,G,G,G,G,G,G,G,G,G,G,G,G,G,G,G,m,m,m,m,m,m,m,m,m,m,m,m,m,m,m,m,m,m,m,m,m,m,m,m,m,m,m,m
m,m,m,m,m,m,m,m,m,m,m,m,m,m,m,m,m,m,m,m,m,m,m,m,m,m,m,m,G,G,G,G,G,G,G,G,G,G,G,G,G,G,G,G,G,G,G,G,G,G,G,G,G,G,G,G,G,G,G,G,G,~,~,~,~,~,~,~,~,~,~,~,~,~,~,~,~,~,~,~,~,~,~,k,~,~,~,~,~,~,~,~,~,~,~,~,~,~,~,~,~,~,~,~,~,~,~,~,~,~,~,~,~,~,~,~,~,~,~,~,~,~,~,~,~,~,~,~,~,~,~,~,~,~,~,~,~,~,~,~,~,~,~,~,~,~,~,~,~,~,~,~,k,~,~,~,~,~,~,~,~,~,~,~,~,~,~,~,~,~,~,~,~,~,~,~,~,~,~,~,~,~,~,~,~,~,~,~,~,~,~,~,~,~,~,~,~,~,~,~,~,~,~,~,~,~,~,~,~,~,~,~,~,~,~,~,~,~,~,~,~,~,~,~,~,~,~,~,~,~,~,~,~,~,~,~,G,G,G,G,G,G,G,G,G,G,G,G,G,G,G,G,G,G,G,G,G,G,G,G,G,G,G,G,G,G,G,G,G,G,G,G,G,m,m,m,m,m,m,m,m,m,m,m,m,m,m,m,m,m,m,m,m,m,m,m,m,m,m,m
m,m,m,m,m,m,m,m,m,m,m,m,m,m,m,m,m,m,m,m,m,m,m,m,m,m,m,m,G,G,G,G,G,G,G,G,G,G,G,G,G,G,G,G,G,G,G,G,G,G,G,G,G,G,G,G,G,G,G,G,G,~,~,~,~,~,~,~,~,~,~,~,~,~,~,~,~,~,~,~,~,~,~,~,~,~,~,~,~,~,~,~,~,~,~,~,~,~,~,~,~,~,~,~,~,~,~,~,~,~,~,~,~,~,~,~,~,~,~,~,~,~,~,~,~,~,~,~,~,~,~,~,~,~,~,t,~,~,~,~,~,~,~,~,~,~,~,~,~,~,~,~,~,~,~,~,~,~,~,~,~,~,~,~,~,~,~,~,~,~,~,~,~,~,~,~,~,~,~,~,~,~,~,~,~,~,~,~,~,~,~,~,~,~,~,~,~,~,~,~,~,~,~,~,~,~,~,~,~,~,~,~,~,~,~,~,~,~,~,~,~,~,~,~,~,~,~,~,~,~,~,~,~,~,~,~,G,G,G,G,G,G,G,G,G,G,G,G,G,G,G,G,G,G,G,G,G,G,G,G,G,G,G,G,G,G,G,G,G,G,G,G,G,m,m,m,m,m,m,m,m,m,m,m,m,m,m,m,m,m,m,m,m,m,m,m,m,m,m,m
m,m,m,m,m,m,m,m,m,m,m,m,m,m,m,m,m,m,m,m,m,m,m,m,m,m,m,G,G,G,G,G,G,G,G,G,G,G,G,G,G,G,G,G,G,G,G,G,G,G,G,G,G,G,G,G,G,G,G,G,G,~,~,~,~,~,~,~,~,~,~,~,~,~,~,~,~,~,~,~,~,~,~,~,~,~,~,~,~,~,~,~,~,~,~,~,~,~,~,~,~,~,~,~,~,~,~,~,~,~,~,~,~,~,~,~,~,~,~,~,~,~,~,~,~,~,~,~,~,~,~,t,~,~,~,~,~,~,~,~,~,~,~,~,~,~,~,~,~,~,~,~,~,~,~,~,~,~,~,~,~,~,~,~,~,~,~,~,~,~,~,~,~,~,~,~,~,~,~,~,~,~,~,~,~,~,~,~,~,~,~,~,~,~,~,~,~,~,t,~,~,~,~,~,~,~,~,~,~,~,~,~,~,~,~,~,~,~,~,~,~,~,~,~,~,~,~,~,~,~,~,~,~,~,~,~,G,G,G,G,G,G,G,G,G,G,G,G,G,G,G,G,G,G,G,G,G,G,G,G,G,G,G,G,G,G,G,G,G,G,G,G,G,G,m,m,m,m,m,m,m,m,m,m,m,m,m,m,m,m,m,m,m,m,m,m,m,m,m,m
m,m,m,m,m,m,m,m,m,m,m,m,m,m,m,m,m,m,m,m,m,m,m,m,m,m,G,G,G,G,G,G,G,G,G,G,G,G,G,G,G,G,G,G,G,G,G,G,G,G,G,G,G,G,G,G,G,G,G,G,G,~,~,~,~,~,~,~,~,~,~,~,~,~,~,~,~,~,~,~,~,~,~,~,~,~,~,~,~,~,~,~,~,~,~,~,k,~,~,~,~,~,~,~,~,~,~,~,~,~,~,~,~,~,~,~,~,~,~,~,~,~,~,~,~,~,~,~,~,~,~,~,~,~,~,~,~,~,~,~,~,~,~,~,~,~,~,~,~,~,~,~,~,~,~,~,~,~,~,~,~,~,~,~,~,~,~,~,~,~,~,~,~,~,~,~,~,~,~,~,~,~,~,~,~,~,~,~,~,~,~,~,~,~,~,~,~,~,~,~,~,~,k,~,~,~,~,~,~,~,~,~,~,~,~,~,~,~,~,~,~,~,~,~,~,~,~,~,~,~,~,~,~,~,~,~,G,G,G,G,G,G,G,G,G,G,G,G,G,G,G,G,G,G,G,G,G,G,G,G,G,G,G,G,G,G,G,G,G,G,G,G,G,G,m,m,m,m,m,m,m,m,m,m,m,m,m,m,m,m,m,m,m,m,m,m,m,m,m,m
m,m,m,m,m,m,m,m,m,m,m,m,m,m,m,m,m,m,m,m,m,m,m,m,m,m,G,G,G,G,G,G,G,G,G,G,G,G,G,G,G,G,G,G,G,G,G,G,G,G,G,G,G,G,G,G,G,G,G,G,G,~,~,~,~,~,~,~,~,~,~,~,~,~,~,~,~,~,~,~,~,~,~,~,~,~,~,~,~,~,~,~,~,~,~,~,~,~,~,~,~,~,~,~,~,~,~,~,~,~,~,~,~,~,~,~,~,~,~,~,~,~,~,~,~,~,~,~,~,~,~,~,~,~,~,~,~,~,~,~,~,~,~,~,~,~,~,~,~,~,~,~,~,~,~,~,~,~,~,~,~,~,~,~,~,~,~,~,~,~,~,~,~,~,~,~,~,~,~,~,~,~,~,~,~,~,~,~,~,~,~,~,~,~,~,~,~,~,~,~,~,~,~,~,~,~,~,~,~,~,~,~,~,~,~,~,~,~,~,~,~,~,~,~,~,~,~,~,~,~,~,~,~,~,~,~,G,G,G,G,G,G,G,G,G,G,G,G,G,G,G,G,G,G,G,G,G,G,G,G,G,G,G,G,G,G,G,G,G,G,G,G,G,G,G,m,m,m,m,m,m,m,m,m,m,m,m,m,m,m,m,m,m,m,m,m,m,m,m,m
m,m,m,m,m,m,m,m,m,m,m,m,m,m,m,m,m,m,m,m,m,m,m,m,m,G,G,G,G,G,G,G,G,G,G,G,G,G,G,G,G,G,G,G,G,G,G,G,G,G,G,G,G,G,G,G,G,G,G,G,G,~,~,~,~,~,~,~,~,~,~,~,~,~,~,~,~,~,~,~,~,~,~,~,~,~,~,~,~,~,~,~,~,~,~,~,~,~,~,~,~,~,~,~,~,~,~,~,~,~,~,~,~,~,~,~,~,~,~,~,~,~,~,~,~,~,~,~,~,~,~,~,~,~,~,~,~,~,~,~,~,~,~,~,~,~,~,~,~,~,~,~,~,~,~,~,~,~,~,~,~,~,~,~,~,~,~,~,~,~,~,~,~,~,~,~,~,k,~,~,~,~,~,~,~,~,~,~,~,~,~,~,~,~,~,~,~,~,~,~,~,~,~,~,~,~,~,~,~,~,~,~,~,~,~,~,~,~,~,~,~,~,~,~,~,~,~,~,~,~,~,~,~,~,~,~,G,G,G,G,G,G,G,G,G,G,G,G,G,G,G,G,G,G,G,G,G,G,G,G,G,G,G,G,G,G,G,G,G,G,G,G,G,G,G,m,m,m,m,m,m,m,m,m,m,m,m,m,m,m,m,m,m,m,m,m,m,m,m,m
m,m,m,m,m,m,m,m,m,m,m,m,m,m,m,m,m,m,m,m,m,m,m,m,G,G,G,G,G,G,G,G,G,G,G,G,G,G,G,G,G,G,G,G,G,G,G,G,G,G,G,G,G,G,G,G,G,G,G,G,G,~,~,~,~,~,~,~,~,~,~,~,~,~,~,~,~,~,~,~,~,~,~,~,~,~,~,~,~,~,~,~,~,~,~,~,~,~,~,~,~,~,~,~,~,~,~,~,~,~,~,~,~,~,~,~,~,~,~,~,~,~,t,~,~,~,~,~,~,~,~,~,~,~,~,~,~,~,~,~,~,~,~,~,~,~,~,~,~,~,~,~,~,~,~,~,~,~,~,~,~,~,~,~,~,~,~,~,~,~,~,~,~,~,~,~,~,~,~,~,~,t,~,~,~,~,~,~,~,~,~,~,~,~,~,~,~,~,~,~,~,~,k,~,~,~,~,~,~,~,~,~,~,~,~,~,~,~,~,~,~,~,~,~,~,~,~,~,~,~,~,~,~,~,~,~,G,G,G,G,G,G,G,G,G,G,G,G,G,G,G,G,G,G,G,G,G,G,G,G,G,G,G,G,G,G,G,G,G,G,G,G,G,G,G,G,m,m,m,m,m,m,m,m,m,m,m,m,m,m,m,m,m,m,m,m,m,m,m,m
m,m,m,m,m,m,m,m,m,m,m,m,m,m,m,m,m,m,m,m,m,m,m,G,G,G,G,G,G,G,G,G,G,G,G,G,G,G,G,G,G,G,G,G,G,G,G,G,G,G,G,G,G,G,G,G,G,G,G,G,~,~,~,~,~,~,~,~,~,~,~,~,~,~,~,~,~,~,~,~,~,~,~,~,~,~,~,~,~,~,~,~,~,~,~,~,~,~,~,~,~,~,~,~,~,~,~,~,~,~,~,~,~,~,~,~,~,~,~,~,~,~,~,~,~,~,~,~,~,~,~,~,~,~,~,~,~,~,~,~,~,~,~,~,~,~,~,~,~,~,~,~,~,~,~,~,~,~,~,~,~,~,~,~,~,~,~,~,~,~,~,~,~,~,~,~,~,~,~,~,~,~,~,~,~,~,~,~,~,~,~,~,~,~,~,~,~,~,~,~,~,~,~,~,~,~,~,~,~,~,~,~,~,~,~,~,~,~,~,~,~,~,~,~,~,~,~,~,~,~,~,~,~,~,~,~,~,G,G,G,G,G,G,G,G,G,G,G,G,G,G,G,G,G,G,G,G,G,G,G,G,G,G,G,G,G,G,G,G,G,G,G,G,G,G,G,m,m,m,m,m,m,m,m,m,m,m,m,m,m,m,m,m,m,m,m,m,m,m,m
m,m,m,m,m,m,m,m,m,m,m,m,m,m,m,m,m,m,m,m,m,m,G,G,G,G,G,G,G,G,G,G,G,G,G,G,G,G,G,G,G,G,G,G,G,G,G,G,G,G,G,G,G,G,G,G,G,G,G,G,G,~,~,~,~,~,~,~,~,~,~,~,~,~,~,~,~,~,~,~,~,~,~,~,~,~,~,~,~,~,~,~,~,~,~,~,~,~,~,~,~,~,~,~,~,~,~,~,~,~,~,~,~,~,~,~,~,~,~,~,~,~,~,~,~,~,~,~,~,~,~,~,~,~,~,~,~,~,~,~,~,k,~,~,~,~,~,~,~,~,~,~,~,~,~,~,~,~,~,~,~,~,~,~,~,~,~,~,~,~,~,~,~,~,~,~,~,~,~,~,~,~,~,~,~,~,~,~,~,~,~,~,~,~,~,~,~,~,~,~,~,~,~,~,~,~,~,~,~,~,~,~,~,~,~,~,~,~,~,~,~,~,~,~,~,~,~,~,~,~,~,~,~,k,~,~,G,G,G,G,G,G,G,G,G,G,G,G,G,G,G,G,G,G,G,G,G,G,G,G,G,G,G,G,G,G,G,G,G,G,G,G,G,G,G,G,G,m,m,m,m,m,m,m,m,m,m,m,m,m,m,m,m,m,m,m,m,m,m,m
m,m,m,m,m,m,m,m,m,m,m,m,m,m,m,m,m,m,m,m,m,m,G,G,G,G,G,G,G,G,G,G,G,G,G,G,G,G,G,G,G,G,G,G,G,G,G,G,G,G,G,G,G,G,G,G,G,G,G,G,G,~,~,~,~,~,~,~,~,~,~,~,~,~,~,~,~,~,~,~,~,~,~,~,~,~,~,~,~,~,~,~,~,~,~,~,~,~,~,~,~,~,~,~,~,~,~,~,~,~,~,~,~,~,~,~,~,~,~,~,~,~,~,~,~,~,~,~,~,~,~,~,~,~,~,~,~,~,~,~,~,~,~,~,~,~,~,~,~,~,~,~,~,~,~,~,~,~,~,~,~,~,~,~,~,~,~,~,~,~,~,~,~,~,~,~,~,~,~,t,~,~,~,~,~,~,~,~,~,~,~,~,~,~,~,~,~,~,~,~,~,~,~,~,~,~,~,~,~,~,~,~,~,~,~,~,~,~,~,~,~,~,~,~,~,~,~,~,~,~,~,~,~,~,~,~,G,G,G,G,G,G,G,G,G,G,G,G,G,G,G,G,G,G,G,G,G,G,G,G,G,G,G,G,G,G,G,G,G,G,G,G,G,G,G,G,G,G,m,m,m,m,m,m,m,m,m,m,m,m,m,m,m,m,m,m,m,m,m,m
m,m,m,m,m,m,m,m,m,m,m,m,m,m,m,m,m,m,m,m,G,G,G,G,G,G,G,G,G,G,G,G,G,G,G,G,G,G,G,G,G,G,G,G,G,G,G,G,G,G,G,G,G,G,G,G,G,G,G,G,G,~,~,~,~,~,~,~,~,~,~,~,~,~,~,~,~,~,~,~,~,~,~,~,~,~,~,~,~,~,~,~,~,~,~,~,~,~,~,~,~,~,~,~,~,~,~,~,~,~,~,~,~,~,~,~,~,~,~,~,~,~,~,~,~,~,~,~,~,~,~,~,~,~,~,~,~,~,~,~,~,~,~,~,~,~,~,~,~,~,~,~,~,~,~,~,~,~,~,~,~,~,~,~,~,~,~,~,~,~,~,~,~,~,~,~,~,~,~,~,~,~,~,~,~,~,~,~,~,~,~,~,~,~,~,~,~,~,~,~,~,~,~,~,~,~,~,~,~,~,~,~,~,~,~,~,~,~,~,~,~,~,~,~,~,t,~,~,~,~,~,~,~,~,~,~,G,G,G,G,G,G,G,G,G,G,G,G,G,G,G,G,G,G,G,G,G,G,G,G,G,G,G,G,G,G,G,G,G,G,G,G,G,G,G,G,G,G,m,m,m,m,m,m,m,m,m,m,m,m,m,m,m,m,m,m,m,m,m,m
m,m,m,m,m,m,m,m,m,m,m,m,m,m,m,m,m,m,m,m,G,G,G,G,G,G,G,G,G,G,G,G,G,G,G,G,G,G,G,G,G,G,G,G,G,G,G,G,G,G,G,G,G,G,G,G,G,G,G,G,G,~,~,~,~,~,~,~,~,~,~,~,~,~,~,~,~,~,~,~,~,~,~,~,~,~,~,~,~,t,~,~,~,~,~,~,~,~,~,~,~,k,~,~,~,~,~,~,~,~,~,~,~,~,~,~,~,~,~,~,~,~,~,~,~,~,~,~,~,~,~,~,~,~,~,~,~,~,~,~,~,~,~,~,~,~,~,~,~,~,~,~,~,~,~,~,~,~,~,~,t,~,~,~,~,~,~,~,~,~,~,~,~,~,~,~,~,~,~,~,~,~,~,~,~,~,~,~,~,~,~,~,~,~,~,~,~,~,k,~,~,~,~,~,~,~,~,k,~,~,~,~,~,~,~,~,~,~,~,~,~,~,~,~,~,~,~,~,~,~,~,~,~,~,~,~,G,G,G,G,G,G,G,G,G,G,G,G,G,G,G,G,G,G,G,G,G,G,G,G,G,G,G,G,G,G,G,G,G,G,G,G,G,G,G,G,G,G,G,m,m,m,m,m,m,m,m,m,m,m,m,m,m,m,m,m,m,m,m,m
m,m,m,m,m,m,m,m,m,m,m,m,m,m,m,m,m,m,m,G,G,G,G,G,G,G,G,G,G,G,G,G,G,G,G,G,G,G,G,G,G,G,G,G,G,G,G,G,G,G,G,G,G,G,G,G,G,G,G,G,G,~,~,~,~,~,~,~,~,~,~,~,~,~,~,~,~,~,~,~,~,~,~,~,~,~,~,~,~,~,~,~,~,~,~,t,~,~,~,~,~,~,~,~,~,~,~,~,~,~,~,~,~,~,~,~,~,~,~,~,~,~,~,~,~,~,~,~,~,~,~,~,~,~,~,~,~,~,~,~,~,~,~,~,~,~,~,~,~,~,~,~,~,~,~,~,~,~,~,~,~,~,~,~,~,~,~,~,~,~,~,~,~,~,~,~,~,~,~,~,~,~,~,~,~,~,~,~,~,~,~,~,~,~,~,~,~,~,~,~,~,~,~,~,~,~,~,~,~,~,~,~,~,~,~,~,~,~,~,~,~,~,~,~,~,~,~,~,~,~,~,~,~,~,~,~,G,G,G,G,G,G,G,G,G,G,G,G,G,G,G,G,G,G,G,G,G,G,G,G,G,G,G,G,G,G,G,G,G,G,G,G,G,G,G,G,G,G,G,m,m,m,m,m,m,m,m,m,m,m,m,m,m,m,m,m,m,m,m,m
m,m,m,m,m,m,m,m,m,m,m,m,m,m,m,m,m,m,m,G,G,G,G,G,G,G,G,G,G,G,G,G,G,G,G,G,G,G,G,G,G,G,G,G,G,G,G,G,G,G,G,G,G,G,G,G,G,G,G,G,G,~,~,~,~,~,~,~,~,~,~,~,~,~,~,~,~,~,~,~,~,~,~,~,~,~,~,~,~,~,~,~,~,~,~,~,~,~,~,~,~,~,~,~,~,~,~,~,~,~,~,~,~,~,~,~,~,~,~,~,~,~,~,~,~,~,~,~,~,~,~,~,~,~,~,~,~,~,~,~,~,~,~,~,~,~,~,~,~,~,~,~,~,~,~,~,~,~,~,~,~,~,~,~,~,~,~,~,~,~,~,~,~,~,~,~,~,~,~,~,~,~,~,~,~,~,~,~,~,~,~,~,~,~,~,k,~,~,~,~,~,~,~,~,~,~,~,~,~,~,~,~,~,~,~,~,~,~,~,~,~,~,~,~,~,~,~,~,~,~,~,~,~,~,~,~,G,G,G,G,G,G,G,G,G,G,G,G,G,G,G,G,G,G,G,G,G,G,G,G,G,G,G,G,G,G,G,G,G,G,G,G,G,G,G,G,G,G,G,G,m,m,m,m,m,m,m,m,m,m,m,m,m,m,m,m,m,m,m,m
m,m,m,m,m,m,m,m,m,m,m,m,m,m,m,m,m,m,G,G,G,G,G,G,G,G,G,G,G,G,G,G,G,G,G,G,G,G,G,G,G,G,G,G,G,G,G,G,G,G,G,G,G,G,G,G,G,G,G,G,G,~,~,~,~,~,~,~,~,~,~,~,~,~,~,~,~,~,~,~,~,~,~,~,~,k,~,~,~,~,~,~,~,~,~,~,~,~,~,~,~,~,~,~,~,~,~,~,~,~,~,~,~,~,~,~,~,~,~,~,~,~,~,~,~,~,~,~,~,~,~,~,~,~,~,~,~,~,~,~,~,~,~,~,~,~,~,~,~,~,~,~,~,~,~,~,~,~,~,~,~,~,~,~,~,~,~,~,~,~,~,~,~,~,~,~,~,~,~,~,~,~,~,~,~,~,~,~,~,~,~,~,~,~,~,~,~,~,~,~,~,~,~,~,~,k,~,~,~,~,~,~,~,~,~,~,~,~,~,~,~,~,~,~,~,~,~,~,~,~,~,~,~,~,~,~,G,G,G,G,G,G,G,G,G,G,G,G,G,G,G,G,G,G,G,G,G,G,G,G,G,G,G,G,G,G,G,G,G,G,G,G,G,G,G,G,G,G,G,G,m,m,m,m,m,m,m,m,m,m,m,m,m,m,m,m,m,m,m,m
m,m,m,m,m,m,m,m,m,m,m,m,m,m,m,m,m,G,G,G,G,G,G,G,G,G,G,G,G,G,G,G,G,G,G,G,G,G,G,G,G,G,G,G,G,G,G,G,G,G,G,G,G,G,G,G,G,G,G,G,G,~,~,~,~,~,~,~,~,~,~,~,~,~,~,~,~,~,~,~,~,~,~,~,~,~,~,~,~,t,~,~,~,~,~,~,~,~,~,~,~,~,~,~,~,~,~,~,~,~,~,~,~,~,~,~,~,~,~,~,~,~,~,~,~,~,~,~,~,~,~,~,~,~,~,~,~,~,~,~,~,~,~,~,k,~,~,~,~,~,~,~,~,~,~,~,~,~,~,~,~,~,~,~,~,~,~,~,~,~,~,~,~,~,~,~,~,~,~,~,~,~,~,~,~,~,~,~,~,~,~,~,k,~,~,~,~,~,~,~,~,~,~,~,~,~,~,~,~,~,~,~,~,~,~,~,~,~,~,~,~,~,~,~,~,~,~,~,~,~,~,~,~,~,~,~,G,G,G,G,G,G,G,G,G,G,G,G,G,G,G,G,G,G,G,G,G,G,G,G,G,G,G,G,G,G,G,G,G,G,G,G,G,G,G,G,G,G,G,G,G,m,m,m,m,m,m,m,m,m,m,m,m,m,m,m,m,m,m,m
m,m,m,m,m,m,m,m,m,m,m,m,m,m,m,m,G,G,G,G,G,G,G,G,G,G,G,G,G,G,G,G,G,G,G,G,G,G,G,G,G,G,G,G,G,G,G,G,G,G,G,G,G,G,G,G,G,G,G,G,G,G,~,~,~,~,~,~,~,~,~,~,~,~,~,~,~,~,~,~,~,~,~,~,~,~,~,~,~,~,~,~,~,~,~,~,~,~,~,~,~,~,~,~,~,~,~,~,~,~,~,~,~,~,~,~,~,~,k,~,~,~,~,~,~,~,~,~,~,~,~,~,~,~,~,~,~,~,~,~,~,~,~,~,~,~,~,~,~,~,~,~,k,~,~,~,~,~,~,~,~,k,~,~,~,~,~,~,~,~,~,~,~,~,~,~,~,~,~,~,~,~,~,~,~,~,~,~,~,~,k,~,~,~,~,~,~,~,~,~,~,~,~,~,~,~,~,~,~,~,~,~,~,~,~,~,~,~,~,~,~,~,~,~,~,~,~,~,~,~,~,~,~,~,~,G,G,G,G,G,G,G,G,G,G,G,G,G,G,G,G,G,G,G,G,G,G,G,G,G,G,G,G,G,G,G,G,G,G,G,G,G,G,G,G,G,G,G,G,G,G,m,m,m,m,m,m,m,m,m,m,m,m,m,m,m,m,m,m,m
m,m,m,m,m,m,m,m,m,m,m,m,m,m,m,G,G,G,G,G,G,G,G,G,G,G,G,G,G,G,G,G,G,G,G,G,G,G,G,G,G,G,G,G,G,G,G,G,G,G,G,G,G,G,G,G,G,G,G,G,G,G,~,~,~,~,~,~,~,~,~,~,~,~,~,~,~,~,~,~,~,~,~,~,~,~,~,~,~,~,~,~,~,~,~,~,~,~,~,~,~,~,~,~,~,~,~,~,~,~,~,k,~,~,~,~,~,~,~,~,~,~,~,~,~,~,~,~,~,~,~,~,~,~,~,~,~,~,~,~,~,~,~,~,~,~,~,~,~,~,~,~,~,~,~,~,~,~,~,~,~,~,~,~,~,~,~,~,~,~,~,~,~,~,~,~,~,~,~,~,~,~,~,~,~,~,~,~,~,~,~,~,~,~,~,k,~,~,~,~,~,~,~,~,~,~,~,~,~,~,~,~,~,~,~,~,~,~,~,~,~,~,~,~,~,~,~,~,~,~,~,~,~,~,~,G,G,G,G,G,G,G,G,G,G,G,G,G,G,G,G,G,G,G,G,G,G,G,G,G,G,G,G,G,G,G,G,G,G,G,G,G,G,G,G,G,G,G,G,G,G,m,m,m,m,m,m,m,m,m,m,m,m,m,m,m,m,m,m,m
m,m,m,m,m,m,m,m,m,m,m,m,m,m,m,G,G,G,G,G,G,G,G,G,G,G,G,G,G,G,G,G,G,G,G,G,G,G,G,G,G,G,G,G,G,G,G,G,G,G,G,G,G,G,G,G,G,G,G,G,G,G,~,~,~,~,~,~,~,~,~,~,~,~,~,~,~,~,~,~,~,~,~,~,~,~,~,~,~,~,~,~,~,~,~,~,~,~,~,~,~,~,~,~,~,~,~,~,~,~,~,~,~,~,~,~,~,~,~,~,~,~,~,~,~,~,~,~,~,~,~,~,~,~,~,~,~,~,~,~,~,~,~,~,~,~,~,~,~,~,~,~,~,~,~,~,~,~,~,~,~,~,~,~,~,~,~,~,~,~,~,~,~,~,~,~,~,~,~,~,~,~,~,~,~,~,~,~,~,~,~,~,~,~,~,~,~,~,~,~,~,~,~,~,~,~,~,~,~,~,~,~,~,~,~,~,~,~,~,~,~,~,~,~,~,~,~,~,~,~,~,~,~,~,~,G,G,G,G,G,G,G,G,G,G,G,G,G,G,G,G,G,G,G,G,G,G,G,G,G,G,G,G,G,G,G,G,G,G,G,G,G,G,G,G,G,G,G,G,G,G,m,m,m,m,m,m,m,m,m,m,m,m,m,m,m,m,m,m,m
m,m,m,m,m,m,m,m,m,m,m,m,m,G,G,G,G,G,G,G,G,G,G,G,G,G,G,G,G,G,G,G,G,G,G,G,G,G,G,G,G,G,G,G,G,G,G,G,G,G,G,G,G,G,G,G,G,G,G,G,G,G,G,~,~,~,~,~,~,~,~,~,~,~,~,~,~,~,~,~,~,~,~,~,~,~,~,~,~,~,~,~,~,~,~,~,~,~,~,~,~,~,~,~,~,~,~,~,~,~,~,~,~,~,~,~,~,~,~,~,~,~,~,~,~,~,~,~,~,~,~,~,~,~,~,~,~,~,~,~,~,~,~,~,~,~,~,~,~,~,~,~,~,~,~,~,~,~,~,~,~,~,~,~,~,~,~,~,~,~,~,~,~,~,~,~,~,~,~,~,~,~,~,~,~,~,~,~,~,~,~,~,~,~,~,~,~,~,~,~,~,~,~,~,~,~,~,~,~,~,~,~,~,~,~,~,~,~,~,~,~,~,~,~,~,~,~,~,~,~,~,~,~,~,G,G,G,G,G,G,G,G,G,G,G,G,G,G,G,G,G,G,G,G,G,G,G,G,G,G,G,G,G,G,G,G,G,G,G,G,G,G,G,G,G,G,G,G,G,G,G,G,m,m,m,m,m,m,m,m,m,m,m,m,m,m,m,m,m,m
m,m,m,m,m,m,m,m,m,m,m,m,m,G,G,G,G,G,G,G,G,G,G,G,G,G,G,G,G,G,G,G,G,G,G,G,G,G,G,G,G,G,G,G,G,G,G,G,G,G,G,G,G,G,G,G,G,G,G,G,G,G,G,~,~,~,~,~,~,~,~,~,~,~,~,~,~,~,k,~,~,~,~,~,~,~,~,~,~,~,~,~,~,~,~,~,~,~,~,~,~,~,~,~,~,~,~,~,~,~,~,~,~,~,~,~,~,~,~,~,~,~,~,~,~,~,~,~,~,~,~,~,~,~,~,~,~,~,~,~,~,~,~,~,~,~,~,~,~,~,~,~,~,~,~,~,~,~,~,~,~,~,~,~,~,~,~,~,~,~,~,~,~,~,~,~,~,~,~,~,~,~,~,~,~,~,~,~,~,~,~,~,~,~,~,~,~,~,~,~,~,~,~,~,~,~,~,~,~,~,~,~,~,~,~,~,~,~,~,~,~,~,~,~,~,~,~,~,~,~,~,~,~,~,G,G,G,G,G,G,G,G,G,G,G,G,G,G,G,G,G,G,G,G,G,G,G,G,G,G,G,G,G,G,G,G,G,G,G,G,G,G,G,G,G,G,G,G,G,G,G,G,G,G,G,G,m,m,m,m,m,m,m,m,m,m,m,m,m,m
m,m,m,m,m,m,m,m,m,m,m,m,m,G,G,G,G,G,G,G,G,G,G,G,G,G,G,G,G,G,G,G,G,G,G,G,G,G,G,G,G,G,G,G,G,G,G,G,G,G,G,G,G,G,G,G,G,G,G,G,G,G,G,~,~,~,~,~,~,~,~,~,~,~,~,~,~,~,~,~,~,~,~,~,~,~,~,~,~,~,~,~,~,~,~,~,~,~,~,~,~,~,~,~,~,~,~,~,~,~,~,~,~,~,~,~,~,~,~,~,~,~,~,~,~,~,~,~,~,~,~,~,~,~,~,~,~,~,~,~,~,~,~,~,~,~,~,~,~,~,~,~,~,~,~,~,~,~,~,~,~,~,~,~,~,~,~,~,~,~,~,~,~,~,~,~,~,~,~,~,~,~,~,~,~,~,~,~,~,~,~,~,~,~,~,~,~,~,~,~,~,~,~,~,~,~,~,~,~,~,~,~,~,~,~,~,~,~,~,~,~,~,~,~,~,~,~,~,~,~,~,~,~,~,G,G,G,G,G,G,G,G,G,G,G,G,G,G,G,G,G,G,G,G,G,G,G,G,G,G,G,G,G,G,G,G,G,G,G,G,G,G,G,G,G,G,G,G,G,G,G,G,G,G,G,G,m,m,m,m,m,m,m,m,m,m,m,m,m,m
m,m,m,m,m,m,m,m,m,m,m,m,m,G,G,G,G,G,G,G,G,G,G,G,G,G,G,G,G,G,G,G,G,G,G,G,G,G,G,G,G,G,G,G,G,G,G,G,G,G,G,G,G,G,G,G,G,G,G,G,G,G,G,G,~,~,~,~,~,~,~,~,~,~,~,k,~,~,~,~,~,~,~,~,~,~,~,~,~,~,~,~,~,~,~,~,~,~,~,~,~,~,~,~,~,~,~,~,~,~,~,~,~,~,~,k,~,~,~,~,~,~,~,~,~,~,~,~,~,~,~,~,~,~,~,~,~,~,~,~,~,~,~,~,~,~,~,~,~,~,~,~,~,~,~,~,~,~,~,~,~,~,~,~,~,~,~,~,~,~,~,~,~,~,~,~,~,~,~,~,~,~,~,~,~,~,~,~,~,~,~,~,~,~,~,~,~,~,~,~,~,~,~,~,~,~,~,~,~,~,~,~,~,~,~,~,~,~,~,~,~,~,~,~,~,~,~,~,~,~,~,~,~,G,G,G,G,G,G,G,G,G,G,G,G,G,G,G,G,G,G,G,G,G,G,G,G,G,G,G,G,G,G,G,G,G,G,G,G,G,G,G,G,G,G,G,G,G,G,G,G,G,G,G,G,m,m,m,m,m,m,m,m,m,m,m,m,m,m,m
m,m,m,m,m,m,m,m,m,m,m,m,m,G,G,G,G,G,G,G,G,G,G,G,G,G,G,G,G,G,G,G,G,G,G,G,G,G,G,G,G,G,G,G,G,G,G,G,G,G,G,G,G,G,G,G,G,G,G,G,G,G,G,G,~,~,~,~,~,~,~,~,~,~,~,~,~,~,~,~,~,~,~,~,~,~,~,~,~,~,~,~,~,~,~,~,~,~,~,~,~,~,~,~,~,~,~,~,~,~,~,~,~,~,~,~,~,~,~,~,~,~,~,~,~,~,~,~,~,~,~,~,~,~,~,k,~,~,~,~,~,~,~,~,~,~,~,~,~,~,~,~,~,~,~,~,~,~,~,~,~,~,~,~,~,~,~,~,~,~,~,~,~,k,~,~,~,~,~,~,~,~,~,~,~,~,~,~,~,~,~,~,~,~,~,~,~,~,~,~,~,~,~,~,~,~,~,~,~,~,~,~,~,~,~,~,~,~,~,~,~,~,~,~,~,~,~,~,~,~,~,~,~,G,G,G,G,G,G,G,G,G,G,G,G,G,G,G,G,G,G,G,G,G,G,G,G,G,G,G,G,G,G,G,G,G,G,G,G,G,G,G,G,G,G,G,G,G,G,G,G,G,G,G,G,m,m,m,m,m,m,m,m,m,m,m,m,m,m,m
m,m,m,m,m,m,m,m,m,m,m,m,m,G,G,G,G,G,G,G,G,G,G,G,G,G,G,G,G,G,G,G,G,G,G,G,G,G,G,G,G,G,G,G,G,G,G,G,G,G,G,G,G,G,G,G,G,G,G,G,G,G,G,G,G,~,~,~,~,~,~,~,~,~,~,~,~,~,~,~,~,~,~,~,~,~,~,~,~,~,~,~,~,~,~,~,~,~,~,~,~,~,~,~,~,~,~,~,~,~,~,~,~,~,~,~,~,~,~,~,~,~,~,~,~,~,~,~,~,~,~,~,~,~,~,~,~,~,~,~,~,~,~,~,~,~,~,~,~,~,~,~,~,~,~,~,~,~,~,~,~,~,~,~,~,~,~,~,~,~,~,~,~,~,~,~,~,~,~,~,~,~,~,~,~,~,~,~,~,~,~,~,~,~,~,~,~,~,~,~,~,~,~,~,~,~,~,~,~,~,~,~,~,~,~,~,~,~,~,~,~,~,~,~,~,~,~,~,~,~,~,~,G,G,G,G,G,G,G,G,G,G,G,G,G,G,G,G,G,G,G,G,G,G,G,G,G,G,G,G,G,G,G,G,G,G,G,G,G,G,G,G,G,G,G,G,G,G,G,G,G,G,G,G,G,m,m,m,m,m,m,m,m,m,m,m,m,m,m,m
m,m,m,m,m,m,m,m,m,m,m,m,m,G,G,G,G,G,G,G,G,G,G,G,G,G,G,G,G,G,G,G,G,G,G,G,G,G,G,G,G,G,G,G,G,G,G,G,G,G,G,G,G,G,G,G,G,G,G,G,G,G,G,G,G,~,~,~,~,~,~,~,~,~,~,~,~,~,~,~,~,~,~,~,~,~,~,~,~,~,~,~,~,~,~,~,~,~,~,~,~,~,~,~,~,~,~,~,~,~,~,~,~,~,~,~,~,~,~,~,~,~,~,~,~,~,~,~,~,~,~,~,~,~,~,~,~,~,~,~,~,~,~,~,~,~,~,~,~,~,~,~,~,~,~,~,~,~,~,~,~,~,~,~,~,~,~,~,~,k,~,~,~,~,~,~,~,~,~,~,~,~,~,~,~,~,~,~,~,~,~,~,~,~,~,~,~,~,~,~,~,~,~,~,~,~,~,~,~,~,~,~,~,~,~,~,~,~,~,~,~,~,~,~,~,~,~,~,~,~,~,~,G,G,G,G,G,G,G,G,G,G,G,G,G,G,G,G,G,G,G,G,G,G,G,G,G,G,G,G,G,G,G,G,G,G,G,G,G,G,G,G,G,G,G,G,G,G,G,G,G,G,G,G,G,m,m,m,m,m,m,m,m,m,m,m,m,m,m,m
m,m,m,m,m,m,m,m,m,m,m,m,m,G,G,G,G,G,G,G,G,G,G,G,G,G,G,G,G,G,G,G,G,G,G,G,G,G,G,G,G,G,G,G,G,G,G,G,G,G,G,G,G,G,G,G,G,G,G,G,G,G,G,G,G,G,~,~,~,~,~,~,~,~,~,~,~,~,~,~,~,~,~,~,~,~,~,~,~,~,~,~,~,~,~,~,~,~,~,~,~,~,~,~,~,~,~,~,~,~,~,~,~,~,~,~,~,~,~,~,~,~,~,~,~,~,~,~,~,~,~,~,~,~,~,~,~,~,~,~,~,~,~,~,~,~,~,~,~,~,~,~,~,~,~,~,~,~,~,~,~,~,k,~,~,~,~,~,~,~,~,~,~,~,~,~,~,~,~,~,~,~,~,~,~,~,~,~,~,~,~,~,~,~,~,~,~,~,~,~,~,~,~,~,~,~,~,~,~,~,~,~,~,~,~,~,~,~,~,~,~,~,~,~,~,~,~,~,~,~,~,G,G,G,G,G,G,G,G,G,G,G,G,G,G,G,G,G,G,G,G,G,G,G,G,G,G,G,G,G,G,G,G,G,G,G,G,G,G,G,G,G,G,G,G,G,G,G,G,G,G,G,G,G,G,m,m,m,m,m,m,m,m,m,m,m,m,m,m,m
m,m,m,m,m,m,m,m,m,m,m,m,m,G,G,G,G,G,G,G,G,G,G,G,G,G,G,G,G,G,G,G,G,G,G,G,G,G,G,G,G,G,G,G,G,G,G,G,G,G,G,G,G,G,G,G,G,G,G,G,G,G,G,G,G,G,G,~,~,~,~,~,~,~,~,~,~,~,~,~,~,~,~,~,~,~,~,k,~,~,~,~,t,~,~,~,~,~,~,~,~,~,~,~,~,~,~,~,~,~,~,~,~,~,~,~,~,~,~,~,~,~,~,~,~,~,~,~,~,~,~,~,~,~,~,~,~,~,~,~,~,~,~,~,~,~,~,~,~,~,~,~,~,~,~,~,~,~,~,~,~,~,~,~,~,~,~,~,~,k,~,~,~,~,~,~,~,~,~,~,~,~,~,~,~,~,~,~,~,~,~,~,~,~,~,~,~,~,~,~,~,~,~,~,~,~,~,~,~,~,~,~,~,~,~,~,~,~,~,~,~,~,~,~,~,~,~,~,~,~,G,G,G,G,G,G,G,G,G,G,G,G,G,G,G,G,G,G,G,G,G,G,G,G,G,G,G,G,G,G,G,G,G,G,G,G,G,G,G,G,G,G,G,G,G,G,G,G,G,G,G,G,G,G,G,m,m,m,m,m,m,m,m,m,m,m,m,m,m,m
m,m,m,m,m,m,m,m,m,m,m,m,m,G,G,G,G,G,G,G,G,G,G,G,G,G,G,G,G,G,G,G,G,G,G,G,G,G,G,G,G,G,G,G,G,G,G,G,G,G,G,G,G,G,G,G,G,G,G,G,G,G,G,G,G,G,G,~,~,~,~,~,~,~,~,~,~,~,~,~,~,~,~,~,~,~,~,~,~,~,~,~,~,~,~,~,~,~,~,~,~,~,~,~,~,~,~,~,~,~,~,~,~,~,~,~,~,~,k,~,~,~,~,~,~,~,~,~,~,~,~,~,~,~,~,~,~,~,~,~,~,~,~,~,~,~,~,~,~,~,~,~,~,~,~,~,~,~,~,~,~,~,~,~,~,~,~,~,~,~,~,~,~,~,~,~,~,~,~,~,~,~,~,~,~,~,~,~,~,~,~,~,~,~,~,~,~,~,~,~,~,~,~,~,~,~,~,~,~,~,~,~,~,~,~,~,~,~,~,~,~,~,~,~,~,~,~,~,~,~,G,G,G,G,G,G,G,G,G,G,G,G,G,G,G,G,G,G,G,G,G,G,G,G,G,G,G,G,G,G,G,G,G,G,G,G,G,G,G,G,G,G,G,G,G,G,G,G,G,G,G,G,G,G,G,m,m,m,m,m,m,m,m,m,m,m,m,m,m,m
m,m,m,m,m,m,m,m,m,m,m,m,m,G,G,G,G,G,G,G,G,G,G,G,G,G,G,G,G,G,G,G,G,G,G,G,G,G,G,G,G,G,G,G,G,G,G,G,G,G,G,G,G,G,G,G,G,G,G,G,G,G,G,G,G,G,G,G,~,~,~,~,~,~,~,k,~,~,~,~,~,~,~,~,~,~,~,~,~,~,~,~,~,~,~,~,~,~,~,~,~,~,~,~,~,~,~,~,~,~,~,~,~,~,~,~,~,~,~,~,~,~,~,~,~,~,~,~,~,~,~,~,t,~,~,k,~,~,~,~,~,~,~,~,~,~,~,~,~,~,~,~,~,~,~,~,~,~,~,~,~,~,~,~,~,~,~,~,~,~,~,~,~,~,~,~,~,~,~,~,~,~,~,~,~,~,~,~,~,~,~,~,~,~,~,~,~,~,~,~,~,~,~,~,~,~,~,~,~,~,~,~,~,~,~,~,~,~,~,~,~,~,~,~,~,~,~,~,~,G,G,G,G,G,G,G,G,G,G,G,G,G,G,G,G,G,G,G,G,G,G,G,G,G,G,G,G,G,G,G,G,G,G,G,G,G,G,G,G,G,G,G,G,G,G,G,G,G,G,G,G,G,G,G,m,m,m,m,m,m,m,m,m,m,m,m,m,m,m,m
m,m,m,m,m,m,m,m,m,m,m,m,m,G,G,G,G,G,G,G,G,G,G,G,G,G,G,G,G,G,G,G,G,G,G,G,G,G,G,G,G,G,G,G,G,G,G,G,G,G,G,G,G,G,G,G,G,G,G,G,G,G,G,G,G,G,G,G,G,~,~,~,~,~,~,~,~,~,~,~,~,~,~,~,~,~,~,~,~,~,~,~,~,~,~,~,~,~,~,~,~,~,~,~,~,~,~,~,~,~,~,~,~,~,~,~,~,~,~,~,~,~,~,~,~,~,~,~,~,~,~,~,~,~,~,~,~,~,~,~,~,~,~,~,~,~,~,~,~,~,~,~,~,~,~,~,~,~,~,~,~,~,~,~,~,~,~,~,~,~,~,~,~,~,~,~,~,~,~,~,~,~,~,~,~,~,~,~,~,~,~,~,~,~,~,~,~,~,~,~,~,~,t,~,~,~,~,~,~,~,~,~,~,~,~,~,~,~,~,~,~,~,~,~,~,~,~,~,G,G,G,G,G,G,G,G,G,G,G,G,G,G,G,G,G,G,G,G,G,G,G,G,G,G,G,G,G,G,G,G,G,G,G,G,G,G,G,G,G,G,G,G,G,G,G,G,G,G,G,G,G,G,G,G,m,m,m,m,m,m,m,m,m,m,m,m,m,m,m,m
m,m,m,m,m,m,m,m,m,m,m,m,m,G,G,G,G,G,G,G,G,G,G,G,G,G,G,G,G,G,G,G,G,G,G,G,G,G,G,G,G,G,G,G,G,G,G,G,G,G,G,G,G,G,G,G,G,G,G,G,G,G,G,G,G,G,G,G,G,~,~,~,~,~,~,~,~,~,~,~,~,~,~,~,~,~,~,~,~,~,~,~,~,~,~,~,~,~,~,~,~,~,~,~,~,~,~,~,~,~,~,~,~,~,~,~,~,~,~,~,~,~,~,~,~,~,~,~,~,~,~,~,~,~,~,~,~,~,~,~,~,~,~,~,~,~,~,~,~,~,~,~,~,~,~,~,~,k,~,~,~,~,~,~,~,~,~,~,~,~,~,~,~,~,~,~,~,~,~,~,~,~,~,~,~,~,~,~,~,~,~,~,~,~,~,~,~,~,~,~,~,~,~,~,~,~,~,~,~,~,~,~,~,~,~,~,~,~,~,~,~,~,~,~,~,~,~,~,G,G,G,G,G,G,G,G,G,G,G,G,G,G,G,G,G,G,G,G,G,G,G,G,G,G,G,G,G,G,G,G,G,G,G,G,G,G,G,G,G,G,G,G,G,G,G,G,G,G,G,G,G,G,G,G,m,m,m,m,m,m,m,m,m,m,m,m,m,m,m,m
m,m,m,m,m,m,m,m,m,m,m,m,m,G,G,G,G,G,G,G,G,G,G,G,G,G,G,G,G,G,G,G,G,G,G,G,G,G,G,G,G,G,G,G,G,G,G,G,G,G,G,G,G,G,G,G,G,G,G,G,G,G,G,G,G,G,G,G,G,G,~,~,~,~,~,~,~,~,~,~,~,~,~,~,~,~,~,~,~,~,~,~,~,~,~,~,~,~,~,~,~,~,~,~,~,~,~,~,~,~,~,~,~,~,~,~,~,~,~,~,~,~,~,~,~,~,~,~,~,~,~,~,~,~,~,~,~,~,~,~,~,~,~,~,~,~,~,~,~,~,~,~,~,~,~,~,~,~,~,~,~,~,~,k,~,~,~,~,~,~,~,~,~,~,~,~,~,~,~,~,~,~,~,~,~,~,~,~,~,~,~,~,~,~,~,~,~,~,~,~,~,~,~,~,~,~,~,~,~,~,~,~,~,~,~,~,~,~,~,~,~,~,~,~,~,~,~,G,G,G,G,G,G,G,G,G,G,G,G,G,G,G,G,G,G,G,G,G,G,G,G,G,G,G,G,G,G,G,G,G,G,G,G,G,G,G,G,G,G,G,G,G,G,G,G,G,G,G,G,G,G,G,G,G,m,m,m,m,m,m,m,m,m,m,m,m,m,m,m,m
m,m,m,m,m,m,m,m,m,m,m,m,m,G,G,G,G,G,G,G,G,G,G,G,G,G,G,G,G,G,G,G,G,G,G,G,G,G,G,G,G,G,G,G,G,G,G,G,G,G,G,G,G,G,G,G,G,G,G,G,G,G,G,G,G,G,G,G,G,G,G,~,~,~,~,~,~,~,~,~,~,~,~,~,~,~,~,~,~,~,~,~,~,~,~,~,~,~,~,~,~,~,~,~,~,~,~,~,~,~,~,~,~,~,~,~,~,~,~,~,~,~,~,~,~,~,~,~,~,~,~,~,~,~,~,~,t,~,~,~,~,~,~,~,~,~,~,~,~,~,~,~,~,~,~,~,~,~,~,~,~,~,~,~,~,~,~,~,~,~,~,~,~,~,~,~,~,~,~,~,~,~,~,~,~,~,~,~,~,~,~,~,~,~,~,~,~,~,~,~,~,~,~,~,~,~,~,~,~,~,~,~,~,~,~,~,~,~,~,~,~,~,~,~,~,~,G,G,G,G,G,G,G,G,G,G,G,G,G,G,G,G,G,G,G,G,G,G,G,G,G,G,G,G,G,G,G,G,G,G,G,G,G,G,G,G,G,G,G,G,G,G,G,G,G,G,G,G,G,G,G,G,G,m,m,m,m,m,m,m,m,m,m,m,m,m,m,m,m,m
m,m,m,m,m,m,m,m,m,m,m,m,m,G,G,G,G,G,G,G,G,G,G,G,G,G,G,G,G,G,G,G,G,G,G,G,G,G,G,G,G,G,G,G,G,G,G,G,G,G,G,G,G,G,G,G,G,G,G,G,G,G,G,G,G,G,G,G,G,G,G,G,~,~,~,~,~,~,~,~,~,~,~,~,~,~,~,~,~,~,~,~,~,~,~,~,~,~,~,~,~,~,~,~,~,k,~,~,~,~,~,~,~,~,~,~,~,~,~,~,~,~,~,~,~,~,~,~,~,~,~,~,~,~,~,~,~,~,~,~,~,~,~,~,~,~,~,~,~,~,~,~,~,~,~,~,~,~,~,~,~,~,~,~,~,~,~,~,~,~,~,~,~,~,~,~,~,~,~,~,~,~,~,~,~,k,~,~,~,~,~,~,~,~,~,~,~,~,~,~,~,~,~,~,~,~,~,~,~,~,~,~,~,~,~,~,~,~,~,~,~,~,~,~,~,G,G,G,G,G,G,G,G,G,G,G,G,G,G,G,G,G,G,G,G,G,G,G,G,G,G,G,G,G,G,G,G,G,G,G,G,G,G,G,G,G,G,G,G,G,G,G,G,G,G,G,G,G,G,G,G,G,G,m,m,m,m,m,m,m,m,m,m,m,m,m,m,m,m,m
m,m,m,m,m,m,m,m,m,m,m,m,m,m,G,G,G,G,G,G,G,G,G,G,G,G,G,G,G,G,G,G,G,G,G,G,G,G,G,G,G,G,G,G,G,G,G,G,G,G,G,G,G,G,G,G,G,G,G,G,G,G,G,G,G,G,G,G,G,G,G,G,G,t,~,~,~,~,~,~,~,~,~,~,~,~,~,~,~,~,~,~,~,~,~,~,~,~,~,~,~,~,~,~,~,~,~,~,~,~,~,~,~,~,~,~,~,~,~,~,~,~,~,~,~,~,~,~,~,~,~,~,~,~,~,~,~,~,~,~,~,~,~,~,~,~,~,~,~,~,~,~,~,~,~,~,~,~,~,~,~,~,~,~,~,~,~,~,~,~,~,~,~,~,~,~,~,~,~,~,~,~,~,~,t,~,~,~,~,~,~,~,~,~,~,~,~,~,~,~,~,~,~,~,~,~,~,~,~,~,~,~,~,~,~,~,~,~,~,~,~,~,~,~,G,G,G,G,G,G,G,G,G,G,G,G,G,G,G,G,G,G,G,G,G,G,G,G,G,G,G,G,G,G,G,G,G,G,G,G,G,G,G,G,G,G,G,G,G,G,G,G,G,G,G,G,G,G,G,G,G,G,G,m,m,m,m,m,m,m,m,m,m,m,m,m,m,m,m,m
m,m,m,m,m,m,m,m,m,m,m,m,m,m,G,G,G,G,G,G,G,G,G,G,G,G,G,G,G,G,G,G,G,G,G,G,G,G,G,G,G,G,G,G,G,G,G,G,G,G,G,G,G,G,G,G,G,G,G,G,G,G,G,G,G,G,G,G,G,G,G,G,G,G,~,t,~,~,~,~,~,~,~,~,~,~,~,~,~,~,~,~,~,~,k,~,~,~,~,~,~,~,~,~,~,~,~,~,~,~,~,~,~,~,~,~,~,~,~,~,~,~,~,~,~,~,~,~,~,~,~,~,~,~,~,~,~,~,~,~,~,~,~,~,~,~,~,~,~,~,~,~,~,~,~,~,~,~,~,~,~,~,~,~,~,~,~,~,~,~,~,~,~,~,~,~,~,~,~,~,~,~,~,~,~,~,~,~,~,~,~,k,~,~,~,~,~,~,~,~,~,~,~,~,~,~,~,~,~,~,~,~,~,~,~,~,~,~,~,~,~,~,~,G,G,G,G,G,G,G,G,G,G,G,G,G,G,G,G,G,G,G,G,G,G,G,G,G,G,G,G,G,G,G,G,G,G,G,G,G,G,G,G,G,G,G,G,G,G,G,G,G,G,G,G,G,G,G,G,G,G,G,G,m,m,m,m,m,m,m,m,m,m,m,m,m,m,m,m,m
m,m,m,m,m,m,m,m,m,m,m,m,m,m,G,G,G,G,G,G,G,G,G,G,G,G,G,G,G,G,G,G,G,G,G,G,G,G,G,G,G,G,G,G,G,G,G,G,G,G,G,G,G,G,G,G,G,G,G,G,G,G,G,G,G,G,G,G,G,G,G,G,G,G,G,~,~,~,~,~,~,~,~,~,~,~,~,~,~,~,~,~,~,~,~,~,~,~,~,~,~,~,~,~,~,~,~,~,~,~,~,~,~,~,~,~,k,~,~,~,~,~,~,~,~,~,~,~,~,~,~,~,~,~,~,~,~,~,~,~,~,~,~,~,~,~,~,~,~,~,~,~,~,~,~,~,~,~,~,~,~,~,~,~,~,~,~,~,~,~,~,~,~,~,~,~,~,~,~,~,~,~,~,~,~,~,~,~,~,~,~,~,~,~,~,~,~,~,~,~,~,~,~,~,~,~,~,~,~,~,~,~,~,~,~,~,~,~,~,~,~,~,G,G,G,G,G,G,G,G,G,G,G,G,G,G,G,G,G,G,G,G,G,G,G,G,G,G,G,G,G,G,G,G,G,G,G,G,G,G,G,G,G,G,G,G,G,G,G,G,G,G,G,G,G,G,G,G,G,G,G,G,G,m,m,m,m,m,m,m,m,m,m,m,m,m,m,m,m,m
m,m,m,m,m,m,m,m,m,m,m,m,m,m,m,G,G,G,G,G,G,G,G,G,G,G,G,G,G,G,G,G,G,G,G,G,G,G,G,G,G,G,G,G,G,G,G,G,G,G,G,G,G,G,G,G,G,G,G,G,G,G,G,G,G,G,G,G,G,G,G,G,G,G,G,G,~,~,~,~,~,~,~,k,~,~,~,~,~,~,~,~,~,~,~,~,~,~,~,~,~,~,~,~,~,~,~,~,~,~,~,~,~,~,~,~,~,~,~,~,~,~,~,~,~,~,~,~,~,~,~,~,~,~,~,~,~,~,~,~,~,~,~,~,~,~,~,~,~,~,~,~,~,~,~,~,~,~,~,~,~,~,~,k,~,~,~,~,~,~,~,~,~,~,~,~,~,~,~,~,~,~,~,~,~,~,~,~,~,~,~,~,~,~,~,~,~,~,~,~,~,~,~,~,~,~,~,~,~,~,~,~,~,k,~,~,~,~,~,~,~,G,G,G,G,G,G,G,G,G,G,G,G,G,G,G,G,G,G,G,G,G,G,G,G,G,G,G,G,G,G,G,G,G,G,G,G,G,G,G,G,G,G,G,G,G,G,G,G,G,G,G,G,G,G,G,G,G,G,G,G,G,G,m,m,m,m,m,m,m,m,m,m,m,m,m,m,m,m,m
m,m,m,m,m,m,m,m,m,m,m,m,m,m,m,G,G,G,G,G,G,G,G,G,G,G,G,G,G,G,G,G,G,G,G,G,G,G,G,G,G,G,G,G,G,G,G,G,G,G,G,G,G,G,G,G,G,G,G,G,G,G,G,G,G,G,G,G,G,G,G,G,G,G,G,G,G,~,~,~,k,~,~,~,~,~,~,~,~,~,~,~,~,~,~,~,~,~,~,~,~,~,~,~,~,~,~,~,~,~,~,~,~,~,~,~,~,~,~,~,~,~,~,~,~,~,~,~,~,~,~,t,~,~,~,~,~,~,~,~,~,~,~,~,~,~,~,~,~,~,~,~,~,~,~,~,~,~,~,~,~,~,~,~,~,~,~,~,~,~,~,~,k,~,~,~,~,~,~,~,~,~,~,~,~,t,~,~,~,~,~,~,~,~,~,~,~,~,~,~,~,~,~,~,~,~,~,~,~,~,~,~,~,~,~,~,~,~,~,~,G,G,G,G,G,G,G,G,G,G,G,G,G,G,G,G,G,G,G,G,G,G,G,G,G,G,G,G,G,G,G,G,G,G,G,G,G,G,G,G,G,G,G,G,G,G,G,G,G,G,G,G,G,G,G,G,G,G,G,G,G,G,G,m,m,m,m,m,m,m,m,m,m,m,m,m,m,m,m,m
m,m,m,m,m,m,m,m,m,m,m,m,m,m,m,G,G,G,G,G,G,G,G,G,G,G,G,G,G,G,G,G,G,G,G,G,G,G,G,G,G,G,G,G,G,G,G,G,G,G,G,G,G,G,G,G,G,G,G,G,G,G,G,G,G,G,G,G,G,G,G,G,G,G,G,G,G,G,~,~,~,~,~,~,~,~,~,~,~,~,~,~,~,~,~,~,~,~,~,~,~,~,~,~,~,~,~,~,~,~,~,~,~,~,~,~,~,~,~,~,~,~,~,~,~,~,~,~,~,~,~,~,~,~,~,~,~,t,~,~,~,~,~,~,~,~,~,~,~,~,~,~,~,~,~,~,~,~,~,~,~,~,~,~,~,~,~,~,~,~,~,~,~,~,~,~,~,~,~,~,~,~,t,~,~,~,~,~,~,~,~,~,~,~,~,~,~,~,~,~,~,~,~,~,~,~,~,~,~,~,~,~,~,~,~,~,~,~,~,G,G,G,G,G,G,G,G,G,G,G,G,G,G,G,G,G,G,G,G,G,G,G,G,G,G,G,G,G,G,G,G,G,G,G,G,G,G,G,G,G,G,G,G,G,G,G,G,G,G,G,G,G,G,G,G,G,G,G,G,G,G,G,G,m,m,m,m,m,m,m,m,m,m,m,m,m,m,m,m,m
m,m,m,m,m,m,m,m,m,m,m,m,m,m,m,G,G,G,G,G,G,G,G,G,G,G,G,G,G,G,G,G,G,G,G,G,G,G,G,G,G,G,G,G,G,G,G,G,G,G,G,G,G,G,G,G,G,G,G,G,G,G,G,G,G,G,G,G,G,G,G,G,G,G,G,G,G,G,G,~,~,k,~,~,~,~,~,~,~,~,~,~,~,~,~,~,~,~,~,~,~,~,~,~,t,~,~,~,~,~,~,~,~,~,~,~,~,~,~,~,~,~,~,~,~,~,~,~,~,~,~,~,~,~,~,~,~,~,~,~,~,~,~,~,~,~,~,~,~,~,~,~,~,~,~,~,~,~,~,~,~,~,~,~,~,k,~,~,~,~,~,~,~,~,~,~,~,~,~,~,~,~,~,~,~,~,~,~,~,~,~,~,~,~,~,~,~,~,~,~,~,~,~,~,~,~,~,~,~,~,~,~,~,~,~,~,~,~,G,G,G,G,G,G,G,G,G,G,G,G,G,G,G,G,G,G,G,G,G,G,G,G,G,G,G,G,G,G,G,G,G,G,G,G,G,G,G,G,G,G,G,G,G,G,G,G,G,G,G,G,G,G,G,G,G,G,G,G,G,G,G,G,G,m,m,m,m,m,m,m,m,m,m,m,m,m,m,m,m,m
m,m,m,m,m,m,m,m,m,m,m,m,m,m,m,G,G,G,G,G,G,G,G,G,G,G,G,G,G,G,G,G,G,G,G,G,G,G,G,G,G,G,G,G,G,G,G,G,G,G,G,G,G,G,G,G,G,G,G,G,G,G,G,G,G,G,G,G,G,G,G,G,G,G,G,G,G,G,G,G,G,~,~,~,~,~,~,~,~,~,~,~,~,~,~,~,~,~,~,~,~,~,~,~,~,~,~,~,~,~,~,~,~,~,~,~,~,~,~,~,~,~,~,~,~,~,~,~,~,~,~,~,~,~,~,~,~,~,~,~,~,~,~,~,~,~,~,~,~,~,~,~,~,~,~,~,~,~,~,k,~,~,~,~,~,~,~,~,~,~,~,~,~,~,~,~,~,~,~,k,~,~,~,~,~,~,~,~,~,~,~,~,~,~,~,~,k,~,~,~,~,~,~,~,~,~,~,~,~,~,~,~,~,~,~,~,G,G,G,G,G,G,G,G,G,G,G,G,G,G,G,G,G,G,G,G,G,G,G,G,G,G,G,G,G,G,G,G,G,G,G,G,G,G,G,G,G,G,G,G,G,G,G,G,G,G,G,G,G,G,G,G,G,G,G,G,G,G,G,G,G,G,G,m,m,m,m,m,m,m,m,m,m,m,m,m,m,m,m,m
m,m,m,m,m,m,m,m,m,m,m,m,m,m,m,G,G,G,G,G,G,G,G,G,G,G,G,G,G,G,G,G,G,G,G,G,G,G,G,G,G,G,G,G,G,G,G,G,G,G,G,G,G,G,G,G,G,G,G,G,G,G,G,G,G,G,G,G,G,G,G,G,G,G,G,G,G,G,G,G,G,G,~,~,~,~,~,~,~,~,~,~,~,~,~,~,~,~,~,~,~,~,~,~,~,~,~,~,~,~,~,~,~,~,~,~,~,~,~,~,~,~,~,~,~,~,~,~,~,~,~,~,~,~,k,~,~,~,~,~,~,~,~,~,~,~,~,~,~,~,~,~,~,~,~,~,~,~,~,~,~,~,~,~,~,~,~,~,~,~,~,~,~,~,~,~,~,~,~,~,~,~,~,~,~,~,~,~,~,~,~,~,k,~,~,~,~,~,~,~,~,~,~,~,~,~,~,~,~,~,~,~,~,~,~,G,G,G,G,G,G,G,G,G,G,G,G,G,G,G,G,G,G,G,G,G,G,G,G,G,G,G,G,G,G,G,G,G,G,G,G,G,G,G,G,G,G,G,G,G,G,G,G,G,G,G,G,G,G,G,G,G,G,G,G,G,G,G,G,G,G,G,G,m,m,m,m,m,m,m,m,m,m,m,m,m,m,m,m,m
m,m,m,m,m,m,m,m,m,m,m,m,m,m,m,m,G,G,G,G,G,G,G,G,G,G,G,G,G,G,G,G,G,G,G,G,G,G,G,G,G,G,G,G,G,G,G,G,G,G,G,G,G,G,G,G,G,G,G,G,G,G,G,G,G,G,G,G,G,G,G,G,G,G,G,G,G,G,G,G,G,G,G,~,~,~,~,~,~,~,~,~,~,~,~,~,~,~,~,~,~,~,~,~,~,~,~,~,~,~,~,~,~,~,~,~,~,~,~,~,~,~,~,~,~,~,~,~,~,~,~,~,~,~,~,~,~,~,~,~,~,~,~,~,~,~,~,~,~,~,~,~,~,~,~,~,~,~,~,~,~,~,~,~,~,~,~,~,~,~,~,~,~,~,~,~,~,~,~,~,~,~,~,~,~,~,~,~,~,~,~,~,~,~,~,~,~,~,~,~,~,~,~,~,~,~,~,~,~,~,~,~,~,~,G,G,G,G,G,G,G,G,G,G,G,G,G,G,G,G,G,G,G,G,G,G,G,G,G,G,G,G,G,G,G,G,G,G,G,G,G,G,G,G,G,G,G,G,G,G,G,G,G,G,G,G,G,G,G,G,G,G,G,G,G,G,G,G,G,G,G,G,G,m,m,m,m,m,m,m,m,m,m,m,m,m,m,m,m,m
m,m,m,m,m,m,m,m,m,m,m,m,m,m,m,m,G,G,G,G,G,G,G,G,G,G,G,G,G,G,G,G,G,G,G,G,G,G,G,G,G,G,G,G,G,G,G,G,G,G,G,G,G,G,G,G,G,G,G,G,G,G,G,G,G,G,G,G,G,G,G,G,G,G,G,G,G,G,G,G,G,G,G,G,G,~,~,~,~,~,~,~,~,~,~,~,~,~,~,~,~,~,~,~,~,~,~,~,~,~,~,~,~,~,~,~,~,~,~,~,~,~,~,~,~,~,~,~,~,~,~,~,~,~,~,~,~,~,~,~,~,~,~,~,~,~,~,~,~,~,~,~,~,~,~,~,~,~,~,~,~,~,~,~,~,~,~,~,~,~,~,~,~,~,~,~,~,~,~,~,~,~,~,~,~,~,~,~,~,~,~,~,~,~,~,~,~,~,~,~,~,~,~,~,~,~,~,~,~,~,~,~,G,G,G,G,G,G,G,G,G,G,G,G,G,G,G,G,G,G,G,G,G,G,G,G,G,G,G,G,G,G,G,G,G,G,G,G,G,G,G,G,G,G,G,G,G,G,G,G,G,G,G,G,G,G,G,G,G,G,G,G,G,G,G,G,G,G,G,G,G,G,G,m,m,m,m,m,m,m,m,m,m,m,m,m,m,m,m,m
m,m,m,m,m,m,m,m,m,m,m,m,m,m,m,m,G,G,G,G,G,G,G,G,G,G,G,G,G,G,G,G,G,G,G,G,G,G,G,G,G,G,G,G,G,G,G,G,G,G,G,G,G,G,G,G,G,G,G,G,G,G,G,G,G,G,G,G,G,G,G,G,G,G,G,G,G,G,G,G,G,G,G,G,G,G,~,~,~,~,~,~,~,~,~,~,~,~,~,~,~,~,~,~,~,~,~,~,~,~,~,~,~,~,~,~,~,~,~,~,~,~,~,~,~,~,~,~,~,~,~,~,~,~,~,~,~,~,~,~,~,~,~,~,~,~,~,~,~,~,~,~,~,~,~,~,~,~,~,~,~,~,~,k,~,~,~,~,~,~,~,~,~,~,~,~,~,~,~,~,~,~,~,~,~,~,~,~,~,~,~,~,~,~,~,~,~,~,~,~,~,~,~,~,~,~,~,~,~,~,~,G,G,G,G,G,G,G,G,G,G,G,G,G,G,G,G,G,G,G,G,G,G,G,G,G,G,G,G,G,G,G,G,G,G,G,G,G,G,G,G,G,G,G,G,G,G,G,G,G,G,G,G,G,G,G,G,G,G,G,G,G,G,G,G,G,G,G,G,G,G,G,G,m,m,m,m,m,m,m,m,m,m,m,m,m,m,m,m,m
m,m,m,m,m,m,m,m,m,m,m,m,m,m,m,m,G,G,G,G,G,G,G,G,G,G,G,G,G,G,G,G,G,G,G,G,G,G,G,G,G,G,G,G,G,G,G,G,G,G,G,G,G,G,G,G,G,G,G,G,G,G,G,G,G,G,G,G,G,G,G,G,G,G,G,G,G,G,G,G,G,G,G,G,G,G,G,G,~,~,~,~,~,~,~,~,~,~,~,~,~,~,~,~,~,~,~,~,~,~,~,~,~,~,~,~,~,~,~,~,~,~,~,~,~,~,~,~,~,~,~,~,~,~,~,~,~,~,~,~,~,~,~,~,~,~,~,~,~,~,~,~,~,~,~,~,~,~,~,~,~,~,~,~,~,~,~,~,~,~,~,~,~,~,~,~,~,~,~,~,~,~,~,~,~,~,~,~,~,~,~,~,~,~,~,~,~,~,~,~,~,~,~,~,~,~,~,~,~,G,G,G,G,G,G,G,G,G,G,G,G,G,G,G,G,G,G,G,G,G,G,G,G,G,G,G,G,G,G,G,G,G,G,G,G,G,G,G,G,G,G,G,G,G,G,G,G,G,G,G,G,G,G,G,G,G,G,G,G,G,G,G,G,G,G,G,G,G,G,G,G,G,G,m,m,m,m,m,m,m,m,m,m,m,m,m,m,m,m,m
m,m,m,m,m,m,m,m,m,m,m,m,m,m,m,m,m,G,G,G,G,G,G,G,G,G,G,G,G,G,G,G,G,G,G,G,G,G,G,G,G,G,G,G,G,G,G,G,G,G,G,G,G,G,G,G,G,G,G,G,G,G,G,G,G,G,G,G,G,G,G,G,G,G,G,G,G,G,G,G,G,G,G,G,G,G,G,G,G,G,~,~,~,~,~,~,~,~,~,~,~,~,~,~,~,~,~,~,~,~,~,~,~,~,~,~,~,~,~,~,~,~,~,~,~,~,~,~,~,~,~,~,~,~,~,~,~,~,~,~,~,~,~,~,~,~,~,~,~,~,~,~,~,~,~,~,~,~,~,~,~,~,~,~,~,~,~,~,~,~,~,~,~,~,~,~,~,~,~,k,~,~,~,~,~,~,~,~,~,~,~,~,~,~,~,~,~,~,~,~,~,~,~,~,~,~,~,G,G,G,G,G,G,G,G,G,G,G,G,G,G,G,G,G,G,G,G,G,G,G,G,G,G,G,G,G,G,G,G,G,G,G,G,G,G,G,G,G,G,G,G,G,G,G,G,G,G,G,G,G,G,G,G,G,G,G,G,G,G,G,G,G,G,G,G,G,G,G,G,G,G,G,G,m,m,m,m,m,m,m,m,m,m,m,m,m,m,m,m,m
m,m,m,m,m,m,m,m,m,m,m,m,m,m,m,m,m,G,G,G,G,G,G,G,G,G,G,G,G,G,G,G,G,G,G,G,G,G,G,G,G,G,G,G,G,G,G,G,G,G,G,G,G,G,G,G,G,G,G,G,G,G,G,G,G,G,G,G,G,G,G,G,G,G,G,G,G,G,G,G,G,G,G,G,G,G,G,G,G,G,G,G,~,~,~,~,~,~,~,~,~,~,~,~,~,~,~,~,~,~,~,~,~,~,~,~,~,~,~,~,~,~,~,~,~,~,~,~,~,~,~,~,~,~,~,~,~,~,~,~,~,~,~,~,~,~,~,~,~,~,~,~,~,~,~,~,~,~,~,~,~,~,~,~,~,~,~,~,~,~,~,~,~,~,~,~,~,~,~,~,~,~,~,~,~,~,~,~,~,~,~,~,~,~,~,~,~,~,~,~,~,~,~,~,~,G,G,G,G,G,G,G,G,G,G,G,G,G,G,G,G,G,G,G,G,G,G,G,G,G,G,G,G,G,G,G,G,G,G,G,G,G,G,G,G,G,G,G,G,G,G,G,G,G,G,G,G,G,G,G,G,G,G,G,G,G,G,G,G,G,G,G,G,G,G,G,G,G,G,G,G,G,G,m,m,m,m,m,m,m,m,m,m,m,m,m,m,m,m,m
m,m,m,m,m,m,m,m,m,m,m,m,m,m,m,m,m,G,G,G,G,G,G,G,G,G,G,G,G,G,G,G,G,G,G,G,G,G,G,G,G,G,G,G,G,G,G,G,G,G,G,G,G,G,G,G,G,G,G,G,G,G,G,G,G,G,G,G,G,G,G,G,G,G,G,G,G,G,G,G,G,G,G,G,G,G,G,G,G,G,G,G,G,G,~,~,~,~,~,~,~,~,~,~,~,~,~,~,~,~,~,~,~,~,~,~,~,k,~,~,~,~,~,~,~,~,~,~,~,~,~,~,~,~,~,~,~,~,~,~,~,~,~,~,~,~,~,~,~,~,~,~,~,~,~,~,~,~,~,~,~,~,~,~,~,~,~,~,~,~,~,~,~,~,~,~,~,~,~,k,~,~,~,~,~,~,~,~,~,~,~,~,~,~,~,~,~,~,~,~,~,~,~,G,G,G,G,G,G,G,G,G,G,G,G,G,G,G,G,G,G,G,G,G,G,G,G,G,G,G,G,G,G,G,G,G,G,G,G,G,G,G,G,G,G,G,G,G,G,G,G,G,G,G,G,G,G,G,G,G,G,G,G,G,G,G,G,G,G,G,G,G,G,G,G,G,G,G,G,G,G,G,G,m,m,m,m,m,m,m,m,m,m,m,m,m,m,m,m,m
m,m,m,m,m,m,m,m,m,m,m,m,m,m,m,m,m,G,G,G,G,G,G,G,G,G,G,G,G,G,G,G,G,G,G,G,G,G,G,G,G,G,G,G,G,G,G,G,G,G,G,G,G,G,G,G,G,G,G,G,G,G,G,G,G,G,G,G,G,G,G,G,G,G,G,G,G,G,G,G,G,G,G,G,G,G,G,G,G,G,G,G,G,G,G,G,~,~,~,~,~,~,~,~,~,~,~,~,~,~,~,~,~,~,~,~,~,~,k,~,~,~,~,~,~,k,~,~,~,~,~,~,~,~,~,~,~,~,~,~,t,~,~,~,~,~,~,~,~,~,~,~,~,~,~,~,~,~,~,~,~,~,~,~,~,~,~,~,~,~,~,~,~,~,~,~,~,~,~,~,~,~,~,~,~,~,~,~,~,~,~,~,~,k,k,~,~,~,~,~,~,G,G,G,G,G,G,G,G,G,G,G,G,G,G,G,G,G,G,G,G,G,G,G,G,G,G,G,G,G,G,G,G,G,G,G,G,G,G,G,G,G,G,G,G,G,G,G,G,G,G,G,G,G,G,G,G,G,G,G,G,G,G,G,G,G,G,G,G,G,G,G,G,G,G,G,G,G,G,G,G,G,G,m,m,m,m,m,m,m,m,m,m,m,m,m,m,m,m,m
m,m,m,m,m,m,m,m,m,m,m,m,m,m,m,m,m,G,G,G,G,G,G,G,G,G,G,G,G,G,G,G,G,G,G,G,G,G,G,G,G,G,G,G,G,G,G,G,G,G,G,G,G,G,G,G,G,G,G,G,G,G,G,G,G,G,G,G,G,G,G,G,G,G,G,G,G,G,G,G,G,G,G,G,G,G,G,G,G,G,G,G,G,G,G,G,G,G,~,~,~,~,~,~,~,~,~,~,~,~,~,~,~,~,~,~,~,~,~,~,~,~,~,~,~,~,~,~,~,~,~,~,~,~,~,k,~,~,~,~,~,~,~,~,~,~,~,~,~,~,~,~,~,~,~,~,~,~,~,~,~,~,~,~,~,~,~,~,~,~,~,~,~,~,~,~,t,~,~,~,~,~,~,~,~,~,~,~,~,~,~,~,~,~,~,~,k,~,~,G,G,G,G,G,G,G,G,G,G,G,G,G,G,G,G,G,G,G,G,G,G,G,G,G,G,G,G,G,G,G,G,G,G,G,G,G,G,G,G,G,G,G,G,G,G,G,G,G,G,G,G,G,G,G,G,G,G,G,G,G,G,G,G,G,G,G,G,G,G,G,G,G,G,G,G,G,G,G,G,G,G,G,G,G,m,m,m,m,m,m,m,m,m,m,m,m,m,m,m,m
m,m,m,m,m,m,m,m,m,m,m,m,m,m,m,m,m,G,G,G,G,G,G,G,G,G,G,G,G,G,G,G,G,G,G,G,G,G,G,G,G,G,G,G,G,G,G,G,G,G,G,G,G,G,G,G,G,G,G,G,G,G,G,G,G,G,G,G,G,G,G,G,G,G,G,G,G,G,G,G,G,G,G,G,G,G,G,G,G,G,G,G,G,G,G,G,G,G,G,G,~,~,~,~,~,~,~,~,~,~,~,~,~,~,~,~,~,~,~,~,~,~,~,~,~,~,~,~,~,~,~,~,~,~,~,~,~,~,~,~,~,~,~,~,~,~,~,~,~,~,~,~,~,~,~,~,~,~,~,~,~,~,~,~,~,~,~,~,~,~,~,~,~,~,~,~,~,~,~,~,~,~,~,~,~,~,~,~,~,~,~,~,~,~,~,~,~,G,G,G,G,G,G,G,G,G,G,G,G,G,G,G,G,G,G,G,G,G,G,G,G,G,G,G,G,G,G,G,G,G,G,G,G,G,G,G,G,G,G,G,G,G,G,G,G,G,G,G,G,G,G,G,G,G,G,G,G,G,G,G,G,G,G,G,G,G,G,G,G,G,G,G,G,G,G,G,G,G,G,G,G,G,G,G,m,m,m,m,m,m,m,m,m,m,m,m,m,m,m,m
m,m,m,m,m,m,m,m,m,m,m,m,m,m,m,m,m,G,G,G,G,G,G,G,G,G,G,G,G,G,G,G,G,G,G,G,G,G,G,G,G,G,G,G,G,G,G,G,G,G,G,G,G,G,G,G,G,G,G,G,G,G,G,G,G,G,G,G,G,G,G,G,G,G,G,G,G,G,G,G,G,G,G,G,G,G,G,G,G,G,G,G,G,G,G,G,G,G,G,G,G,G,G,~,~,~,~,~,~,~,~,~,~,~,~,~,~,~,~,~,~,~,~,~,~,~,~,~,~,~,~,~,~,~,~,~,~,~,~,~,~,k,~,~,~,~,~,~,~,~,~,~,~,~,~,~,~,~,~,~,~,~,~,~,~,~,~,~,~,~,~,~,~,~,~,~,~,~,~,~,~,~,~,~,~,~,~,~,~,~,~,k,~,~,G,G,G,G,G,G,G,G,G,G,G,G,G,G,G,G,G,G,G,G,G,G,G,G,G,G,G,G,G,G,G,G,G,G,G,G,G,G,G,G,G,G,G,G,G,G,G,G,G,G,G,G,G,G,G,G,G,G,G,G,G,G,G,G,G,G,G,G,G,G,G,G,G,G,G,G,G,G,G,G,G,G,G,G,G,G,G,G,G,G,m,m,m,m,m,m,m,m,m,m,m,m,m,m,m,m
m,m,m,m,m,m,m,m,m,m,m,m,m,m,m,m,m,G,G,G,G,G,G,G,G,G,G,G,G,G,G,G,G,G,G,G,G,G,G,G,G,G,G,G,G,G,G,G,G,G,G,G,G,G,G,G,G,G,G,G,G,G,G,G,G,G,G,G,G,G,G,G,G,G,G,G,G,G,G,G,G,G,G,G,G,G,G,G,G,G,G,G,G,G,G,G,G,G,G,G,G,G,G,G,G,G,~,~,~,~,~,~,~,~,~,~,~,~,~,~,~,~,~,~,~,~,k,~,~,~,~,~,~,~,~,~,~,~,~,~,~,~,~,~,~,~,~,~,~,~,~,~,~,~,~,~,~,~,~,~,~,~,~,~,~,~,~,~,~,~,~,~,~,~,~,~,~,~,~,~,~,~,~,~,~,~,~,~,~,~,~,G,G,G,G,G,G,G,G,G,G,G,G,G,G,G,G,G,G,G,G,G,G,G,G,G,G,G,G,G,G,G,G,G,G,G,G,G,G,G,G,G,G,G,G,G,G,G,G,G,G,G,G,G,G,G,G,G,G,G,G,G,G,G,G,G,G,G,G,G,G,G,G,G,G,G,G,G,G,G,G,G,G,G,G,G,G,G,G,G,G,G,G,G,m,m,m,m,m,m,m,m,m,m,m,m,m,m,m,m
m,m,m,m,m,m,m,m,m,m,m,m,m,m,m,m,m,G,G,G,G,G,G,G,G,G,G,G,G,G,G,G,G,G,G,G,G,G,G,G,G,G,G,G,G,G,G,G,G,G,G,G,G,G,G,G,G,G,G,G,G,G,G,G,G,G,G,G,G,G,G,G,G,G,G,G,G,G,G,G,G,G,G,G,G,G,G,G,G,G,G,G,G,G,G,G,G,G,G,G,G,G,G,G,G,G,G,G,G,~,~,~,~,~,~,~,~,~,~,~,~,~,~,~,~,~,~,~,~,~,~,~,~,~,~,~,~,~,~,~,~,~,~,~,~,~,~,~,~,~,~,~,~,~,~,~,~,~,~,~,~,~,~,k,~,~,~,~,~,~,~,~,~,~,~,~,~,~,~,~,~,~,~,~,~,~,~,~,G,G,G,G,G,G,G,G,G,G,G,G,G,G,G,G,G,G,G,G,G,G,G,G,G,G,G,G,G,G,G,G,G,G,G,G,G,G,G,G,G,G,G,G,G,G,G,G,G,G,G,G,G,G,G,G,G,G,G,G,G,G,G,G,G,G,G,G,G,G,G,G,G,G,G,G,G,G,G,G,G,G,G,G,G,G,G,G,G,G,G,G,G,G,G,G,G,m,m,m,m,m,m,m,m,m,m,m,m,m,m,m
m,m,m,m,m,m,m,m,m,m,m,m,m,m,m,m,m,G,G,G,G,G,G,G,G,G,G,G,G,G,G,G,G,G,G,G,G,b,t,t,G,G,G,G,G,G,G,G,t,t,t,t,G,G,t,G,G,t,G,G,t,G,G,t,t,b,G,G,G,G,t,G,G,t,G,G,G,t,G,G,G,G,G,G,G,G,G,t,G,G,G,G,G,G,G,b,G,G,G,G,G,b,G,G,t,G,b,G,G,G,t,G,~,~,~,~,~,~,~,~,~,~,~,~,~,~,~,~,~,~,~,~,~,~,~,~,~,~,~,~,~,~,~,~,~,~,~,~,~,~,~,~,~,~,~,~,~,~,~,~,~,~,~,~,~,~,~,~,~,~,~,~,~,~,~,~,~,~,~,~,~,~,~,~,~,G,G,G,G,G,G,G,G,G,G,G,G,G,G,G,G,G,G,G,G,G,G,G,G,G,G,G,G,G,G,G,G,G,G,G,G,G,G,G,G,G,G,G,G,G,G,G,G,G,G,G,G,G,G,G,G,G,G,G,G,G,G,G,G,G,G,G,G,G,G,G,G,G,G,G,G,G,G,G,G,G,G,G,G,G,G,G,G,G,G,G,G,G,G,G,G,G,G,G,G,m,m,m,m,m,m,m,m,m,m,m,m,m,m,m
m,m,m,m,m,m,m,m,m,m,m,m,m,m,m,m,m,G,G,G,G,G,G,G,G,G,G,G,G,G,G,G,G,G,G,t,t,G,G,G,G,b,t,G,t,G,G,G,G,G,G,G,t,b,G,b,G,G,G,G,G,G,G,b,b,t,t,t,G,G,t,t,G,G,G,G,b,t,t,b,t,t,G,b,G,G,G,t,G,G,G,G,G,G,t,t,G,G,G,G,t,G,t,t,G,b,G,t,G,G,G,b,G,G,G,G,~,~,~,~,~,~,~,~,~,~,~,~,~,~,~,~,~,~,~,~,~,~,~,~,~,~,~,~,~,~,~,~,~,~,~,~,~,~,~,~,~,~,~,~,~,~,~,~,~,~,~,~,~,~,~,~,~,~,~,~,~,~,~,~,~,G,G,G,G,G,G,G,G,G,G,G,G,G,G,G,G,G,G,G,G,G,G,G,G,G,G,G,G,G,G,G,G,G,G,G,G,G,G,G,G,G,G,G,G,G,G,G,G,G,G,G,G,G,G,G,G,G,G,G,G,G,G,G,G,G,G,G,G,G,G,G,G,G,G,G,G,G,G,G,G,G,G,G,G,G,G,G,G,G,G,G,G,G,G,G,G,G,G,G,G,G,G,G,G,m,m,m,m,m,m,m,m,m,m,m,m,m,m,m
m,m,m,m,m,m,m,m,m,m,m,m,m,m,m,m,m,G,G,G,G,G,G,G,G,G,G,G,G,G,G,G,G,G,G,G,b,G,G,G,G,t,t,G,t,t,t,t,G,G,b,b,G,G,G,G,G,G,G,G,G,G,G,G,G,G,t,t,b,G,G,b,t,G,G,G,G,G,t,t,G,G,b,t,G,G,G,G,G,G,b,t,G,G,G,G,t,G,G,G,t,G,G,G,G,G,G,b,G,G,G,G,b,G,G,G,G,G,G,G,~,~,~,~,~,~,~,~,~,~,~,~,~,~,~,~,~,~,~,~,~,~,~,~,~,~,~,~,~,~,~,~,~,~,~,~,~,~,~,~,~,~,~,~,~,~,~,~,~,~,~,~,~,~,~,~,~,G,t,G,G,G,G,G,G,G,G,G,G,G,G,G,G,G,G,G,G,G,G,G,G,G,G,G,G,G,G,G,G,G,G,G,G,G,G,G,G,G,G,G,G,G,G,G,G,G,G,G,G,G,G,G,G,G,G,G,G,G,G,G,G,G,G,G,G,G,G,G,G,G,G,G,G,G,G,G,G,G,G,G,G,G,G,G,G,G,G,G,G,G,G,G,G,G,G,G,G,G,G,G,G,G,G,G,G,m,m,m,m,m,m,m,m,m,m,m,m,m,m,m
m,m,m,m,m,m,m,m,m,m,m,m,m,m,m,m,m,G,G,G,G,G,G,G,G,G,G,G,G,G,G,G,G,G,G,G,G,G,G,t,G,G,G,G,t,G,G,b,t,G,G,t,G,G,G,t,G,G,G,G,b,G,G,b,G,G,G,G,G,G,b,G,G,G,G,G,b,b,G,G,G,t,G,G,G,G,G,G,t,G,G,b,G,t,G,G,G,G,G,G,G,G,t,G,G,G,G,G,G,G,G,G,G,t,G,G,G,G,G,G,G,G,G,b,G,~,~,~,~,~,~,~,~,~,~,~,~,~,~,~,~,~,~,~,~,~,~,~,~,~,~,~,~,~,~,~,~,~,~,~,~,~,~,~,~,~,~,~,~,~,~,~,G,G,t,t,G,G,G,G,G,G,G,G,G,G,G,G,G,G,G,G,G,G,G,G,G,G,G,G,G,G,G,G,G,G,G,G,G,G,G,G,G,G,G,G,G,G,G,G,G,G,G,G,G,G,G,G,G,G,G,G,G,G,G,G,G,G,G,G,G,G,G,G,G,G,G,G,G,G,G,G,G,G,G,G,G,G,G,G,G,G,G,G,G,G,G,G,G,G,G,G,G,G,G,G,G,G,G,G,G,G,G,G,G,m,m,m,m,m,m,m,m,m,m,m,m,m,m,m
m,m,m,m,m,m,m,m,m,m,m,m,m,m,m,m,m,G,G,G,G,G,G,G,G,G,G,G,G,G,G,G,G,G,G,G,G,t,G,G,G,G,G,t,G,b,G,t,G,G,G,t,t,G,G,b,G,t,G,b,b,t,G,G,G,t,G,G,G,G,G,b,G,t,G,G,b,G,G,G,b,G,G,b,G,G,G,t,G,G,G,b,G,G,G,G,G,G,G,G,G,G,G,G,b,G,G,G,t,b,G,t,t,G,G,G,G,G,b,G,G,G,G,G,t,G,t,G,G,G,G,G,~,~,~,~,~,~,~,~,~,~,~,~,~,~,~,~,~,~,~,~,~,~,~,~,~,~,~,~,~,~,~,~,~,G,G,G,t,G,G,G,G,G,G,G,t,b,t,G,G,G,G,G,G,G,G,G,G,G,G,G,G,G,G,G,G,G,G,G,G,G,G,G,G,G,G,G,G,G,G,G,G,G,G,G,G,G,G,G,G,G,G,G,G,G,G,G,G,G,G,G,G,G,G,G,G,G,G,G,G,G,G,G,G,G,G,G,G,G,G,G,G,G,G,G,G,G,G,G,G,G,G,G,G,G,G,G,G,G,G,G,G,G,G,G,G,G,G,G,G,G,G,G,G,m,m,m,m,m,m,m,m,m,m,m,m,m,m,m
m,m,m,m,m,m,m,m,m,m,m,m,m,m,m,m,m,G,G,G,G,G,G,G,G,G,G,G,G,G,G,G,G,G,G,G,G,G,b,t,G,G,b,G,t,G,b,G,t,G,t,G,G,G,G,G,G,t,G,t,G,G,G,t,G,G,G,G,t,G,G,G,G,G,t,t,G,G,G,G,G,t,G,b,t,G,t,G,t,t,G,G,t,G,t,G,t,t,b,t,G,t,t,G,b,G,t,t,G,G,G,G,G,G,t,G,G,t,G,G,G,G,G,t,G,G,G,G,G,t,t,G,t,b,G,G,G,G,G,G,G,t,G,G,G,G,G,t,~,G,G,G,G,G,G,b,G,G,G,t,G,G,G,t,G,t,G,t,t,G,G,G,G,G,G,t,G,G,G,G,G,G,G,G,G,G,G,G,G,G,G,G,G,G,G,G,G,G,G,G,G,G,G,G,G,G,G,G,G,G,G,G,G,G,G,G,G,G,G,G,G,G,G,G,G,G,G,G,G,G,G,G,G,G,G,G,G,G,G,G,G,G,G,G,G,G,G,G,G,G,G,G,G,G,G,G,G,G,G,G,G,G,G,G,G,G,G,G,G,G,G,G,G,G,G,G,G,G,G,G,G,G,G,G,G,m,m,m,m,m,m,m,m,m,m,m,m,m,m,m
m,m,m,m,m,m,m,m,m,m,m,m,m,m,m,m,G,G,G,G,G,G,G,G,G,G,G,G,G,G,G,G,G,G,G,G,G,G,G,G,G,t,G,b,t,G,G,G,G,G,G,G,G,G,G,t,G,G,b,t,G,b,G,t,G,G,G,t,G,t,G,t,G,G,G,G,G,G,t,t,t,G,G,b,G,G,G,b,G,t,G,b,G,G,G,t,G,G,t,b,t,t,b,G,t,G,t,G,G,G,G,G,t,G,t,t,G,G,G,G,G,G,t,t,G,G,G,G,G,t,G,b,G,G,G,b,G,G,t,G,t,G,G,G,G,G,G,b,t,G,G,G,G,G,t,G,G,G,t,G,G,G,G,G,G,G,G,G,G,G,t,t,G,b,b,t,G,b,G,G,G,G,G,G,G,G,G,G,G,G,G,G,G,G,G,G,G,G,G,G,G,G,G,G,G,G,G,G,G,G,G,G,G,G,G,G,G,G,G,G,G,G,G,G,G,G,G,G,G,G,G,G,G,G,G,G,G,G,G,G,G,G,G,G,G,G,G,G,G,G,G,G,G,G,G,G,G,G,G,G,G,G,G,G,G,G,G,G,G,G,G,G,G,G,G,G,G,G,G,G,G,G,G,G,G,m,m,m,m,m,m,m,m,m,m,m,m,m,m,m
m,m,m,m,m,m,m,m,m,m,m,m,m,m,m,m,G,G,G,G,G,G,G,G,G,G,G,G,G,G,G,G,G,G,G,t,G,t,G,G,G,G,G,G,G,G,G,G,G,G,G,t,t,t,G,G,G,G,t,b,G,G,G,t,G,b,G,G,G,G,G,t,t,G,b,G,G,G,G,G,G,t,G,G,G,G,G,G,b,G,G,G,G,G,G,G,G,G,G,G,G,t,t,G,G,b,t,t,G,t,G,G,G,t,G,G,t,G,t,G,G,G,t,G,G,G,b,G,b,G,G,G,b,G,G,G,G,G,G,G,b,G,G,G,G,G,t,b,G,G,G,G,G,G,G,G,t,G,G,b,G,b,G,t,G,G,b,G,G,t,t,G,b,G,G,t,G,G,G,G,G,G,G,G,G,G,G,G,G,G,G,G,G,G,G,G,G,G,G,G,G,G,G,G,G,G,G,G,G,G,G,G,G,G,G,G,G,G,G,G,G,G,G,G,G,G,G,G,G,G,G,G,G,G,G,G,G,G,G,G,G,G,G,G,G,G,G,G,G,G,G,G,G,G,G,G,G,G,G,G,G,G,G,G,G,G,G,G,G,G,G,G,G,G,G,G,G,G,G,G,G,G,G,G,G,G,m,m,m,m,m,m,m,m,m,m,m,m,m,m
m,m,m,m,m,m,m,m,m,m,m,m,m,m,m,m,G,G,G,G,G,G,G,G,G,G,G,G,G,G,G,G,G,G,G,G,t,b,G,G,t,G,G,t,t,b,G,G,G,G,t,b,b,t,G,G,G,t,G,G,t,G,b,t,G,G,b,G,G,t,G,t,G,G,G,G,G,G,G,G,b,t,G,G,G,G,G,G,G,t,G,G,t,G,G,G,G,G,t,G,G,b,t,t,t,G,G,G,G,b,G,t,G,G,G,G,t,G,G,G,G,G,G,G,G,G,G,G,G,t,G,G,G,G,t,G,b,G,G,G,G,t,G,G,G,b,G,G,t,G,G,G,G,G,G,G,G,G,G,t,G,G,t,t,G,G,G,G,G,G,G,G,G,G,G,G,G,b,t,G,G,G,G,G,G,G,G,G,G,G,G,G,G,G,G,G,G,G,G,G,G,G,G,G,G,G,G,G,G,G,G,G,G,G,G,G,G,G,G,G,G,G,G,G,G,G,G,G,G,G,G,G,G,G,G,G,G,G,G,G,G,G,G,G,G,G,G,G,G,G,G,G,G,G,G,G,G,G,G,G,G,G,G,G,G,G,G,G,G,G,G,G,G,G,G,G,G,G,G,G,G,G,G,G,G,G,m,m,m,m,m,m,m,m,m,m,m,m,m,m
m,m,m,m,m,m,m,m,m,m,m,m,m,m,m,m,G,G,G,G,G,G,G,G,G,G,G,G,G,G,G,G,G,G,G,G,G,G,G,b,b,G,G,b,G,G,t,G,G,G,G,t,G,G,b,G,t,G,G,G,G,G,G,G,G,t,t,t,G,t,G,G,G,G,G,t,b,G,G,G,G,G,t,G,G,G,G,G,G,G,G,t,G,G,G,t,t,t,t,G,G,G,G,G,G,b,G,G,t,b,G,G,t,G,t,G,G,G,G,G,G,t,t,G,G,G,G,G,G,G,G,b,G,G,G,G,b,t,t,G,G,t,G,b,G,G,G,G,t,G,G,G,G,G,G,G,b,G,b,b,t,b,G,G,b,G,t,G,G,b,G,G,G,G,b,t,G,G,G,G,G,G,G,G,G,G,G,G,G,G,G,G,G,G,G,G,G,G,G,G,G,G,G,G,G,G,G,G,G,G,G,G,G,G,G,G,G,G,G,G,G,G,G,G,G,G,G,G,G,G,G,G,G,G,G,G,G,G,G,G,G,G,G,G,G,G,G,G,G,G,G,G,G,G,G,G,G,G,G,G,G,G,G,G,G,G,G,G,G,G,G,G,G,G,G,G,G,G,G,G,G,G,G,G,G,G,m,m,m,m,m,m,m,m,m,m,m,m,m,m
m,m,m,m,m,m,m,m,m,m,m,m,m,m,m,G,G,G,G,G,G,G,G,G,G,G,G,G,G,G,G,G,G,G,G,t,G,t,G,G,G,G,G,G,G,G,G,G,G,G,G,t,G,t,G,G,b,G,G,t,G,G,G,G,G,G,t,G,G,t,t,G,G,G,G,G,G,G,t,G,G,b,G,G,G,G,b,G,G,G,G,G,G,G,G,t,G,G,G,G,G,G,G,t,G,G,G,t,G,t,G,t,t,b,t,G,G,G,G,G,G,t,t,t,G,G,G,b,t,G,G,G,G,G,G,G,G,t,b,G,b,G,b,b,t,G,b,G,G,G,G,G,G,G,G,b,t,G,G,G,G,G,G,b,b,G,G,G,b,G,t,G,G,G,t,G,G,b,G,G,G,G,G,G,G,G,G,G,G,G,G,G,G,G,G,G,G,G,G,G,G,G,G,G,G,G,G,G,G,G,G,G,G,G,G,G,G,G,G,G,G,G,G,G,G,G,G,G,G,G,G,G,G,G,G,G,G,G,G,G,G,G,G,G,G,G,G,G,G,G,G,G,G,G,G,G,G,G,G,G,G,G,G,G,G,G,G,G,G,G,G,G,G,G,G,G,G,G,G,G,G,G,G,G,G,G,m,m,m,m,m,m,m,m,m,m,m,m,m,m
m,m,m,m,m,m,m,m,m,m,m,m,m,m,m,G,G,G,G,G,G,G,G,G,G,G,G,G,G,G,G,G,G,G,G,G,G,t,G,G,t,G,t,G,G,G,G,G,G,t,G,G,G,G,t,G,G,G,G,G,t,G,t,G,G,G,G,G,G,G,G,t,G,t,G,b,G,G,G,G,G,G,t,t,t,G,b,t,G,G,G,G,t,G,G,G,G,t,G,t,t,G,b,b,b,G,G,b,G,t,G,G,t,t,b,G,G,G,G,b,t,G,b,G,t,t,t,G,G,G,G,G,G,G,t,b,G,G,t,G,G,t,G,t,G,G,G,t,G,G,G,G,G,G,G,t,t,G,t,G,G,G,G,G,t,G,G,G,G,G,G,G,t,G,t,G,G,t,G,G,G,G,G,G,G,G,G,G,G,G,G,G,G,G,G,G,G,G,G,G,G,G,G,G,G,G,G,G,G,G,G,G,G,G,G,G,G,G,G,G,G,G,G,G,G,G,G,G,G,G,G,G,G,G,G,G,G,G,G,G,G,G,G,G,G,G,G,G,G,G,G,G,G,G,G,G,G,G,G,G,G,G,G,G,G,G,G,G,G,G,G,G,G,G,G,G,G,G,G,G,G,G,G,G,G,G,G,m,m,m,m,m,m,m,m,m,m,m,m,m
m,m,m,m,m,m,m,m,m,m,m,m,m,m,m,G,G,G,G,G,G,G,G,G,G,G,G,G,G,G,G,G,G,G,G,t,G,G,G,G,G,G,G,G,G,G,G,G,G,G,G,G,t,G,G,G,b,t,t,b,G,G,G,G,b,G,b,G,G,t,G,G,G,G,t,t,t,t,G,G,t,G,G,b,t,G,t,G,b,G,G,b,G,G,G,b,t,G,b,b,t,G,G,G,G,G,G,G,G,G,G,b,G,t,G,G,G,G,b,G,G,G,G,G,G,t,b,t,G,G,G,t,G,t,b,G,G,G,t,G,G,G,G,G,G,G,t,G,G,G,G,G,G,G,t,G,G,b,G,t,G,G,G,G,G,G,b,G,G,t,G,G,G,G,G,G,G,b,t,G,G,G,G,G,G,G,G,G,G,G,G,G,G,G,G,G,G,G,G,G,G,G,G,G,G,G,G,G,G,G,G,G,G,G,G,G,G,G,G,G,G,G,G,G,G,G,G,G,G,G,G,G,G,G,G,G,G,G,G,G,G,G,G,G,G,G,G,G,G,G,G,G,G,G,G,G,G,G,G,G,G,G,G,G,G,G,G,G,G,G,G,G,G,G,G,G,G,G,G,G,G,G,G,G,G,G,G,m,m,m,m,m,m,m,m,m,m,m,m,m
m,m,m,m,m,m,m,m,m,m,m,m,m,m,m,G,G,G,G,G,G,G,G,G,G,G,G,G,G,G,G,G,G,G,G,b,G,G,G,t,G,G,G,G,G,G,b,G,G,G,G,t,G,t,G,G,G,G,G,t,t,G,G,G,G,G,G,b,G,t,G,G,G,G,G,G,G,t,G,t,G,b,G,t,G,G,G,G,t,t,t,t,G,G,b,G,G,G,G,G,b,G,G,G,G,G,t,G,G,t,t,t,G,G,G,G,G,t,G,t,t,G,G,G,t,t,G,G,G,t,G,b,G,G,G,G,G,t,t,b,G,G,G,G,G,t,G,G,G,G,G,G,G,G,G,t,G,G,G,G,G,G,G,t,b,G,G,G,G,G,G,G,t,G,G,G,t,t,G,G,G,G,G,G,G,G,G,G,G,G,G,G,G,G,G,G,G,G,G,G,G,G,G,G,G,G,G,G,G,G,G,G,G,G,G,G,G,G,G,G,G,G,G,G,G,G,G,G,G,G,G,G,G,G,G,G,G,G,G,G,G,G,G,G,G,G,G,G,G,G,G,G,G,G,G,G,G,G,G,G,G,G,G,G,G,G,G,G,G,G,G,G,G,G,G,G,G,G,G,G,G,G,G,G,G,G,G,m,m,m,m,m,m,m,m,m,m,m,m,m
m,m,m,m,m,m,m,m,m,m,m,m,m,m,m,G,G,G,G,G,G,G,G,G,G,G,G,G,G,G,G,G,G,G,G,G,G,b,t,t,b,G,b,t,t,G,G,G,t,G,t,G,G,G,b,G,t,G,G,G,G,t,G,t,b,G,t,G,G,G,t,b,b,G,G,t,t,b,G,G,G,G,G,G,G,G,G,t,G,G,t,b,G,G,b,G,G,G,b,G,G,G,t,G,G,G,G,G,G,G,G,G,b,G,G,G,G,G,G,b,G,G,G,t,G,G,G,G,G,G,G,G,G,G,G,G,t,G,G,G,G,t,G,G,G,G,G,G,t,G,G,G,G,G,b,G,G,G,G,G,G,G,G,G,G,t,t,G,G,t,G,t,b,G,t,G,G,G,G,G,G,G,G,G,G,G,G,G,G,G,G,G,G,G,G,G,G,G,G,G,G,G,G,G,G,G,G,G,G,G,G,G,G,G,G,G,G,G,G,G,G,G,G,G,G,G,G,G,G,G,G,G,G,G,G,G,G,G,G,G,G,G,G,G,G,G,G,G,G,G,G,G,G,G,G,G,G,G,G,G,G,G,G,G,G,G,G,G,G,G,G,G,G,G,G,G,G,G,G,G,G,G,G,G,G,G,G,m,m,m,m,m,m,m,m,m,m,m,m,m
m,m,m,m,m,m,m,m,m,m,m,m,m,m,m,G,G,G,G,G,G,G,G,G,G,G,G,G,G,G,G,G,G,G,G,b,b,G,t,G,G,G,t,G,b,t,t,G,G,b,G,t,G,G,t,G,t,G,G,G,t,G,G,t,t,G,t,G,G,b,G,G,G,G,G,G,G,G,G,G,G,b,G,t,t,t,b,t,G,G,G,t,G,t,G,G,G,G,G,G,t,b,G,t,G,t,t,G,G,G,G,G,G,G,G,t,t,G,b,b,G,t,G,G,G,G,t,t,G,G,G,G,t,G,G,G,t,G,G,b,G,G,G,G,G,G,G,b,G,G,G,G,G,G,G,G,G,G,t,t,t,t,t,G,b,G,G,G,b,b,G,G,G,t,G,G,G,G,G,G,G,G,G,G,G,G,G,G,G,G,G,G,G,G,G,G,G,G,G,G,G,G,G,G,G,G,G,G,G,G,G,G,G,G,G,G,G,G,G,G,G,G,G,G,G,G,G,G,G,G,G,G,G,G,G,G,G,G,G,G,G,G,G,G,G,G,G,G,G,G,G,G,G,G,G,G,G,G,G,G,G,G,G,G,G,G,G,G,G,G,G,G,G,G,G,G,G,G,G,G,G,G,G,G,G,G,G,m,m,m,m,m,m,m,m,m,m,m,m,m
m,m,m,m,m,m,m,m,m,m,m,m,m,m,G,G,G,G,G,G,G,G,G,G,G,G,G,G,G,G,G,G,G,G,G,t,G,b,G,G,G,G,G,G,b,G,G,G,G,t,G,b,G,G,G,G,t,G,G,G,G,G,G,t,G,t,G,t,b,G,G,G,G,G,G,G,t,t,G,G,t,G,G,t,G,t,G,t,G,t,G,b,G,b,G,G,t,G,b,G,b,G,G,t,G,t,b,G,t,G,G,G,G,t,t,G,G,t,b,G,t,G,G,t,G,t,G,t,G,G,G,G,t,G,G,G,t,t,G,G,G,G,b,t,b,t,G,G,G,G,G,G,G,G,G,G,G,G,b,G,G,G,b,t,G,G,G,t,G,G,G,G,G,G,t,G,G,G,G,G,G,G,G,G,G,G,G,G,G,G,G,G,G,G,G,G,G,G,G,G,G,G,G,G,G,G,G,G,G,G,G,G,G,G,G,G,G,G,G,G,G,G,G,G,G,G,G,G,G,G,G,G,G,G,G,G,G,G,G,G,G,G,G,G,G,G,G,G,G,G,G,G,G,G,G,G,G,G,G,G,G,G,G,G,G,G,G,G,G,G,G,G,G,G,G,G,G,G,G,G,G,G,G,G,G,G,G,m,m,m,m,m,m,m,m,m,m,m,m,m
m,m,m,m,m,m,m,m,m,m,m,m,m,m,G,G,G,G,G,G,G,G,G,G,G,G,G,G,G,G,G,G,G,G,G,G,G,G,t,t,b,t,t,G,G,G,G,G,G,t,G,G,b,b,G,t,G,G,G,G,G,G,t,G,G,G,t,t,G,G,G,b,G,G,t,G,G,t,G,G,G,G,t,t,G,b,G,G,t,G,b,t,G,G,t,G,G,G,G,G,b,t,G,G,b,G,t,G,b,G,G,t,G,G,G,G,G,G,G,G,G,b,t,G,G,G,t,G,G,G,t,G,b,G,G,G,t,t,G,b,G,G,G,G,G,t,G,G,b,G,G,G,G,G,t,G,b,G,G,G,G,t,G,G,G,t,G,b,G,t,G,G,t,G,G,G,G,G,G,G,G,G,G,G,G,G,G,G,G,G,G,G,G,G,G,G,G,G,G,G,G,G,G,G,G,G,G,G,G,G,G,G,G,G,G,G,G,G,G,G,G,G,G,G,G,G,G,G,G,G,G,G,G,G,G,G,G,G,G,G,G,G,G,G,G,G,G,G,G,G,G,G,G,G,G,G,G,G,G,G,G,G,G,G,G,G,G,G,G,G,G,G,G,G,G,G,G,G,G,G,G,G,G,G,G,G,G,m,m,m,m,m,m,m,m,m,m,m,m,m
m,m,m,m,m,m,m,m,m,m,m,m,m,m,G,G,G,G,G,G,G,G,G,G,G,G,G,G,G,G,G,G,G,G,G,t,t,t,G,t,G,G,G,b,b,b,G,G,G,b,b,t,t,G,G,t,t,G,G,G,G,t,b,b,t,t,G,G,G,t,G,G,t,b,G,G,G,b,G,t,G,G,G,b,G,G,t,t,G,G,t,G,G,G,G,G,b,G,t,t,G,G,t,G,G,G,t,G,t,G,G,G,t,G,t,t,t,b,G,t,G,b,b,G,G,t,b,t,t,G,G,G,G,G,G,G,G,G,G,G,G,G,t,b,t,G,G,t,G,G,G,G,G,G,G,G,G,G,t,G,b,G,G,t,G,t,G,G,G,G,G,t,G,G,G,G,t,G,G,G,G,G,G,G,G,G,G,G,G,G,G,G,G,G,G,G,G,G,G,G,G,G,G,G,G,G,G,G,G,G,G,G,G,G,G,G,G,G,G,G,G,G,G,G,G,G,G,G,G,G,G,G,G,G,G,G,G,G,G,G,G,G,G,G,G,G,G,G,G,G,G,G,G,G,G,G,G,G,G,G,G,G,G,G,G,G,G,G,G,G,G,G,G,G,G,G,G,G,G,G,G,G,G,G,G,G,G,m,m,m,m,m,m,m,m,m,m,m,m,m
m,m,m,m,m,m,m,m,m,m,m,m,m,G,G,G,G,G,G,G,G,G,G,G,G,G,G,G,G,G,G,G,G,G,G,G,G,t,G,G,G,b,G,t,b,t,G,t,G,t,t,G,G,G,G,t,G,G,G,G,G,G,G,G,G,t,b,t,t,G,G,G,G,t,G,G,G,G,b,G,t,b,G,t,G,G,G,G,G,G,t,G,G,G,b,G,G,t,G,b,G,t,G,t,G,G,G,G,b,b,t,b,t,t,G,G,G,G,G,G,G,t,G,G,G,G,t,t,G,b,b,G,t,t,G,G,G,G,t,G,G,G,t,G,t,G,t,t,t,G,G,G,G,G,t,G,G,G,b,b,b,t,G,G,t,G,G,b,G,G,t,t,t,b,t,G,b,G,G,G,G,G,G,G,G,G,G,G,G,G,G,G,G,G,G,G,G,G,G,G,G,G,G,G,G,G,G,G,G,G,G,G,G,G,G,G,G,G,G,G,G,G,G,G,G,G,G,G,G,G,G,G,G,G,G,G,G,G,G,G,G,G,G,G,G,G,G,G,G,G,G,G,G,G,G,G,G,G,G,G,G,G,G,G,G,G,G,G,G,G,G,G,G,G,G,G,G,G,G,G,G,G,G,G,G,G,G,m,m,m,m,m,m,m,m,m,m,m,m,m
m,m,m,m,m,m,m,m,m,m,m,m,m,G,G,G,G,G,G,G,G,G,G,G,G,G,G,G,G,G,G,G,G,G,G,G,t,G,t,G,G,G,b,G,b,b,t,G,G,t,G,G,G,G,G,G,G,G,G,G,G,G,G,t,G,G,G,G,G,G,G,t,G,t,G,G,G,t,G,G,G,G,G,G,b,G,G,t,G,G,G,b,G,G,G,G,G,G,G,t,G,G,G,G,G,t,b,G,G,G,G,G,G,t,b,t,G,G,t,G,G,b,G,G,G,t,G,b,b,G,G,t,G,t,G,G,G,b,G,G,t,t,G,G,G,G,G,G,t,G,G,G,G,G,b,G,t,G,G,t,t,G,G,b,G,G,G,b,G,G,G,t,t,G,G,t,G,G,G,G,G,G,G,G,G,G,G,G,G,G,G,G,G,G,G,G,G,G,G,G,G,G,G,G,G,G,G,G,G,G,G,G,G,G,G,G,G,G,G,G,G,G,G,G,G,G,G,G,G,G,G,G,G,G,G,G,G,G,G,G,G,G,G,G,G,G,G,G,G,G,G,G,G,G,G,G,G,G,G,G,G,G,G,G,G,G,G,G,G,G,G,G,G,G,G,G,G,G,G,G,G,G,G,G,G,G,G,m,m,m,m,m,m,m,m,m,m,m,m,m
m,m,m,m,m,m,m,m,m,m,m,m,m,G,G,G,G,G,G,G,G,G,G,G,G,G,G,G,G,G,G,G,G,G,G,t,G,G,G,b,G,t,G,G,G,G,G,b,G,t,G,G,t,G,G,G,t,b,G,b,G,G,G,G,G,b,G,G,G,G,t,G,G,G,G,G,G,b,t,t,G,G,G,b,G,G,b,t,G,G,G,G,G,G,G,G,G,G,b,G,G,t,G,G,t,G,b,G,G,G,G,G,G,G,G,t,t,t,b,G,G,t,G,G,t,G,G,b,G,G,b,b,G,G,G,G,G,t,G,G,G,G,b,t,G,t,t,G,G,G,G,G,G,G,G,G,b,G,G,G,G,t,G,t,b,G,t,G,G,G,t,G,G,G,G,G,t,t,G,G,G,G,G,G,G,G,G,G,G,G,G,G,G,G,G,G,G,G,G,G,G,G,G,G,G,G,G,G,G,G,G,G,G,G,G,G,G,G,G,G,G,G,G,G,G,G,G,G,G,G,G,G,G,G,G,G,G,G,G,G,G,G,G,G,G,G,G,G,G,G,G,G,G,G,G,G,G,G,G,G,G,G,G,G,G,G,G,G,G,G,G,G,G,G,G,G,G,G,G,G,G,G,G,G,G,G,G,m,m,m,m,m,m,m,m,m,m,m,m,m
m,m,m,m,m,m,m,m,m,m,m,m,m,G,G,G,G,G,G,G,G,G,G,G,G,G,G,G,G,G,G,G,G,G,G,t,G,G,t,G,G,b,G,G,t,G,G,t,G,b,b,G,G,G,G,G,G,G,G,t,G,G,G,b,G,t,G,G,t,G,G,t,G,b,G,t,G,G,G,t,G,G,G,G,G,t,G,G,b,G,G,b,G,t,G,t,G,t,t,t,t,t,b,G,t,G,b,t,G,t,G,G,t,G,G,G,G,t,t,G,G,t,b,b,G,b,G,t,t,t,b,G,b,G,t,G,t,G,G,t,G,G,G,G,t,G,t,G,G,G,G,G,G,G,b,G,G,G,G,G,t,G,t,G,t,G,G,G,G,t,G,G,t,G,G,G,t,G,t,G,G,G,G,G,G,G,G,G,G,G,G,G,G,G,G,G,G,G,G,G,G,G,G,G,G,G,G,G,G,G,G,G,G,G,G,G,G,G,G,G,G,G,G,G,G,G,G,G,G,G,G,G,G,G,G,G,G,G,G,G,G,G,G,G,G,G,G,G,G,G,G,G,G,G,G,G,G,G,G,G,G,G,G,G,G,G,G,G,G,G,G,G,G,G,G,G,G,G,G,G,G,G,G,G,G,G,G,m,m,m,m,m,m,m,m,m,m,m,m,m
m,m,m,m,m,m,m,m,m,m,m,m,m,G,G,G,G,G,G,G,G,G,G,G,G,G,G,G,G,G,G,G,G,G,G,G,t,b,b,G,G,G,G,G,G,G,G,G,G,t,G,b,G,G,G,G,G,G,t,G,t,G,G,G,t,G,b,G,t,b,G,G,b,G,G,G,G,G,t,G,G,t,G,G,t,t,G,G,b,G,t,G,G,G,t,b,G,G,G,G,G,G,t,G,b,G,G,G,b,G,G,t,t,t,G,G,t,G,t,G,G,G,G,G,t,G,G,G,G,G,G,G,G,t,G,G,t,G,G,G,G,G,t,G,G,t,G,G,G,G,G,G,G,G,G,G,G,G,G,b,G,G,G,t,G,G,G,b,G,G,G,G,G,t,G,b,G,G,G,G,G,G,G,G,G,G,G,G,G,G,G,G,G,G,G,G,G,G,G,G,G,G,G,G,G,G,G,G,G,G,G,G,G,G,G,G,G,G,G,G,G,G,G,G,G,G,G,G,G,G,G,G,G,G,G,G,G,G,G,G,G,G,G,G,G,G,G,G,G,G,G,G,G,G,G,G,G,G,G,G,G,G,G,G,G,G,G,G,G,G,G,G,G,G,G,G,G,G,G,G,G,G,G,G,G,G,G,m,m,m,m,m,m,m,m,m,m,m,m,m
m,m,m,m,m,m,m,m,m,m,m,m,m,G,G,G,G,G,G,G,G,G,G,G,G,G,G,G,G,G,G,G,G,G,G,G,G,G,G,G,t,G,G,G,G,G,G,G,b,G,G,G,t,t,G,t,G,t,b,b,G,G,b,G,t,G,t,G,G,G,G,G,b,G,G,b,G,G,G,G,G,b,G,t,b,G,G,G,G,G,G,G,G,G,G,G,G,b,t,G,t,t,G,G,G,G,t,G,b,G,G,t,t,G,t,G,G,G,G,G,G,G,b,t,t,t,G,G,G,t,b,t,G,G,t,G,G,G,G,G,t,G,G,G,G,G,G,G,G,G,G,G,G,G,G,G,G,G,b,G,G,G,G,G,t,G,t,G,G,t,G,G,t,t,G,G,G,G,t,G,G,G,G,G,G,G,G,G,G,G,G,G,G,G,G,G,G,G,G,G,G,G,G,G,G,G,G,G,G,G,G,G,G,G,G,G,G,G,G,G,G,G,G,G,G,G,G,G,G,G,G,G,G,G,G,G,G,G,G,G,G,G,G,G,G,G,G,G,G,G,G,G,G,G,G,G,G,G,G,G,G,G,G,G,G,G,G,G,G,G,G,G,G,G,G,G,G,G,G,G,G,G,G,G,G,G,G,m,m,m,m,m,m,m,m,m,m,m,m,m
m,m,m,m,m,m,m,m,m,m,m,m,m,G,G,G,G,G,G,G,G,G,G,G,G,G,G,G,G,G,G,G,G,G,G,G,G,G,G,G,G,G,t,G,G,t,t,G,G,G,b,b,G,G,G,t,G,G,G,G,G,G,G,t,G,t,G,b,t,G,G,G,G,G,G,t,G,G,G,G,t,G,G,G,G,G,G,G,G,t,t,G,G,G,b,G,G,G,G,G,G,t,b,G,t,t,G,G,G,G,G,G,G,b,t,t,G,G,G,t,G,t,G,G,b,G,G,b,G,G,G,b,G,t,b,b,G,G,G,t,G,G,G,G,b,G,t,G,G,G,G,G,G,G,G,t,G,b,G,t,t,t,G,t,G,G,G,G,G,G,G,G,G,G,b,G,G,b,G,G,G,G,G,G,G,G,G,G,G,G,G,G,G,G,G,G,G,G,G,G,G,G,G,G,G,G,G,G,G,G,G,G,G,G,G,G,G,G,G,G,G,G,G,G,G,G,G,G,G,G,G,G,G,G,G,G,G,G,G,G,G,G,G,G,G,G,G,G,G,G,G,G,G,G,G,G,G,G,G,G,G,G,G,G,G,G,G,G,G,G,G,G,G,G,G,G,G,G,G,G,G,G,G,G,G,G,G,m,m,m,m,m,m,m,m,m,m,m,m,m
m,m,m,m,m,m,m,m,m,m,m,m,m,G,G,G,G,G,G,G,G,G,G,G,G,G,G,G,G,G,G,G,G,G,G,G,G,G,G,G,G,G,t,G,G,t,G,G,G,G,G,G,t,G,t,G,t,t,G,G,G,G,t,G,G,G,G,G,G,b,G,t,G,G,G,G,G,G,G,G,G,G,G,G,G,G,t,t,t,G,t,t,G,G,t,b,G,G,G,G,t,t,G,t,t,G,t,G,t,G,t,b,t,G,G,G,t,G,G,b,t,G,G,G,t,G,G,G,G,t,G,b,G,G,G,G,b,G,t,t,G,G,G,t,t,G,G,t,G,G,G,G,G,G,G,t,G,t,G,G,G,G,G,G,G,t,G,b,G,G,G,G,G,G,G,t,t,G,b,G,G,G,G,G,G,G,G,G,G,G,G,G,G,G,G,G,G,G,G,G,G,G,G,G,G,G,G,G,G,G,G,G,G,G,G,G,G,G,G,G,G,G,G,G,G,G,G,G,G,G,G,G,G,G,G,G,G,G,G,G,G,G,G,G,G,G,G,G,G,G,G,G,G,G,G,G,G,G,G,G,G,G,G,G,G,G,G,G,G,G,G,G,G,G,G,G,G,G,G,G,G,G,G,G,G,G,G,m,m,m,m,m,m,m,m,m,m,m,m,m
m,m,m,m,m,m,m,m,m,m,m,m,m,G,G,G,G,G,G,G,G,G,G,G,G,G,G,G,G,G,G,G,G,G,G,G,b,G,G,t,G,G,G,t,t,G,G,b,G,t,G,b,G,G,G,b,G,G,G,G,G,G,G,b,b,G,G,G,G,G,G,G,G,t,t,G,G,G,G,G,t,G,t,t,t,G,G,t,b,t,t,G,G,G,G,G,G,G,G,G,G,t,G,G,b,t,G,G,b,t,t,b,t,t,G,G,G,G,G,G,G,t,t,b,G,G,G,G,b,G,t,G,G,b,G,t,t,b,G,G,G,G,G,G,G,G,G,G,G,G,G,G,G,G,G,G,G,G,t,t,t,G,G,G,b,b,G,G,t,G,b,t,G,G,t,G,G,G,G,G,G,G,G,G,G,G,G,G,G,G,G,G,G,G,G,G,G,G,G,G,G,G,G,G,G,G,G,G,G,G,G,G,G,G,G,G,G,G,G,G,G,G,G,G,G,G,G,G,G,G,G,G,G,G,G,G,G,G,G,G,G,G,G,G,G,G,G,G,G,G,G,G,G,G,G,G,G,G,G,G,G,G,G,G,G,G,G,G,G,G,G,G,G,G,G,G,G,G,G,G,G,G,G,G,G,G,G,m,m,m,m,m,m,m,m,m,m,m,m,m
m,m,m,m,m,m,m,m,m,m,m,m,m,G,G,G,G,G,G,G,G,G,G,G,G,G,G,G,G,G,G,G,G,G,G,b,G,G,G,G,t,G,G,t,t,b,G,t,t,G,G,G,G,G,G,t,G,G,G,G,G,G,G,G,G,b,b,G,t,G,G,G,G,G,G,t,G,G,G,G,t,t,G,G,G,b,G,b,G,G,G,G,t,G,G,G,b,t,t,G,b,t,b,b,G,G,t,G,t,G,t,G,G,G,G,G,G,b,G,G,G,G,t,G,G,G,G,G,G,G,G,b,t,t,G,G,t,G,G,t,G,G,G,G,G,G,G,b,G,G,G,G,G,G,t,t,G,G,G,G,G,t,t,b,b,b,b,G,b,G,G,G,G,G,G,t,t,G,G,G,G,G,G,G,G,G,G,G,G,G,G,G,G,G,G,G,G,G,G,G,G,G,G,G,G,G,G,G,G,G,G,G,G,G,G,G,G,G,G,G,G,G,G,G,G,G,G,G,G,G,G,G,G,G,G,G,G,G,G,G,G,G,G,G,G,G,G,G,G,G,G,G,G,G,G,G,G,G,G,G,G,G,G,G,G,G,G,G,G,G,G,G,G,G,G,G,G,G,G,G,G,G,G,G,G,G,G,m,m,m,m,m,m,m,m,m,m,m,m,m
m,m,m,m,m,m,m,m,m,m,m,m,m,G,G,G,G,G,G,G,G,G,G,G,G,G,G,G,G,G,G,G,G,G,G,G,G,t,t,t,t,G,G,t,G,G,t,b,t,G,G,b,b,b,G,t,G,t,G,G,G,G,G,G,b,G,G,G,t,G,G,G,G,G,G,b,G,G,G,G,G,b,b,t,G,G,G,G,t,G,G,G,t,G,b,b,t,G,G,G,G,t,G,G,G,b,G,b,G,G,G,G,b,G,G,G,G,t,b,G,G,b,G,t,t,t,G,t,t,b,G,G,b,t,G,G,b,G,G,G,G,G,G,G,t,G,t,G,t,G,G,G,G,G,G,G,G,t,G,b,G,G,G,t,G,G,G,G,G,G,b,G,G,t,G,G,b,G,t,G,G,G,G,G,G,G,G,G,G,G,G,G,G,G,G,G,G,G,G,G,G,G,G,G,G,G,G,G,G,G,G,G,G,G,G,G,G,G,G,G,G,G,G,G,G,G,G,G,G,G,G,G,G,G,G,G,G,G,G,G,G,G,G,G,G,G,G,G,G,G,G,G,G,G,G,G,G,G,G,G,G,G,G,G,G,G,G,G,G,G,G,G,G,G,G,G,G,G,G,G,G,G,G,G,G,G,G,m,m,m,m,m,m,m,m,m,m,m,m,m
m,m,m,m,m,m,m,m,m,m,m,m,m,G,G,G,G,G,G,G,G,G,G,G,G,G,G,G,G,G,G,G,G,G,G,G,G,t,t,G,G,t,b,t,G,t,t,G,G,G,G,t,t,t,G,G,G,G,t,G,G,G,t,b,G,G,G,G,G,t,G,G,t,G,G,G,b,G,t,t,G,G,b,G,G,G,t,t,b,b,G,t,G,G,t,t,G,G,b,G,G,G,G,G,G,G,G,G,G,t,G,t,G,t,G,t,G,t,G,G,G,G,G,b,G,G,t,G,t,G,G,t,G,t,G,G,G,G,G,G,b,t,t,b,G,G,t,G,G,G,G,G,G,G,t,G,b,G,t,G,G,t,G,G,G,G,G,t,t,G,G,t,G,G,G,b,G,G,G,G,G,G,G,G,G,G,G,G,G,G,G,G,G,G,G,G,G,G,G,G,G,G,G,G,G,G,G,G,G,G,G,G,G,G,G,G,G,G,G,G,G,G,G,G,G,G,G,G,G,G,G,G,G,G,G,G,G,G,G,G,G,G,G,G,G,G,G,G,G,G,G,G,G,G,G,G,G,G,G,G,G,G,G,G,G,G,G,G,G,G,G,G,G,G,G,G,G,G,G,G,G,G,G,G,G,G,m,m,m,m,m,m,m,m,m,m,m,m,m,m
m,m,m,m,m,m,m,m,m,m,m,m,m,G,G,G,G,G,G,G,G,G,G,G,G,G,G,G,G,G,G,G,G,G,G,G,G,G,G,G,t,G,G,b,G,G,G,G,G,G,G,G,b,b,b,G,t,G,G,b,G,G,G,t,t,G,t,G,G,b,G,t,G,G,G,G,G,t,G,G,G,G,G,b,G,G,t,t,G,G,G,G,G,G,b,G,G,t,G,G,b,t,G,t,G,b,t,G,G,G,G,G,b,b,G,t,t,G,t,G,t,G,G,t,t,G,G,G,t,G,G,b,t,G,G,G,t,G,G,G,G,G,t,b,G,G,G,G,t,G,G,G,G,G,t,G,t,G,G,G,t,t,G,G,G,G,t,G,t,G,t,t,G,t,G,b,G,G,t,G,G,G,G,G,G,G,G,G,G,G,G,G,G,G,G,G,G,G,G,G,G,G,G,G,G,G,G,G,G,G,G,G,G,G,G,G,G,G,G,G,G,G,G,G,G,G,G,G,G,G,G,G,G,G,G,G,G,G,G,G,G,G,G,G,G,G,G,G,G,G,G,G,G,G,G,G,G,G,G,G,G,G,G,G,G,G,G,G,G,G,G,G,G,G,G,G,G,G,G,G,G,G,G,G,G,G,m,m,m,m,m,m,m,m,m,m,m,m,m,m
m,m,m,m,m,m,m,m,m,m,m,m,m,G,G,G,G,G,G,G,G,G,G,G,G,G,G,G,G,G,G,G,G,G,G,G,t,G,G,t,t,b,G,G,t,G,t,G,b,G,G,G,t,G,G,b,G,G,t,b,G,G,t,G,G,G,t,b,G,G,G,t,G,G,G,b,G,G,G,G,G,G,G,t,G,b,t,G,G,t,G,G,G,G,b,b,t,G,G,G,G,t,t,G,G,G,b,G,G,t,G,G,t,G,G,b,G,G,t,b,G,G,G,G,G,G,G,G,G,G,b,G,t,t,G,G,b,G,b,b,G,G,G,G,G,G,G,G,G,G,G,G,G,G,G,t,t,t,G,t,b,G,G,G,G,t,G,G,G,G,G,G,b,G,t,G,G,b,G,G,G,G,G,G,G,G,G,G,G,G,G,G,G,G,G,G,G,G,G,G,G,G,G,G,G,G,G,G,G,G,G,G,G,G,G,G,G,G,G,G,G,G,G,G,G,G,G,G,G,G,G,G,G,G,G,G,G,G,G,G,G,G,G,G,G,G,G,G,G,G,G,G,G,G,G,G,G,G,G,G,G,G,G,G,G,G,G,G,G,G,G,G,G,G,G,G,G,G,G,G,G,G,G,G,G,G,m,m,m,m,m,m,m,m,m,m,m,m,m,m
m,m,m,m,m,m,m,m,m,m,m,m,m,G,G,G,G,G,G,G,G,G,G,G,G,G,G,G,G,G,G,G,G,G,G,G,G,G,G,G,G,G,G,t,G,G,G,G,G,G,G,t,b,G,b,G,G,G,G,t,G,t,G,G,G,t,G,G,G,t,G,G,t,G,G,t,G,b,G,G,G,G,t,t,G,G,G,G,G,G,G,G,G,G,G,G,G,t,G,t,G,G,b,G,G,G,t,t,t,G,b,G,G,G,t,G,b,G,G,G,t,G,b,G,G,G,G,t,t,G,t,G,G,G,b,G,t,G,t,G,G,G,G,G,t,G,G,G,t,G,G,G,G,G,b,G,G,t,G,G,b,t,G,b,G,G,G,G,t,G,G,G,G,G,G,G,b,G,b,G,G,G,G,G,G,G,G,G,G,G,G,G,G,G,G,G,G,G,G,G,G,G,G,G,G,G,G,G,G,G,G,G,G,G,G,G,G,G,G,G,G,G,G,G,G,G,G,G,G,G,G,G,G,G,G,G,G,G,G,G,G,G,G,G,G,G,G,G,G,G,G,G,G,G,G,G,G,G,G,G,G,G,G,G,G,G,G,G,G,G,G,G,G,G,G,G,G,G,G,G,G,G,G,G,G,G,m,m,m,m,m,m,m,m,m,m,m,m,m,m
m,m,m,m,m,m,m,m,m,m,m,m,m,G,G,G,G,G,G,G,G,G,G,G,G,G,G,G,G,G,G,G,G,G,G,G,G,G,t,G,G,G,G,t,G,G,G,t,t,G,t,G,G,G,G,G,G,G,t,t,b,G,b,G,G,t,G,G,G,G,t,t,G,G,G,G,G,G,G,G,G,G,G,G,G,G,G,b,G,b,G,t,G,G,G,G,G,b,t,G,G,G,G,G,G,G,G,G,b,t,G,G,b,G,G,t,b,t,G,G,G,G,t,G,G,t,G,G,G,G,t,G,G,G,G,t,G,G,G,G,t,G,G,G,t,G,t,G,G,G,G,G,G,G,b,G,b,G,G,t,b,b,G,t,t,b,t,G,G,t,G,b,t,G,b,b,t,G,G,G,G,G,G,G,G,G,G,G,G,G,G,G,G,G,G,G,G,G,G,G,G,G,G,G,G,G,G,G,G,G,G,G,G,G,G,G,G,G,G,G,G,G,G,G,G,G,G,G,G,G,G,G,G,G,G,G,G,G,G,G,G,G,G,G,G,G,G,G,G,G,G,G,G,G,G,G,G,G,G,G,G,G,G,G,G,G,G,G,G,G,G,G,G,G,G,G,G,G,G,G,G,G,G,G,G,m,m,m,m,m,m,m,m,m,m,m,m,m,m,m
m,m,m,m,m,m,m,m,m,m,m,m,m,m,G,G,G,G,G,G,G,G,G,G,G,G,G,G,G,G,G,G,G,G,G,G,t,G,G,t,t,G,t,G,G,G,G,G,b,G,G,G,G,G,G,G,t,G,G,G,G,G,G,G,b,b,G,G,G,G,G,G,G,G,G,t,G,G,G,t,G,G,t,t,G,G,G,G,G,G,G,G,G,G,G,G,G,G,G,G,G,G,G,b,G,t,G,G,G,G,G,G,G,t,G,t,t,G,G,G,G,G,t,G,G,G,G,t,t,t,G,G,G,t,G,b,G,G,b,G,G,G,G,t,t,G,G,t,b,G,G,G,G,G,G,G,t,G,G,G,G,G,b,G,G,b,G,G,G,G,G,t,G,G,G,t,G,G,t,G,G,G,G,G,G,G,G,G,G,G,G,G,G,G,G,G,G,G,G,G,G,G,G,G,G,G,G,G,G,G,G,G,G,G,G,G,G,G,G,G,G,G,G,G,G,G,G,G,G,G,G,G,G,G,G,G,G,G,G,G,G,G,G,G,G,G,G,G,G,G,G,G,G,G,G,G,G,G,G,G,G,G,G,G,G,G,G,G,G,G,G,G,G,G,G,G,G,G,G,G,G,G,G,G,G,m,m,m,m,m,m,m,m,m,m,m,m,m,m,m
m,m,m,m,m,m,m,m,m,m,m,m,m,m,G,G,G,G,G,G,G,G,G,G,G,G,G,G,G,G,G,G,G,G,G,t,t,G,G,G,G,t,G,G,G,G,G,G,t,G,G,G,G,t,G,G,G,b,G,G,G,G,G,G,G,t,G,G,t,G,G,G,G,G,t,G,t,G,G,G,t,G,G,b,t,G,G,G,G,G,G,G,G,G,b,t,G,G,G,G,t,G,t,t,G,G,G,b,t,G,G,b,t,b,G,t,t,t,G,t,G,G,b,G,G,G,G,G,t,t,G,t,G,G,G,b,G,G,t,G,G,G,G,t,t,G,b,G,G,G,G,G,G,G,G,G,G,G,t,G,t,G,G,G,G,G,t,G,G,G,G,G,G,G,b,t,G,G,G,G,G,G,G,G,G,G,G,G,G,G,G,G,G,G,G,G,G,G,G,G,G,G,G,G,G,G,G,G,G,G,G,G,G,G,G,G,G,G,G,G,G,G,G,G,G,G,G,G,G,G,G,G,G,G,G,G,G,G,G,G,G,G,G,G,G,G,G,G,G,G,G,G,G,G,G,G,G,G,G,G,G,G,G,G,G,G,G,G,G,G,G,G,G,G,G,G,G,G,G,G,G,G,G,G,G,m,m,m,m,m,m,m,m,m,m,m,m,m,m,m
m,m,m,m,m,m,m,m,m,m,m,m,m,m,G,G,G,G,G,G,G,G,G,G,G,G,G,G,G,G,G,G,G,G,G,G,G,G,t,G,G,t,G,G,G,t,t,t,G,t,b,t,t,t,G,G,G,G,G,G,t,G,t,G,G,G,G,G,G,b,G,G,G,G,b,G,G,G,G,t,t,G,G,G,t,G,b,G,G,G,G,t,G,t,G,t,G,G,G,t,t,G,b,G,G,t,G,G,G,b,G,G,G,G,G,G,G,G,G,G,G,t,G,G,G,G,G,G,G,G,G,G,t,G,G,t,G,G,G,t,t,G,t,G,G,G,G,t,G,G,G,G,G,G,G,t,t,G,G,G,t,G,b,G,G,G,G,t,t,G,t,t,G,G,G,G,G,t,G,G,G,G,G,G,G,G,G,G,G,G,G,G,G,G,G,G,G,G,G,G,G,G,G,G,G,G,G,G,G,G,G,G,G,G,G,G,G,G,G,G,G,G,G,G,G,G,G,G,G,G,G,G,G,G,G,G,G,G,G,G,G,G,G,G,G,G,G,G,G,G,G,G,G,G,G,G,G,G,G,G,G,G,G,G,G,G,G,G,G,G,G,G,G,G,G,G,G,G,G,G,G,G,G,G,G,m,m,m,m,m,m,m,m,m,m,m,m,m,m,m
m,m,m,m,m,m,m,m,m,m,m,m,m,m,m,G,G,G,G,G,G,G,G,G,G,G,G,G,G,G,G,G,G,G,G,G,t,t,G,G,G,t,G,t,t,t,b,G,G,t,G,G,t,G,G,b,G,G,G,G,G,G,G,G,t,G,G,G,G,G,t,t,G,G,G,G,G,t,t,G,G,G,t,G,t,t,t,G,G,G,G,G,G,t,G,G,G,G,G,t,t,G,G,G,G,G,t,b,t,G,t,G,G,G,t,G,G,b,t,G,G,G,G,t,G,t,G,b,G,G,G,G,t,G,G,t,G,G,t,G,G,G,G,t,G,G,G,G,t,G,G,G,G,G,G,G,G,b,G,G,G,t,G,G,G,t,G,G,G,t,t,G,t,t,G,G,t,G,G,G,G,G,G,G,G,G,G,G,G,G,G,G,G,G,G,G,G,G,G,G,G,G,G,G,G,G,G,G,G,G,G,G,G,G,G,G,G,G,G,G,G,G,G,G,G,G,G,G,G,G,G,G,G,G,G,G,G,G,G,G,G,G,G,G,G,G,G,G,G,G,G,G,G,G,G,G,G,G,G,G,G,G,G,G,G,G,G,G,G,G,G,G,G,G,G,G,G,G,G,G,G,G,G,G,G,m,m,m,m,m,m,m,m,m,m,m,m,m,m,m
m,m,m,m,m,m,m,m,m,m,m,m,m,m,m,G,G,G,G,G,G,G,G,G,G,G,G,G,G,G,G,G,G,G,G,G,G,G,G,t,G,G,t,G,G,G,G,G,b,G,G,b,G,G,G,G,t,G,t,G,t,G,G,t,G,G,G,G,G,b,G,t,G,G,t,b,G,t,G,b,G,G,G,t,G,G,G,G,G,G,G,G,G,t,G,G,t,G,b,G,G,G,G,t,G,G,t,G,G,G,t,G,G,G,t,G,t,G,t,G,b,t,G,G,G,G,t,G,b,G,b,G,b,t,G,G,G,t,G,G,G,b,G,G,G,G,G,t,G,G,G,G,G,G,G,t,G,b,G,t,b,G,G,G,G,G,b,G,G,t,G,G,G,b,t,G,b,G,G,G,G,G,G,G,G,G,G,G,G,G,G,G,G,G,G,G,G,G,G,G,G,G,G,G,G,G,G,G,G,G,G,G,G,G,G,G,G,G,G,G,G,G,G,G,G,G,G,G,G,G,G,G,G,G,G,G,G,G,G,G,G,G,G,G,G,G,G,G,G,G,G,G,G,G,G,G,G,G,G,G,G,G,G,G,G,G,G,G,G,G,G,G,G,G,G,G,G,G,G,G,G,G,G,G,G,m,m,m,m,m,m,m,m,m,m,m,m,m,m,m
m,m,m,m,m,m,m,m,m,m,m,m,m,m,m,G,G,G,G,G,G,G,G,G,G,G,G,G,G,G,G,G,G,G,G,G,G,G,G,G,G,G,G,b,t,G,t,b,G,G,G,t,G,G,t,G,G,b,G,G,G,G,t,b,t,b,t,b,t,G,t,b,G,G,G,t,b,G,G,G,t,G,G,t,G,G,G,G,G,b,G,G,G,t,G,G,G,G,G,G,t,G,b,G,G,G,t,t,G,G,b,G,b,t,G,G,G,t,G,t,b,G,G,G,G,t,G,G,G,b,G,G,G,t,G,G,G,G,b,G,G,G,G,t,G,t,t,G,G,G,G,G,G,G,G,t,G,G,t,G,G,G,G,G,G,t,t,G,G,t,G,G,b,G,G,t,t,b,G,G,G,G,G,G,G,G,G,G,G,G,G,G,G,G,G,G,G,G,G,G,G,G,G,G,G,G,G,G,G,G,G,G,G,G,G,G,G,G,G,G,G,G,G,G,G,G,G,G,G,G,G,G,G,G,G,G,G,G,G,G,G,G,G,G,G,G,G,G,G,G,G,G,G,G,G,G,G,G,G,G,G,G,G,G,G,G,G,G,G,G,G,G,G,G,G,G,G,G,G,G,G,G,G,G,G,m,m,m,m,m,m,m,m,m,m,m,m,m,m,m
m,m,m,m,m,m,m,m,m,m,m,m,m,m,m,G,G,G,G,G,G,G,G,G,G,G,G,G,G,G,G,G,G,G,G,G,G,G,G,G,G,G,b,t,b,G,t,G,G,G,G,G,G,G,t,G,G,G,t,t,b,G,t,t,b,G,G,G,b,G,G,G,G,t,t,G,G,G,G,G,b,G,G,t,G,G,t,G,G,G,G,G,t,t,b,t,G,G,G,G,G,G,G,t,G,t,G,G,G,b,G,G,G,G,G,G,G,t,G,b,G,t,b,t,t,t,G,G,t,G,G,t,t,G,G,t,t,b,t,G,G,G,G,t,G,t,G,t,G,G,G,G,G,G,G,G,G,t,G,G,b,G,t,G,t,t,t,b,G,G,G,t,t,G,G,G,G,G,G,G,G,G,G,G,G,G,G,G,G,G,G,G,G,G,G,G,G,G,G,G,G,G,G,G,G,G,G,G,G,G,G,G,G,G,G,G,G,G,G,G,G,G,G,G,G,G,G,G,G,G,G,G,G,G,G,G,G,G,G,G,G,G,G,G,G,G,G,G,G,G,G,G,G,G,G,G,G,G,G,G,G,G,G,G,G,G,G,G,G,G,G,G,G,G,G,G,G,G,G,G,G,G,G,G,G,m,m,m,m,m,m,m,m,m,m,m,m,m,m,m
m,m,m,m,m,m,m,m,m,m,m,m,m,m,m,G,G,G,G,G,G,G,G,G,G,G,G,G,G,G,G,G,G,G,G,t,G,G,t,b,t,G,t,t,t,G,G,G,t,G,t,b,G,b,G,G,G,b,G,t,t,G,G,G,t,G,G,t,G,G,t,t,G,G,t,G,G,t,G,G,G,G,t,G,G,b,G,G,b,G,G,G,G,G,G,G,b,G,t,b,G,G,t,t,t,t,G,G,G,G,t,G,t,t,G,G,G,t,G,G,b,G,G,G,G,t,G,G,G,b,G,G,t,G,G,b,G,G,t,G,G,t,G,G,G,G,G,G,G,G,G,G,G,G,G,G,G,G,G,G,G,t,t,G,G,G,t,G,G,t,G,G,G,G,b,G,G,G,t,G,G,G,G,G,G,G,G,G,G,G,G,G,G,G,G,G,G,G,G,G,G,G,G,G,G,G,G,G,G,G,G,G,G,G,G,G,G,G,G,G,G,G,G,G,G,G,G,G,G,G,G,G,G,G,G,G,G,G,G,G,G,G,G,G,G,G,G,G,G,G,G,G,G,G,G,G,G,G,G,G,G,G,G,G,G,G,G,G,G,G,G,G,G,G,G,G,G,G,G,G,G,G,G,G,m,m,m,m,m,m,m,m,m,m,m,m,m,m,m,m
m,m,m,m,m,m,m,m,m,m,m,m,m,m,m,G,G,G,G,G,G,G,G,G,G,G,G,G,G,G,G,G,G,G,G,b,G,t,G,G,G,G,G,b,G,G,G,G,G,G,G,t,G,G,G,G,G,G,G,G,G,G,G,G,G,b,t,G,G,b,G,t,G,t,G,t,G,G,t,G,G,b,G,G,G,t,G,G,G,G,t,t,G,G,G,t,G,G,G,G,G,G,G,G,G,G,G,G,t,t,G,b,G,b,G,t,t,G,G,G,b,G,G,t,t,b,G,G,G,G,G,t,t,t,b,G,G,t,G,G,G,t,G,t,G,G,G,G,G,G,G,G,G,G,G,t,G,G,t,t,G,G,G,G,G,G,b,G,b,t,G,G,G,G,G,b,G,t,t,G,G,G,G,G,G,G,G,G,G,G,G,G,G,G,G,G,G,G,G,G,G,G,G,G,G,G,G,G,G,G,G,G,G,G,G,G,G,G,G,G,G,G,G,G,G,G,G,G,G,G,G,G,G,G,G,G,G,G,G,G,G,G,G,G,G,G,G,G,G,G,G,G,G,G,G,G,G,G,G,G,G,G,G,G,G,G,G,G,G,G,G,G,G,G,G,G,G,G,G,G,G,G,G,G,m,m,m,m,m,m,m,m,m,m,m,m,m,m,m,m
m,m,m,m,m,m,m,m,m,m,m,m,m,m,m,m,G,G,G,G,G,G,G,G,G,G,G,G,G,G,G,G,G,G,G,G,G,b,G,G,G,G,b,G,G,G,G,G,G,G,G,t,G,G,G,G,G,G,G,b,G,b,G,G,G,t,G,G,G,G,G,G,b,t,G,b,t,G,G,G,G,G,G,t,G,G,G,G,G,G,G,G,G,G,G,G,G,G,G,G,G,t,t,G,G,G,t,G,G,b,t,t,G,G,G,G,G,G,G,b,G,G,b,G,G,G,t,G,t,G,G,G,b,G,G,G,G,G,G,t,G,t,G,G,b,t,G,G,t,G,G,G,G,G,G,G,G,G,G,t,G,t,G,G,b,G,t,G,G,G,b,G,G,G,t,b,b,G,G,G,G,G,G,G,G,G,G,G,G,G,G,G,G,G,G,G,G,G,G,G,G,G,G,G,G,G,G,G,G,G,G,G,G,G,G,G,G,G,G,G,G,G,G,G,G,G,G,G,G,G,G,G,G,G,G,G,G,G,G,G,G,G,G,G,G,G,G,G,G,G,G,G,G,G,G,G,G,G,G,G,G,G,G,G,G,G,G,G,G,G,G,G,G,G,G,G,G,G,G,G,G,G,G,G,m,m,m,m,m,m,m,m,m,m,m,m,m,m,m,m
m,m,m,m,m,m,m,m,m,m,m,m,m,m,m,m,G,G,G,G,G,G,G,G,G,G,G,G,G,G,G,G,G,G,G,G,G,G,t,t,G,G,G,G,G,G,b,t,t,G,b,G,G,G,G,G,G,t,b,G,b,G,G,G,G,G,b,G,G,G,t,b,G,t,t,t,t,G,G,G,G,b,G,G,G,b,b,G,b,G,G,t,G,G,G,t,t,b,t,b,G,G,G,G,t,G,G,G,G,G,G,t,t,G,t,t,G,b,G,G,G,G,G,G,G,t,G,G,G,t,G,G,G,G,G,G,t,t,G,G,G,G,G,t,G,G,G,G,G,G,G,G,G,G,G,G,G,t,t,G,G,t,t,G,G,G,t,G,G,t,G,t,G,b,G,G,t,G,G,G,G,G,G,G,G,G,G,G,G,G,G,G,G,G,G,G,G,G,G,G,G,G,G,G,G,G,G,G,G,G,G,G,G,G,G,G,G,G,G,G,G,G,G,G,G,G,G,G,G,G,G,G,G,G,G,G,G,G,G,G,G,G,G,G,G,G,G,G,G,G,G,G,G,G,G,G,G,G,G,G,G,G,G,G,G,G,G,G,G,G,G,G,G,G,G,G,G,G,G,G,G,G,G,G,m,m,m,m,m,m,m,m,m,m,m,m,m,m,m,m
m,m,m,m,m,m,m,m,m,m,m,m,m,m,m,m,G,G,G,G,G,G,G,G,G,G,G,G,G,G,G,G,G,G,G,G,b,G,t,G,G,G,G,G,G,G,G,G,G,G,G,G,t,G,G,b,G,t,G,G,G,b,G,G,G,t,t,G,G,G,b,t,t,t,t,G,t,G,G,b,b,t,G,t,G,t,t,G,t,G,b,G,G,G,G,b,G,G,t,t,G,G,G,t,G,t,t,t,G,G,G,G,G,G,G,G,G,G,G,G,b,t,t,t,t,G,G,t,G,G,G,G,G,t,b,G,G,t,t,t,G,G,G,G,G,t,G,G,t,G,G,G,G,G,t,G,G,G,G,G,G,G,b,G,G,G,G,G,G,G,G,G,G,b,t,G,G,G,G,G,G,G,G,G,G,G,G,G,G,G,G,G,G,G,G,G,G,G,G,G,G,G,G,G,G,G,G,G,G,G,G,G,G,G,G,G,G,G,G,G,G,G,G,G,G,G,G,G,G,G,G,G,G,G,G,G,G,G,G,G,G,G,G,G,G,G,G,G,G,G,G,G,G,G,G,G,G,G,G,G,G,G,G,G,G,G,G,G,G,G,G,G,G,G,G,G,G,G,G,G,G,G,G,m,m,m,m,m,m,m,m,m,m,m,m,m,m,m,m,m
m,m,m,m,m,m,m,m,m,m,m,m,m,m,m,m,G,G,G,G,G,G,G,G,G,G,G,G,G,G,G,G,G,G,G,G,G,G,t,b,t,G,b,t,G,G,G,G,G,t,b,G,G,G,G,G,G,G,G,G,b,G,G,t,t,G,t,G,G,b,t,t,t,G,G,t,G,G,t,t,G,G,t,b,b,G,G,t,G,b,t,G,G,G,G,G,G,G,G,t,t,G,G,G,G,t,t,G,G,G,t,b,G,G,G,t,G,G,t,G,G,G,G,b,G,G,G,t,G,G,G,G,t,G,G,b,G,G,G,G,G,G,G,t,t,t,G,G,t,G,G,G,G,G,b,G,t,t,G,G,G,G,t,G,G,G,G,b,G,G,G,b,G,G,t,b,G,G,G,G,G,G,G,G,G,G,G,G,G,G,G,G,G,G,G,G,G,G,G,G,G,G,G,G,G,G,G,G,G,G,G,G,G,G,G,G,G,G,G,G,G,G,G,G,G,G,G,G,G,G,G,G,G,G,G,G,G,G,G,G,G,G,G,G,G,G,G,G,G,G,G,G,G,G,G,G,G,G,G,G,G,G,G,G,G,G,G,G,G,G,G,G,G,G,G,G,G,G,G,G,G,G,G,m,m,m,m,m,m,m,m,m,m,m,m,m,m,m,m,m
m,m,m,m,m,m,m,m,m,m,m,m,m,m,m,m,m,G,G,G,G,G,G,G,G,G,G,G,G,G,G,G,G,G,G,G,t,G,G,G,G,G,G,G,t,b,t,G,G,G,t,G,b,t,G,G,G,t,t,G,G,b,G,G,G,t,t,G,G,G,t,G,t,b,G,G,G,G,G,G,G,G,G,G,G,b,G,G,G,G,G,b,G,G,G,G,t,G,G,t,t,G,G,G,G,G,G,G,G,b,G,G,G,G,G,G,G,t,t,G,t,G,G,t,t,G,G,G,G,G,G,G,t,G,t,t,G,G,b,G,G,t,G,t,G,G,t,G,G,G,G,G,G,G,t,G,G,G,G,G,G,G,G,G,G,G,G,G,G,G,G,G,G,G,G,b,G,G,G,G,G,G,G,G,G,G,G,G,G,G,G,G,G,G,G,G,G,G,G,G,G,G,G,G,G,G,G,G,G,G,G,G,G,G,G,G,G,G,G,G,G,G,G,G,G,G,G,G,G,G,G,G,G,G,G,G,G,G,G,G,G,G,G,G,G,G,G,G,G,G,G,G,G,G,G,G,G,G,G,G,G,G,G,G,G,G,G,G,G,G,G,G,G,G,G,G,G,G,G,G,G,G,G,m,m,m,m,m,m,m,m,m,m,m,m,m,m,m,m,m
m,m,m,m,m,m,m,m,m,m,m,m,m,m,m,m,m,G,G,G,G,G,G,G,G,G,G,G,G,G,G,G,G,G,G,G,G,G,G,G,G,G,G,G,t,G,t,G,G,t,G,t,G,G,t,G,t,t,G,b,G,G,G,G,G,G,t,G,t,G,G,G,b,b,t,t,t,t,b,t,b,G,t,G,G,t,t,G,G,G,G,G,G,t,t,G,G,G,G,G,t,t,G,G,G,G,b,G,b,G,G,b,G,G,b,G,t,G,t,G,G,G,G,G,G,G,G,t,G,G,b,G,t,G,G,G,G,G,G,G,G,G,t,G,G,b,G,t,t,G,G,G,G,G,G,b,G,G,G,b,G,G,b,G,G,b,G,G,G,G,t,G,G,t,G,G,G,G,G,G,G,G,G,G,G,G,G,G,G,G,G,G,G,G,G,G,G,G,G,G,G,G,G,G,G,G,G,G,G,G,G,G,G,G,G,G,G,G,G,G,G,G,G,G,G,G,G,G,G,G,G,G,G,G,G,G,G,G,G,G,G,G,G,G,G,G,G,G,G,G,G,G,G,G,G,G,G,G,G,G,G,G,G,G,G,G,G,G,G,G,G,G,G,G,G,G,G,G,G,G,G,G,G,m,m,m,m,m,m,m,m,m,m,m,m,m,m,m,m,m
m,m,m,m,m,m,m,m,m,m,m,m,m,m,m,m,m,G,G,G,G,G,G,G,G,G,G,G,G,G,G,G,G,G,G,G,G,G,G,G,t,t,G,G,G,G,G,G,G,t,G,G,t,G,G,G,b,t,b,G,G,t,G,b,G,b,G,G,b,G,G,t,t,G,G,G,G,G,G,G,G,G,G,t,t,t,b,G,b,G,G,t,G,G,G,G,b,G,G,G,G,G,t,G,G,G,b,G,G,G,G,G,b,b,G,G,t,t,t,G,t,G,G,G,t,b,t,b,G,t,G,G,G,G,G,b,t,b,G,t,G,G,G,G,G,G,G,G,t,G,G,G,G,G,t,t,b,G,t,t,G,G,b,G,t,G,G,b,G,t,G,b,G,G,t,G,G,G,G,G,G,G,G,G,G,G,G,G,G,G,G,G,G,G,G,G,G,G,G,G,G,G,G,G,G,G,G,G,G,G,G,G,G,G,G,G,G,G,G,G,G,G,G,G,G,G,G,G,G,G,G,G,G,G,G,G,G,G,G,G,G,G,G,G,G,G,G,G,G,G,G,G,G,G,G,G,G,G,G,G,G,G,G,G,G,G,G,G,G,G,G,G,G,G,G,G,G,G,G,G,G,G,G,m,m,m,m,m,m,m,m,m,m,m,m,m,m,m,m,m
m,m,m,m,m,m,m,m,m,m,m,m,m,m,m,m,m,G,G,G,G,G,G,G,G,G,G,G,G,G,G,G,G,G,G,G,G,G,G,G,t,t,G,t,G,t,G,G,b,G,G,G,b,G,t,b,G,G,G,b,G,G,t,b,G,G,t,G,G,t,G,G,G,G,t,t,G,G,G,G,G,G,G,G,G,G,G,G,t,G,G,t,t,t,b,b,G,b,G,G,G,G,t,t,G,G,t,t,t,b,t,G,G,t,t,t,t,G,G,G,G,t,t,G,G,t,G,G,G,t,G,b,b,G,G,G,G,G,G,G,t,t,G,G,t,G,G,G,G,G,G,G,G,G,b,t,G,t,G,G,G,t,G,G,G,G,G,t,t,G,G,t,G,G,G,G,G,G,G,G,G,G,G,G,G,G,G,G,G,G,G,G,G,G,G,G,G,G,G,G,G,G,G,G,G,G,G,G,G,G,G,G,G,G,G,G,G,G,G,G,G,G,G,G,G,G,G,G,G,G,G,G,G,G,G,G,G,G,G,G,G,G,G,G,G,G,G,G,G,G,G,G,G,G,G,G,G,G,G,G,G,G,G,G,G,G,G,G,G,G,G,G,G,G,G,G,G,G,G,G,G,G,G,m,m,m,m,m,m,m,m,m,m,m,m,m,m,m,m,m
m,m,m,m,m,m,m,m,m,m,m,m,m,m,m,m,m,G,G,G,G,G,G,G,G,G,G,G,G,G,G,G,G,G,G,G,G,G,G,b,G,G,G,t,t,t,G,G,b,G,G,G,G,G,t,t,G,G,G,G,G,G,G,G,G,b,G,t,b,G,G,t,G,G,G,G,G,t,t,t,t,t,G,b,G,G,b,G,G,G,G,G,G,t,b,G,G,G,G,G,G,G,G,G,t,G,b,G,G,G,G,G,G,G,G,b,t,G,G,t,G,G,G,G,t,G,t,G,G,G,G,G,G,G,G,G,t,G,G,t,G,G,G,G,G,G,G,t,G,G,G,G,G,G,G,t,t,G,G,G,t,t,G,t,G,G,t,t,G,b,b,G,t,t,G,t,G,G,t,G,G,G,G,G,G,G,G,G,G,G,G,G,G,G,G,G,G,G,G,G,G,G,G,G,G,G,G,G,G,G,G,G,G,G,G,G,G,G,G,G,G,G,G,G,G,G,G,G,G,G,G,G,G,G,G,G,G,G,G,G,G,G,G,G,G,G,G,G,G,G,G,G,G,G,G,G,G,G,G,G,G,G,G,G,G,G,G,G,G,G,G,G,G,G,G,G,G,G,G,G,G,G,G,m,m,m,m,m,m,m,m,m,m,m,m,m,m,m,m,m
m,m,m,m,m,m,m,m,m,m,m,m,m,m,m,m,m,G,G,G,G,G,G,G,G,G,G,G,G,G,G,G,G,G,G,t,G,G,t,G,G,t,t,G,G,G,G,G,G,G,G,b,t,t,t,G,G,G,G,G,G,G,G,b,G,G,G,G,b,G,G,t,b,G,G,G,G,t,G,G,G,b,G,b,G,b,G,G,G,t,G,G,G,G,t,t,G,G,G,b,G,G,t,G,G,G,G,G,G,t,t,G,G,G,G,t,G,b,G,t,G,G,t,t,t,b,G,G,t,G,G,t,G,t,t,G,t,G,G,G,G,G,G,G,b,t,t,G,G,G,G,G,G,G,G,G,b,t,G,G,G,t,G,b,G,G,G,t,t,G,t,G,G,t,t,G,G,t,t,G,G,G,G,G,G,G,G,G,G,G,G,G,G,G,G,G,G,G,G,G,G,G,G,G,G,G,G,G,G,G,G,G,G,G,G,G,G,G,G,G,G,G,G,G,G,G,G,G,G,G,G,G,G,G,G,G,G,G,G,G,G,G,G,G,G,G,G,G,G,G,G,G,G,G,G,G,G,G,G,G,G,G,G,G,G,G,G,G,G,G,G,G,G,G,G,G,G,G,G,G,G,G,G,m,m,m,m,m,m,m,m,m,m,m,m,m,m,m,m,m
m,m,m,m,m,m,m,m,m,m,m,m,m,m,m,m,m,G,G,G,G,G,G,G,G,G,G,G,G,G,G,G,G,G,G,G,t,G,b,G,G,t,G,G,G,t,t,b,G,G,t,G,G,G,t,G,G,G,G,G,G,G,G,G,G,b,G,G,G,G,G,G,G,b,G,G,b,G,G,b,G,G,G,t,G,b,t,t,t,G,G,G,G,G,b,G,G,G,G,G,b,t,G,G,b,G,G,G,b,G,G,G,G,G,G,t,G,t,t,G,t,t,t,G,G,G,b,t,G,b,G,b,t,b,b,G,G,b,G,t,G,G,t,G,G,G,G,G,G,G,G,G,G,G,t,G,G,G,G,G,t,G,b,G,G,G,G,t,t,G,t,t,t,G,G,G,G,G,G,G,G,G,G,G,G,G,G,G,G,G,G,G,G,W,G,G,G,G,G,G,G,G,G,G,G,G,G,G,G,G,G,G,G,G,G,G,G,G,G,G,G,G,G,G,G,G,G,G,G,G,G,G,G,G,G,G,G,G,G,G,G,G,G,G,G,G,G,G,G,G,G,G,G,G,G,G,G,G,G,G,G,G,G,G,G,G,G,G,G,G,G,G,G,G,G,G,G,G,G,G,G,G,G,m,m,m,m,m,m,m,m,m,m,m,m,m,m,m,m,m
m,m,m,m,m,m,m,m,m,m,m,m,m,m,m,m,m,G,G,G,G,G,G,G,G,G,G,G,G,G,G,G,G,G,G,G,G,G,G,G,t,G,G,G,t,G,b,G,G,G,G,G,G,G,G,G,b,t,G,G,G,G,G,b,G,G,b,G,G,G,t,G,G,G,G,G,G,G,t,G,G,b,b,G,G,G,b,G,G,G,t,G,G,G,t,G,G,G,b,G,G,t,t,G,G,G,G,t,G,G,t,t,G,G,G,t,t,t,G,b,G,G,G,G,G,t,b,G,b,G,G,G,G,t,t,G,t,G,G,t,G,t,G,G,G,G,G,G,G,G,G,G,G,G,G,G,G,G,G,G,G,t,G,G,t,G,G,G,G,t,G,G,b,G,G,G,G,G,G,G,G,G,G,G,G,G,G,G,G,G,G,W,W,W,W,W,G,G,G,G,G,G,G,G,G,G,G,G,G,G,G,G,G,G,G,G,G,G,G,G,G,G,G,G,G,G,G,G,G,G,G,G,G,G,G,G,G,G,G,G,G,G,G,G,G,G,G,G,G,G,G,G,G,G,G,G,G,G,G,G,G,G,G,G,G,G,G,G,G,G,G,G,G,G,G,G,G,G,G,G,G,G,G,m,m,m,m,m,m,m,m,m,m,m,m,m,m,m,m,m
m,m,m,m,m,m,m,m,m,m,m,m,m,m,m,m,m,G,G,G,G,G,G,G,G,G,G,G,G,G,G,G,G,G,G,G,t,G,G,G,t,G,t,G,G,G,G,G,G,t,G,G,G,G,G,G,G,b,t,t,G,G,G,G,t,G,b,G,G,G,t,G,t,G,b,t,G,G,t,G,G,t,G,G,G,b,b,G,G,t,t,G,G,t,G,G,G,G,G,G,G,G,G,G,G,G,G,G,b,t,t,t,G,G,G,t,G,G,G,G,t,t,G,G,G,b,G,G,G,G,G,b,G,G,G,t,G,G,G,G,G,t,G,G,G,G,b,G,t,G,G,G,G,G,G,G,G,G,G,G,G,G,G,G,t,G,G,G,t,G,t,G,G,G,G,G,G,G,G,G,G,G,G,G,G,G,G,G,G,G,W,W,W,W,W,W,W,G,G,G,G,G,G,G,G,G,G,G,G,G,G,G,G,G,G,G,G,G,G,G,G,G,G,G,G,G,G,G,G,G,G,G,G,G,G,G,G,G,G,G,G,G,G,G,G,G,G,G,G,G,G,G,G,G,G,G,G,G,G,G,G,G,G,G,G,G,G,G,G,G,G,G,G,G,G,G,G,G,G,G,G,G,G,m,m,m,m,m,m,m,m,m,m,m,m,m,m,m,m,m
m,m,m,m,m,m,m,m,m,m,m,m,m,m,m,m,m,G,G,G,G,G,G,G,G,G,G,G,G,G,G,G,G,G,G,G,G,G,G,G,b,G,t,G,G,t,G,G,G,G,G,G,t,t,G,b,t,t,G,G,t,G,G,G,G,t,G,G,G,G,t,G,t,t,G,G,G,G,G,G,t,b,G,G,G,G,G,G,G,G,G,G,G,b,G,G,t,t,G,G,G,t,G,G,b,G,G,t,G,G,G,G,t,t,G,G,t,G,t,G,G,G,G,G,G,G,G,t,G,G,G,t,G,t,G,G,t,t,t,t,G,G,t,G,G,G,G,G,G,G,G,G,G,G,t,b,G,G,G,G,G,G,G,G,G,G,G,t,t,G,b,t,b,G,G,G,t,G,t,G,G,G,G,G,G,G,G,G,G,G,W,W,W,W,W,W,W,G,G,G,G,G,G,G,G,G,G,G,G,G,G,G,G,G,G,G,G,G,G,G,G,G,G,G,G,G,G,G,G,G,G,G,G,G,G,G,G,G,G,G,G,G,G,G,G,G,G,G,G,G,G,G,G,G,G,G,G,G,G,G,G,G,G,G,G,G,G,G,G,G,G,G,G,G,G,G,G,G,G,G,G,G,G,m,m,m,m,m,m,m,m,m,m,m,m,m,m,m,m,m
m,m,m,m,m,m,m,m,m,m,m,m,m,m,m,m,m,G,G,G,G,G,G,G,G,G,G,G,G,G,G,G,G,G,G,G,t,b,G,G,G,t,b,G,G,G,t,G,G,G,t,G,G,G,G,G,t,G,G,t,G,t,t,t,G,t,G,G,G,b,G,b,t,G,G,G,t,G,t,G,b,G,G,G,G,G,G,G,G,t,G,G,G,G,G,G,G,G,G,t,t,G,t,t,G,G,t,G,G,G,b,G,G,t,G,G,G,b,G,G,G,G,b,G,G,G,b,t,t,G,G,t,t,G,G,G,G,G,G,G,G,G,G,G,G,G,G,G,G,G,G,G,G,G,G,G,G,G,b,G,G,G,G,G,G,G,G,G,G,G,b,t,G,G,G,G,G,G,t,G,G,G,G,G,G,G,G,G,G,W,W,W,W,W,W,W,W,W,G,G,G,G,G,G,G,G,G,G,G,G,G,G,G,G,G,G,G,G,G,G,G,G,G,G,G,G,G,G,G,G,G,G,G,G,G,G,G,G,G,G,G,G,G,G,G,G,G,G,G,G,G,G,G,G,G,G,G,G,G,G,G,G,G,G,G,G,G,G,G,G,G,G,G,G,G,G,G,G,G,G,G,G,G,m,m,m,m,m,m,m,m,m,m,m,m,m,m,m,m,m
m,m,m,m,m,m,m,m,m,m,m,m,m,m,m,m,m,G,G,G,G,G,G,G,G,G,G,G,G,G,G,G,G,G,G,G,b,G,G,t,b,b,t,G,G,t,b,G,G,G,t,G,G,G,G,G,G,G,t,G,t,G,t,G,t,G,t,t,G,t,G,b,G,b,G,t,G,t,G,G,t,G,G,G,G,t,t,t,G,G,G,t,t,G,G,b,G,G,G,G,G,G,G,G,G,G,G,t,t,t,t,G,G,b,G,G,G,G,G,b,G,G,b,t,G,b,G,G,G,b,G,t,G,G,G,G,t,G,G,G,b,t,t,G,G,G,G,t,t,G,G,G,G,G,G,b,G,b,G,G,G,G,b,b,b,G,G,b,t,t,t,G,t,G,G,t,t,G,G,G,G,G,G,G,G,G,G,G,G,G,W,W,W,W,W,W,W,G,G,G,G,G,G,G,G,G,G,G,G,G,G,G,G,G,G,G,G,G,G,G,G,G,G,G,G,G,G,G,G,G,G,G,G,G,G,G,G,G,G,G,G,G,G,G,G,G,G,G,G,G,G,G,G,G,G,G,G,G,G,G,G,G,G,G,G,G,G,G,G,G,G,G,G,G,G,G,G,G,G,G,G,G,G,m,m,m,m,m,m,m,m,m,m,m,m,m,m,m,m,m
m,m,m,m,m,m,m,m,m,m,m,m,m,m,m,m,m,G,G,G,G,G,G,G,G,G,G,G,G,G,G,G,G,G,G,b,t,t,G,G,G,G,G,G,G,G,G,t,G,G,t,G,t,G,G,G,t,G,G,t,G,G,G,G,t,G,t,t,G,b,G,G,G,G,G,G,G,G,t,G,G,G,t,G,G,t,t,G,G,G,G,G,G,G,G,t,G,G,G,G,b,t,t,t,G,G,G,G,G,G,b,b,G,G,t,t,b,t,t,G,G,b,G,G,b,G,G,t,G,G,G,t,G,G,G,G,G,G,t,G,G,t,G,t,G,G,G,G,G,G,G,G,G,G,t,G,G,G,G,G,G,G,b,b,G,G,G,t,b,G,G,G,t,t,t,G,t,G,G,G,G,G,G,G,G,G,G,G,G,G,W,W,W,W,W,W,W,G,G,G,G,G,G,G,G,G,G,G,G,G,G,G,G,G,G,G,G,G,G,G,G,G,G,G,G,G,G,G,G,G,G,G,G,G,G,G,G,G,G,G,G,G,G,G,G,G,G,G,G,G,G,G,G,G,G,G,G,G,G,G,G,G,G,G,G,G,G,G,G,G,G,G,G,G,G,G,G,G,G,G,G,G,G,m,m,m,m,m,m,m,m,m,m,m,m,m,m,m,m,m
m,m,m,m,m,m,m,m,m,m,m,m,m,m,m,m,m,G,G,G,G,G,G,G,G,G,G,G,G,G,G,G,G,G,G,G,t,t,t,G,G,t,t,b,G,G,t,G,G,G,G,G,t,G,G,G,t,b,t,t,G,t,G,G,t,G,G,G,t,G,G,G,t,G,t,t,G,G,t,G,t,b,G,G,t,G,t,G,t,G,b,G,G,G,G,t,t,t,t,G,G,G,t,G,G,G,G,t,G,G,G,t,G,b,G,G,t,G,G,G,G,G,t,t,G,t,G,G,G,G,G,G,t,G,G,b,t,G,t,G,b,G,G,G,G,G,G,G,b,G,G,G,G,G,G,G,G,G,G,G,G,G,G,G,G,G,b,t,G,t,G,G,G,t,G,G,G,G,b,G,G,G,G,G,G,G,G,G,G,G,G,W,W,W,W,W,G,G,G,G,G,G,G,G,G,G,G,G,G,G,G,G,G,G,G,G,G,G,G,G,G,G,G,G,G,G,G,G,G,G,G,G,G,G,G,G,G,G,G,G,G,G,G,G,G,G,G,G,G,G,G,G,G,G,G,G,G,G,G,G,G,G,G,G,G,G,G,G,G,G,G,G,G,G,G,G,G,G,G,G,G,G,G,m,m,m,m,m,m,m,m,m,m,m,m,m,m,m,m,m
m,m,m,m,m,m,m,m,m,m,m,m,m,m,m,m,m,G,G,G,G,G,G,G,G,G,G,G,G,G,G,G,G,G,G,t,G,G,G,b,G,t,t,G,G,G,t,G,G,G,G,t,G,G,t,G,t,t,G,G,t,t,G,G,G,b,G,G,G,G,b,t,G,t,G,G,t,G,G,G,G,G,G,G,G,G,t,G,G,G,t,t,G,t,t,G,G,G,G,G,b,G,G,t,G,G,t,t,t,G,G,t,b,G,t,G,G,b,G,G,t,b,G,G,G,G,t,b,G,t,G,b,G,t,G,G,G,G,t,G,G,t,G,t,G,G,G,G,b,G,G,G,G,G,t,G,G,t,G,G,G,G,G,t,G,G,G,G,G,G,G,G,G,G,G,G,G,G,t,G,G,G,G,G,G,G,G,G,G,G,G,G,G,W,G,G,G,G,G,G,G,G,G,G,G,G,G,G,G,G,G,G,G,G,G,G,G,G,G,G,G,G,G,G,G,G,G,G,G,G,G,G,G,G,G,G,G,G,G,G,G,G,G,G,G,G,G,G,G,G,G,G,G,G,G,G,G,G,G,G,G,G,G,G,G,G,G,G,G,G,G,G,G,G,G,G,G,G,G,G,G,G,G,m,m,m,m,m,m,m,m,m,m,m,m,m,m,m,m,m
m,m,m,m,m,m,m,m,m,m,m,m,m,m,m,m,G,G,G,G,G,G,G,G,G,G,G,G,G,G,G,G,G,G,G,G,t,t,G,G,G,t,G,G,G,G,t,t,b,G,t,b,G,t,t,G,b,G,b,G,G,t,t,G,t,G,G,G,G,t,G,G,G,G,G,G,b,G,G,G,G,G,b,G,t,G,b,t,G,t,G,G,t,G,G,G,G,t,G,G,G,G,t,G,b,G,G,G,G,b,t,t,G,G,G,t,G,G,G,G,G,G,t,G,G,G,b,G,t,t,G,b,G,G,G,G,b,G,t,G,G,G,t,G,G,G,G,t,G,G,G,G,G,G,G,G,G,t,G,G,t,G,G,G,G,G,G,G,b,t,G,t,G,t,G,G,G,t,G,G,G,G,G,G,G,G,G,G,G,G,G,G,G,G,G,G,G,G,G,G,G,G,G,G,G,G,G,G,G,G,G,G,G,G,G,G,G,G,G,G,G,G,G,G,G,G,G,G,G,G,G,G,G,G,G,G,G,G,G,G,G,G,G,G,G,G,G,G,G,G,G,G,G,G,G,G,G,G,G,G,G,G,G,G,G,G,G,G,G,G,G,G,G,G,G,G,G,G,G,G,G,G,G,m,m,m,m,m,m,m,m,m,m,m,m,m,m,m,m,m
m,m,m,m,m,m,m,m,m,m,m,m,m,m,m,m,G,G,G,G,G,G,G,G,G,G,G,G,G,G,G,G,G,G,G,G,t,G,G,t,t,G,G,G,t,G,G,G,G,G,t,G,t,G,G,G,G,G,G,G,G,G,G,G,t,t,G,t,G,G,G,G,G,G,b,G,G,G,G,G,t,G,G,G,G,G,G,t,G,G,t,b,G,b,G,G,t,G,t,G,G,G,G,G,G,t,G,b,b,G,b,G,G,G,b,G,G,t,t,G,G,G,G,G,G,G,b,G,t,G,G,G,G,t,G,G,t,G,G,G,t,G,G,G,G,G,G,b,G,G,G,G,G,G,G,t,t,G,G,G,t,G,G,t,G,G,t,G,G,G,b,G,b,G,b,G,G,G,G,G,G,G,G,G,G,G,G,G,G,G,G,G,G,G,G,G,G,G,G,G,G,G,G,G,G,G,G,G,G,G,G,G,G,G,G,G,G,G,G,G,G,G,G,G,G,G,G,G,G,G,G,G,G,G,G,G,G,G,G,G,G,G,G,G,G,G,G,G,G,G,G,G,G,G,G,G,G,G,G,G,G,G,G,G,G,G,G,G,G,G,G,G,G,G,G,G,G,G,G,G,G,G,G,m,m,m,m,m,m,m,m,m,m,m,m,m,m,m,m,m
m,m,m,m,m,m,m,m,m,m,m,m,m,m,m,m,G,G,G,G,G,G,G,G,G,G,G,G,G,G,G,G,G,G,G,b,G,G,G,G,t,G,G,t,b,G,t,G,G,G,G,G,t,t,G,t,G,G,b,G,G,t,t,t,G,G,t,G,G,G,G,G,t,G,G,t,t,t,G,t,G,t,t,G,t,G,G,b,G,G,G,G,b,G,G,G,G,t,t,G,G,b,G,G,G,b,G,G,G,G,G,G,G,G,G,G,G,G,G,t,t,t,G,G,b,G,G,G,G,t,t,G,G,G,t,G,G,G,t,b,t,G,G,G,G,G,G,G,G,G,G,G,G,G,t,b,G,G,G,t,G,G,G,b,G,t,G,G,G,G,t,t,G,G,G,b,G,G,G,G,G,G,G,G,G,G,G,G,G,G,G,G,G,G,G,G,G,G,G,G,G,G,G,G,G,G,G,G,G,G,G,G,G,G,G,G,G,G,G,G,G,G,G,G,G,G,G,G,G,G,G,G,G,G,G,G,G,G,G,G,G,G,G,G,G,G,G,G,G,G,G,G,G,G,G,G,G,G,G,G,G,G,G,G,G,G,G,G,G,G,G,G,G,G,G,G,G,G,G,G,G,G,G,G,m,m,m,m,m,m,m,m,m,m,m,m,m,m,m,m
m,m,m,m,m,m,m,m,m,m,m,m,m,m,m,m,G,G,G,G,G,G,G,G,G,G,G,G,G,G,G,G,G,G,G,G,b,G,G,G,G,t,G,t,t,G,G,b,G,G,G,b,G,G,G,G,G,G,t,G,G,t,t,t,t,G,G,G,t,t,G,G,G,G,G,G,b,G,t,G,t,G,G,G,b,t,t,G,t,G,G,G,G,G,G,t,G,G,G,G,G,G,b,b,b,t,G,G,G,G,t,t,G,t,t,t,G,t,t,t,G,G,G,G,b,G,t,G,G,t,G,G,G,G,G,t,b,t,b,G,G,t,G,G,b,G,t,t,G,G,G,G,G,G,G,b,G,t,G,t,G,G,t,b,t,G,G,G,b,G,G,G,G,G,G,G,G,t,t,G,G,G,G,G,G,G,G,G,G,G,G,G,G,G,G,G,G,G,G,G,G,G,G,G,G,G,G,G,G,G,G,G,G,G,G,G,G,G,G,G,G,G,G,G,G,G,G,G,G,G,G,G,G,G,G,G,G,G,G,G,G,G,G,G,G,G,G,G,G,G,G,G,G,G,G,G,G,G,G,G,G,G,G,G,G,G,G,G,G,G,G,G,G,G,G,G,G,G,G,G,G,G,G,G,m,m,m,m,m,m,m,m,m,m,m,m,m,m,m,m
m,m,m,m,m,m,m,m,m,m,m,m,m,m,m,G,G,G,G,G,G,G,G,G,G,G,G,G,G,G,G,G,G,G,G,t,b,t,t,b,G,G,G,t,G,G,b,t,G,G,b,G,G,t,G,G,G,b,G,b,b,t,t,G,t,t,G,G,t,b,t,G,G,G,G,G,G,b,t,G,G,G,G,G,t,t,t,b,G,G,G,G,b,G,G,t,G,G,G,G,G,G,G,t,G,G,t,G,G,G,t,G,b,G,G,G,G,t,G,G,G,G,G,G,G,G,G,b,G,G,G,G,G,b,t,G,G,G,G,G,G,G,b,G,G,G,G,t,G,G,G,G,G,G,G,G,b,b,G,t,t,b,G,t,b,G,G,t,b,G,b,G,G,G,t,t,b,G,t,G,G,G,G,G,G,G,G,G,G,G,G,G,G,G,G,G,G,G,G,G,G,G,G,G,G,G,G,G,G,G,G,G,G,G,G,G,G,G,G,G,G,G,G,G,G,G,G,G,G,G,G,G,G,G,G,G,G,G,G,G,G,G,G,G,G,G,G,G,G,G,G,G,G,G,G,G,G,G,G,G,G,G,G,G,G,G,G,G,G,G,G,G,G,G,G,G,G,G,G,G,G,G,G,G,m,m,m,m,m,m,m,m,m,m,m,m,m,m,m,m
m,m,m,m,m,m,m,m,m,m,m,m,m,m,m,G,G,G,G,G,G,G,G,G,G,G,G,G,G,G,G,G,G,G,G,G,t,t,G,G,G,G,G,G,t,b,b,b,G,G,G,G,G,t,t,G,b,t,G,G,G,G,G,G,t,G,b,G,G,G,G,G,G,t,G,G,G,G,G,b,b,G,t,G,G,b,G,G,G,t,G,G,G,t,t,G,G,G,t,b,G,G,t,G,G,G,t,t,t,G,G,b,G,G,b,b,G,t,G,G,t,t,G,t,t,t,G,G,G,t,t,G,G,G,G,G,G,G,G,G,G,G,t,G,G,t,G,G,G,G,G,G,G,G,b,G,G,G,G,G,G,t,G,G,t,G,G,t,b,G,G,G,t,G,G,G,G,b,G,G,G,G,G,G,G,G,G,G,G,G,G,G,G,G,G,G,G,G,G,G,G,G,G,G,G,G,G,G,G,G,G,G,G,G,G,G,G,G,G,G,G,G,G,G,G,G,G,G,G,G,G,G,G,G,G,G,G,G,G,G,G,G,G,G,G,G,G,G,G,G,G,G,G,G,G,G,G,G,G,G,G,G,G,G,G,G,G,G,G,G,G,G,G,G,G,G,G,G,G,G,G,G,G,G,m,m,m,m,m,m,m,m,m,m,m,m,m,m,m,m
m,m,m,m,m,m,m,m,m,m,m,m,m,m,m,G,G,G,G,G,G,G,G,G,G,G,G,G,G,G,G,G,G,G,G,G,G,G,G,G,G,t,G,G,G,G,G,G,b,G,b,G,G,G,G,G,G,G,G,G,G,t,G,G,G,G,G,t,G,t,t,t,G,G,G,G,G,G,b,G,t,G,G,G,t,G,t,G,t,G,G,G,G,G,G,G,G,G,t,b,G,b,t,t,G,G,t,G,G,G,t,G,G,G,G,G,t,t,G,G,G,G,G,G,G,G,G,G,t,t,G,G,t,t,G,b,t,b,G,G,b,G,G,b,G,t,G,G,t,G,G,G,G,G,G,G,G,G,G,t,G,t,G,G,b,t,G,b,G,G,t,G,G,G,G,G,b,t,G,G,G,G,G,G,G,G,G,G,G,G,G,G,G,G,G,G,G,G,G,G,G,G,G,G,G,G,G,G,G,G,G,G,G,G,G,G,G,G,G,G,G,G,G,G,G,G,G,G,G,G,G,G,G,G,G,G,G,G,G,G,G,G,G,G,G,G,G,G,G,G,G,G,G,G,G,G,G,G,G,G,G,G,G,G,G,G,G,G,G,G,G,G,G,G,G,G,G,G,G,G,G,G,G,G,G,m,m,m,m,m,m,m,m,m,m,m,m,m,m,m
m,m,m,m,m,m,m,m,m,m,m,m,m,m,m,G,G,G,G,G,G,G,G,G,G,G,G,G,G,G,G,G,G,G,G,G,G,G,t,G,G,G,G,t,G,G,b,t,t,G,G,G,b,G,G,t,t,G,G,G,G,G,G,G,t,G,G,G,G,t,G,G,G,G,t,G,t,b,G,b,G,G,G,G,G,t,G,G,t,t,t,t,G,G,b,b,G,G,t,t,b,G,G,G,G,G,b,G,G,G,b,G,G,b,G,G,t,G,G,G,b,t,t,G,b,G,t,G,G,t,G,G,G,G,t,G,t,b,G,G,t,b,G,G,G,G,t,t,t,G,G,G,G,G,G,t,b,G,G,t,G,G,G,G,G,G,G,G,G,G,G,G,G,t,t,G,G,G,G,G,G,G,G,G,G,G,G,G,G,G,G,G,G,G,G,G,G,G,G,G,G,G,G,G,G,G,G,G,G,G,G,G,G,G,G,G,G,G,G,G,G,G,G,G,G,G,G,G,G,G,G,G,G,G,G,G,G,G,G,G,G,G,G,G,G,G,G,G,G,G,G,G,G,G,G,G,G,G,G,G,G,G,G,G,G,G,G,G,G,G,G,G,G,G,G,G,G,G,G,G,G,G,G,G,G,m,m,m,m,m,m,m,m,m,m,m,m,m,m,m
m,m,m,m,m,m,m,m,m,m,m,m,m,m,m,G,G,G,G,G,G,G,G,G,G,G,G,G,G,G,G,G,G,G,G,G,G,G,G,G,t,G,G,G,t,t,G,G,t,b,G,G,G,G,G,G,G,G,G,t,G,G,b,t,G,G,G,G,G,G,t,t,G,b,G,b,t,t,G,b,G,t,G,t,G,t,t,t,G,G,G,t,G,t,G,b,b,G,G,G,G,G,G,t,G,G,b,G,G,G,G,G,G,t,G,G,G,G,G,G,G,G,t,t,G,G,t,G,G,G,G,G,G,G,t,G,t,G,G,G,t,t,G,b,G,G,G,G,G,G,G,G,G,G,G,G,t,G,G,G,b,G,b,b,b,G,G,G,G,t,b,G,G,G,G,G,G,G,G,G,G,G,G,G,G,G,G,G,G,G,G,G,G,G,G,G,G,G,G,G,G,G,G,G,G,G,G,G,G,G,G,G,G,G,G,G,G,G,G,G,G,G,G,G,G,G,G,G,G,G,G,G,G,G,G,G,G,G,G,G,G,G,G,G,G,G,G,G,G,G,G,G,G,G,G,G,G,G,G,G,G,G,G,G,G,G,G,G,G,G,G,G,G,G,G,G,G,G,G,G,G,G,G,G,G,m,m,m,m,m,m,m,m,m,m,m,m,m,m,m
m,m,m,m,m,m,m,m,m,m,m,m,m,m,m,G,G,G,G,G,G,G,G,G,G,G,G,G,G,G,G,G,G,G,G,G,G,G,G,t,G,G,G,G,t,b,b,b,t,G,G,G,G,G,G,G,t,t,b,G,G,G,t,t,G,G,G,t,G,G,G,G,G,G,G,t,G,G,G,G,G,t,G,G,G,G,G,G,b,G,t,t,G,G,G,t,G,G,G,G,G,G,G,G,G,t,b,G,G,G,G,G,G,G,b,t,t,G,G,G,t,G,G,G,t,b,t,b,G,G,b,G,G,G,G,G,t,t,G,G,t,G,G,G,G,t,G,t,t,G,G,G,G,G,G,G,G,G,G,b,t,G,G,G,G,b,G,G,G,t,G,t,G,G,G,G,b,G,G,G,G,G,G,G,G,G,G,G,G,G,G,G,G,G,G,G,G,G,G,G,G,G,G,G,G,G,G,G,G,G,G,G,G,G,G,G,G,G,G,G,G,G,G,G,G,G,G,G,G,G,G,G,G,G,G,G,G,G,G,G,G,G,G,G,G,G,G,G,G,G,G,G,G,G,G,G,G,G,G,G,G,G,G,G,G,G,G,G,G,G,G,G,G,G,G,G,G,G,G,G,G,G,G,G,G,m,m,m,m,m,m,m,m,m,m,m,m,m,m,m
m,m,m,m,m,m,m,m,m,m,m,m,m,m,G,G,G,G,G,G,G,G,G,G,G,G,G,G,G,G,G,G,G,G,G,G,G,b,G,G,G,G,b,G,G,G,t,G,t,t,G,G,G,b,t,G,G,b,t,G,G,G,G,t,t,G,t,t,G,b,G,G,G,G,G,t,b,b,b,G,G,G,G,G,t,t,G,G,b,G,G,G,t,G,b,t,G,G,G,G,G,G,G,b,b,G,G,G,t,G,b,b,G,G,G,G,b,G,G,G,b,G,G,t,t,G,G,G,G,G,t,G,G,t,G,G,G,G,G,G,G,t,t,G,G,b,G,G,G,G,G,G,G,G,t,G,G,t,t,G,t,G,G,t,b,b,G,b,b,t,G,G,t,G,b,t,t,G,G,G,G,G,G,G,G,G,G,G,G,G,G,G,G,G,G,G,G,G,G,G,G,G,G,G,G,G,G,G,G,G,G,G,G,G,G,G,G,G,G,G,G,G,G,G,G,G,G,G,G,G,G,G,G,G,G,G,G,G,G,G,G,G,G,G,G,G,G,G,G,G,G,G,G,G,G,G,G,G,G,G,G,G,G,G,G,G,G,G,G,G,G,G,G,G,G,G,G,G,G,G,G,G,G,G,G,m,m,m,m,m,m,m,m,m,m,m,m,m,m,m
m,m,m,m,m,m,m,m,m,m,m,m,m,m,G,G,G,G,G,G,G,G,G,G,G,G,G,G,G,G,G,G,G,G,G,G,t,G,G,t,G,G,t,G,b,G,G,t,b,t,b,G,G,b,t,G,G,G,G,G,b,t,G,G,G,G,t,b,G,G,b,G,G,G,G,G,G,t,t,G,G,b,t,G,G,G,G,b,G,b,b,G,t,G,G,G,t,G,G,G,G,b,G,G,G,G,G,G,t,t,G,G,G,t,G,t,G,G,t,G,t,G,G,G,G,G,b,G,b,G,G,G,G,G,G,t,G,t,G,G,G,b,G,G,G,G,G,t,G,G,G,G,G,G,G,t,G,t,t,G,b,t,G,G,G,t,G,t,G,G,b,G,G,b,G,G,G,b,G,G,G,G,G,G,G,G,G,G,G,G,G,G,G,G,G,G,G,G,G,G,G,G,G,G,G,G,G,G,G,G,G,G,G,G,G,G,G,G,G,G,G,G,G,G,G,G,G,G,G,G,G,G,G,G,G,G,G,G,G,G,G,G,G,G,G,G,G,G,G,G,G,G,G,G,G,G,G,G,G,G,G,G,G,G,G,G,G,G,G,G,G,G,G,G,G,G,G,G,G,G,G,G,G,G,G,m,m,m,m,m,m,m,m,m,m,m,m,m,m,m
m,m,m,m,m,m,m,m,m,m,m,m,m,m,G,G,G,G,G,G,G,G,G,G,G,G,G,G,G,G,G,G,G,G,G,G,b,G,G,t,t,G,b,b,t,G,G,G,G,G,G,b,G,G,G,G,t,G,G,t,G,t,t,G,G,G,t,G,G,G,G,G,t,G,G,G,G,b,G,G,G,G,G,G,G,G,G,G,G,G,G,G,G,G,t,G,G,G,G,t,G,G,G,G,t,G,t,G,G,t,b,t,G,b,G,G,t,b,G,t,G,b,G,G,G,G,G,G,G,G,G,G,G,G,t,t,G,t,G,G,t,G,G,t,G,t,t,G,G,G,G,G,G,G,t,G,t,G,G,b,G,G,G,G,G,G,G,G,G,t,G,G,G,t,G,b,t,G,t,G,G,G,G,G,G,G,G,G,G,G,G,G,G,G,G,G,G,G,G,G,G,G,G,G,G,G,G,G,G,G,G,G,G,G,G,G,G,G,G,G,G,G,G,G,G,G,G,G,G,G,G,G,G,G,G,G,G,G,G,G,G,G,G,G,G,G,G,G,G,G,G,G,G,G,G,G,G,G,G,G,G,G,G,G,G,G,G,G,G,G,G,G,G,G,G,G,G,G,G,G,G,G,G,G,G,m,m,m,m,m,m,m,m,m,m,m,m,m,m,m
m,m,m,m,m,m,m,m,m,m,m,m,m,m,G,G,G,G,G,G,G,G,G,G,G,G,G,G,G,G,G,G,G,G,G,G,G,t,b,G,G,G,G,G,G,t,t,G,t,G,G,G,G,t,G,t,G,b,G,G,G,t,G,t,t,G,t,t,b,b,t,G,t,b,G,b,G,G,G,G,G,G,G,t,G,G,G,t,G,G,G,G,t,G,G,G,G,t,G,b,G,t,t,G,t,t,G,G,G,G,t,G,G,G,t,G,G,G,t,G,b,G,t,t,G,G,G,G,G,G,b,G,G,G,b,G,G,G,G,G,G,G,G,G,t,G,G,G,G,G,G,G,G,G,G,t,G,G,t,G,G,G,b,G,G,G,t,t,t,G,b,t,b,t,t,b,G,G,G,G,G,G,G,G,G,G,G,G,G,G,G,G,G,G,G,G,G,G,G,G,G,G,G,G,G,G,G,G,G,G,G,G,G,G,G,G,G,G,G,G,G,G,G,G,G,G,G,G,G,G,G,G,G,G,G,G,G,G,G,G,G,G,G,G,G,G,G,G,G,G,G,G,G,G,G,G,G,G,G,G,G,G,G,G,G,G,G,G,G,G,G,G,G,G,G,G,G,G,G,G,G,G,G,G,G,m,m,m,m,m,m,m,m,m,m,m,m,m,m,m
m,m,m,m,m,m,m,m,m,m,m,m,m,G,G,G,G,G,G,G,G,G,G,G,G,G,G,G,G,G,G,G,G,G,G,G,G,G,G,G,G,G,G,G,G,t,t,G,t,G,G,G,G,G,G,t,G,G,G,b,G,G,G,G,G,G,G,G,G,t,t,t,G,G,G,G,b,G,G,t,G,G,t,G,G,G,t,G,t,G,G,t,b,G,G,G,G,G,G,G,b,b,G,G,G,G,G,G,G,G,G,G,G,G,G,G,t,G,G,G,t,G,G,G,t,b,t,G,G,G,G,b,G,b,G,G,t,G,t,G,G,G,G,t,G,b,t,t,G,G,G,G,G,G,G,G,b,G,G,b,G,G,G,G,G,t,G,t,G,G,G,G,G,t,G,G,G,t,G,G,G,G,G,G,G,G,G,G,G,G,G,G,G,G,G,G,G,G,G,G,G,G,G,G,G,G,G,G,G,G,G,G,G,G,G,G,G,G,G,G,G,G,G,G,G,G,G,G,G,G,G,G,G,G,G,G,G,G,G,G,G,G,G,G,G,G,G,G,G,G,G,G,G,G,G,G,G,G,G,G,G,G,G,G,G,G,G,G,G,G,G,G,G,G,G,G,G,G,G,G,G,G,G,G,G,G,m,m,m,m,m,m,m,m,m,m,m,m,m,m
m,m,m,m,m,m,m,m,m,m,m,m,m,G,G,G,G,G,G,G,G,G,G,G,G,G,G,G,G,G,G,G,G,G,G,b,G,G,G,G,t,t,b,b,G,G,b,G,G,G,G,G,G,G,b,G,G,G,G,b,G,t,G,t,b,G,G,b,b,t,G,t,b,G,G,G,G,G,G,G,t,G,G,G,G,G,t,G,G,b,t,G,G,G,G,G,t,G,G,b,b,G,t,G,t,G,G,G,t,G,G,G,b,G,t,G,G,t,t,G,G,t,t,G,G,G,G,G,G,G,b,G,t,G,G,G,b,G,G,G,G,G,G,G,G,t,b,G,G,G,G,G,G,G,G,t,G,G,G,G,G,G,G,t,G,G,G,G,G,G,b,G,G,t,G,G,G,G,G,G,G,G,G,G,G,G,G,G,G,G,G,G,G,G,G,G,G,G,G,G,G,G,G,G,G,G,G,G,G,G,G,G,G,G,G,G,G,G,G,G,G,G,G,G,G,G,G,G,G,G,G,G,G,G,G,G,G,G,G,G,G,G,G,G,G,G,G,G,G,G,G,G,G,G,G,G,G,G,G,G,G,G,G,G,G,G,G,G,G,G,G,G,G,G,G,G,G,G,G,G,G,G,G,G,G,G,m,m,m,m,m,m,m,m,m,m,m,m,m,m
m,m,m,m,m,m,m,m,m,m,m,m,m,G,G,G,G,G,G,G,G,G,G,G,G,G,G,G,G,G,G,G,G,G,G,G,G,t,G,G,t,G,G,G,b,G,t,G,b,G,G,G,G,G,t,G,G,G,t,G,G,t,t,G,G,G,G,t,G,b,G,t,G,G,G,t,G,G,b,G,G,G,G,G,G,G,G,t,t,b,G,G,t,t,G,G,G,G,t,t,G,t,G,G,b,b,b,G,G,G,G,G,G,t,b,b,G,G,b,G,t,G,G,G,b,G,G,t,b,G,G,t,t,b,G,b,G,G,G,G,G,t,G,t,G,b,G,G,G,G,G,G,G,G,t,G,t,G,t,G,G,b,b,b,G,G,G,G,G,G,G,G,G,G,G,b,t,G,G,G,G,G,G,G,G,G,G,G,G,G,G,G,G,G,G,G,G,G,G,G,G,G,G,G,G,G,G,G,G,G,G,G,G,G,G,G,G,G,G,G,G,G,G,G,G,G,G,G,G,G,G,G,G,G,G,G,G,G,G,G,G,G,G,G,G,G,G,G,G,G,G,G,G,G,G,G,G,G,G,G,G,G,G,G,G,G,G,G,G,G,G,G,G,G,G,G,G,G,G,G,G,G,G,G,G,G,m,m,m,m,m,m,m,m,m,m,m,m,m,m
m,m,m,m,m,m,m,m,m,m,m,m,m,G,G,G,G,G,G,G,G,G,G,G,G,G,G,G,G,G,G,G,G,G,G,t,G,t,G,G,G,G,G,t,G,b,b,G,G,G,b,G,G,t,G,G,t,t,G,t,G,G,t,b,G,G,G,G,G,b,G,t,t,t,t,G,t,G,G,G,G,t,G,G,t,G,G,G,t,G,G,G,t,G,G,G,b,G,b,b,G,b,G,G,G,G,b,G,G,t,t,G,b,G,G,G,G,t,G,G,t,G,G,G,t,b,G,G,t,t,G,G,G,G,t,G,G,G,G,G,b,G,G,G,b,t,G,G,G,G,G,G,G,G,G,G,G,G,G,G,G,G,G,G,G,t,G,t,G,b,G,G,G,G,G,t,t,G,G,G,G,G,G,G,G,G,G,G,G,G,G,G,G,G,G,G,G,G,G,G,G,G,G,G,G,G,G,G,G,G,G,G,G,G,G,G,G,G,G,G,G,G,G,G,G,G,G,G,G,G,G,G,G,G,G,G,G,G,G,G,G,G,G,G,G,G,G,G,G,G,G,G,G,G,G,G,G,G,G,G,G,G,G,G,G,G,G,G,G,G,G,G,G,G,G,G,G,G,G,G,G,G,G,G,G,G,m,m,m,m,m,m,m,m,m,m,m,m,m,m
m,m,m,m,m,m,m,m,m,m,m,m,m,G,G,G,G,G,G,G,G,G,G,G,G,G,G,G,G,G,G,G,G,G,G,t,b,G,G,G,G,G,t,G,G,G,G,b,G,G,t,G,b,G,G,t,t,G,G,G,G,t,t,b,t,t,b,G,G,b,G,b,t,G,t,G,G,b,G,G,G,G,t,G,G,G,G,G,b,G,t,t,G,G,G,t,G,G,G,t,G,t,G,G,G,G,G,G,G,G,G,G,G,G,G,t,G,G,G,G,G,G,b,G,G,G,G,t,G,G,G,G,G,G,t,G,t,G,t,b,G,b,b,G,G,G,G,G,G,G,G,G,G,G,G,G,G,t,G,t,t,t,G,G,G,G,G,G,b,b,t,b,G,b,G,t,G,t,G,G,G,G,G,G,G,G,G,G,G,G,G,G,G,G,G,G,G,G,G,G,G,G,G,G,G,G,G,G,G,G,G,G,G,G,G,G,G,G,G,G,G,G,G,G,G,G,G,G,G,G,G,G,G,G,G,G,G,G,G,G,G,G,G,G,G,G,G,G,G,G,G,G,G,G,G,G,G,G,G,G,G,G,G,G,G,G,G,G,G,G,G,G,G,G,G,G,G,G,G,G,G,G,G,G,G,G,G,m,m,m,m,m,m,m,m,m,m,m,m,m
m,m,m,m,m,m,m,m,m,m,m,m,m,G,G,G,G,G,G,G,G,G,G,G,G,G,G,G,G,G,G,G,G,G,G,G,G,G,G,G,G,G,G,G,t,G,G,t,t,G,G,t,G,t,G,G,G,b,t,G,G,G,b,t,G,t,G,G,G,G,G,G,G,G,b,G,t,G,G,G,G,b,G,G,t,b,G,t,t,G,G,t,G,G,G,G,G,t,t,G,G,G,G,t,G,t,t,G,b,G,G,b,G,G,G,G,t,G,G,t,G,G,G,t,t,G,t,G,t,G,G,G,G,t,G,G,b,G,G,t,G,G,G,G,G,G,G,t,t,G,G,G,G,G,t,G,b,t,t,G,G,t,b,t,G,G,G,G,G,G,G,G,t,G,G,G,G,t,G,G,G,G,G,G,G,G,G,G,G,G,G,G,G,G,G,G,G,G,G,G,G,G,G,G,G,G,G,G,G,G,G,G,G,G,G,G,G,G,G,G,G,G,G,G,G,G,G,G,G,G,G,G,G,G,G,G,G,G,G,G,G,G,G,G,G,G,G,G,G,G,G,G,G,G,G,G,G,G,G,G,G,G,G,G,G,G,G,G,G,G,G,G,G,G,G,G,G,G,G,G,G,G,G,G,G,G,G,m,m,m,m,m,m,m,m,m,m,m,m,m
m,m,m,m,m,m,m,m,m,m,m,m,m,G,G,G,G,G,G,G,G,G,G,G,G,G,G,G,G,G,G,G,G,G,G,G,t,t,t,t,t,G,t,G,G,G,G,G,G,G,G,t,G,G,t,b,G,G,G,G,b,G,G,G,G,G,G,G,t,G,G,G,t,b,G,t,G,b,G,b,G,G,t,G,G,G,G,G,t,G,b,t,G,G,G,t,G,G,G,G,b,G,G,G,t,t,G,G,G,G,t,G,G,G,b,G,G,b,G,G,G,G,t,G,t,b,G,b,G,G,G,t,G,t,G,G,G,G,b,G,G,G,t,G,t,G,b,G,t,G,G,G,G,G,G,G,t,G,G,G,t,t,b,t,G,G,G,b,t,G,G,t,G,G,G,b,G,G,G,G,G,G,G,G,G,G,G,G,G,G,G,G,G,G,G,G,G,G,G,G,G,G,G,G,G,G,G,G,G,G,G,G,G,G,G,G,G,G,G,G,G,G,G,G,G,G,G,G,G,G,G,G,G,G,G,G,G,G,G,G,G,G,G,G,G,G,G,G,G,G,G,G,G,G,G,G,G,G,G,G,G,G,G,G,G,G,G,G,G,G,G,G,G,G,G,G,G,G,G,G,G,G,G,G,G,G,G,m,m,m,m,m,m,m,m,m,m,m,m,m
m,m,m,m,m,m,m,m,m,m,m,m,m,G,G,G,G,G,G,G,G,G,G,G,G,G,G,G,G,G,G,G,G,G,G,t,G,G,G,G,G,G,b,t,G,G,G,G,G,G,G,G,G,G,G,b,G,b,b,G,G,G,G,t,t,G,b,G,G,G,t,G,G,G,G,G,G,G,G,G,G,G,G,G,t,G,G,G,G,G,G,G,G,G,G,G,G,G,G,G,G,G,t,G,t,G,t,G,G,G,G,b,G,G,G,b,G,t,G,G,b,G,t,G,G,G,G,G,G,G,G,G,G,G,G,b,G,t,G,G,b,G,t,G,b,G,G,G,G,G,G,G,G,G,G,G,G,t,G,G,G,G,G,G,G,G,t,t,G,G,G,b,G,G,G,G,t,G,G,G,G,G,G,G,G,G,G,G,G,G,G,G,G,G,G,G,G,G,G,G,G,G,G,G,G,G,G,G,G,G,G,G,G,G,G,G,G,G,G,G,G,G,G,G,G,G,G,G,G,G,G,G,G,G,G,G,G,G,G,G,G,G,G,G,G,G,G,G,G,G,G,G,G,G,G,G,G,G,G,G,G,G,G,G,G,G,G,G,G,G,G,G,G,G,G,G,G,G,G,G,G,G,G,G,G,G,G,m,m,m,m,m,m,m,m,m,m,m,m,m
m,m,m,m,m,m,m,m,m,m,m,m,m,G,G,G,G,G,G,G,G,G,G,G,G,G,G,G,G,G,G,G,G,G,G,G,b,G,t,G,G,t,G,G,b,G,G,G,b,b,G,t,t,b,t,G,G,G,G,G,G,G,G,G,G,G,G,G,G,G,b,G,G,G,G,G,G,t,G,G,b,G,t,G,G,G,G,b,G,G,G,G,G,G,G,G,G,t,G,G,G,G,t,G,G,t,G,G,t,G,t,G,G,G,G,G,G,G,G,G,t,G,G,G,G,G,G,G,t,G,G,b,t,G,G,G,t,G,G,G,G,G,b,G,G,t,t,G,G,G,G,G,G,G,t,t,G,G,G,G,G,G,t,G,t,G,G,G,G,t,G,b,G,G,G,G,G,t,G,G,G,G,G,G,G,G,G,G,G,G,G,G,G,G,G,G,G,G,G,G,G,G,G,G,G,G,G,G,G,G,G,G,G,G,G,G,G,G,G,G,G,G,G,G,G,G,G,G,G,G,G,G,G,G,G,G,G,G,G,G,G,G,G,G,G,G,G,G,G,G,G,G,G,G,G,G,G,G,G,G,G,G,G,G,G,G,G,G,G,G,G,G,G,G,G,G,G,G,G,G,G,G,G,G,G,G,G,m,m,m,m,m,m,m,m,m,m,m,m,m
m,m,m,m,m,m,m,m,m,m,m,m,m,G,G,G,G,G,G,G,G,G,G,G,G,G,G,G,G,G,G,G,G,G,G,G,t,G,t,G,G,t,G,t,G,G,G,G,t,G,t,t,G,G,G,G,G,G,G,G,t,t,G,t,t,G,G,G,G,b,b,G,t,G,G,G,G,G,G,G,G,G,G,G,t,G,G,G,b,G,t,G,G,G,G,G,G,G,G,t,G,G,G,G,G,G,G,G,t,G,G,t,G,G,G,t,t,t,G,G,b,G,G,G,G,G,t,G,b,G,G,G,G,G,G,t,b,t,G,t,G,G,G,G,t,G,G,G,t,G,G,G,G,G,G,G,G,t,t,t,G,t,G,t,G,G,t,b,G,G,G,G,G,G,G,t,t,b,G,G,G,G,G,G,G,G,G,G,G,G,G,G,G,G,G,G,G,G,G,G,G,G,G,G,G,G,G,G,G,G,G,G,G,G,G,G,G,G,G,G,G,G,G,G,G,G,G,G,G,G,G,G,G,G,G,G,G,G,G,G,G,G,G,G,G,G,G,G,G,G,G,G,G,G,G,G,G,G,G,G,G,G,G,G,G,G,G,G,G,G,G,G,G,G,G,G,G,G,G,G,G,G,G,G,G,G,G,m,m,m,m,m,m,m,m,m,m,m,m,m
m,m,m,m,m,m,m,m,m,m,m,m,m,G,G,G,G,G,G,G,G,G,G,G,G,G,G,G,G,G,G,G,G,G,G,G,G,G,G,G,t,G,G,b,G,G,G,b,G,G,G,G,G,G,G,G,G,b,G,t,G,G,t,G,G,b,G,G,G,G,b,G,t,t,G,G,G,G,G,t,G,G,t,b,G,t,G,G,b,G,G,t,G,t,G,G,t,t,b,G,G,G,G,G,G,t,G,G,t,b,t,t,t,G,G,G,t,b,G,G,t,G,t,G,G,G,G,t,G,G,t,t,b,G,G,G,G,t,b,G,G,t,G,G,G,G,b,G,G,G,G,G,G,G,G,G,G,G,G,G,G,t,G,G,t,G,t,G,G,G,G,t,G,t,G,G,G,b,G,G,G,G,G,G,G,G,G,G,G,G,G,G,G,G,G,G,G,G,G,G,G,G,G,G,G,G,G,G,G,G,G,G,G,G,G,G,G,G,G,G,G,G,G,G,G,G,G,G,G,G,G,G,G,G,G,G,G,G,G,G,G,G,G,G,G,G,G,G,G,G,G,G,G,G,G,G,G,G,G,G,G,G,G,G,G,G,G,G,G,G,G,G,G,G,G,G,G,G,G,G,G,G,G,G,G,G,G,m,m,m,m,m,m,m,m,m,m,m,m,m
m,m,m,m,m,m,m,m,m,m,m,m,m,G,G,G,G,G,G,G,G,G,G,G,G,G,G,G,G,G,G,G,G,G,G,G,G,G,G,G,G,G,G,G,G,G,G,t,t,t,t,G,G,G,G,G,G,G,G,t,t,t,G,b,G,G,G,t,t,G,t,G,G,t,G,G,G,G,b,G,G,t,G,G,t,G,G,G,t,G,b,G,G,G,G,G,G,t,t,G,t,G,b,G,t,t,t,G,G,G,G,G,G,G,b,t,G,G,t,G,G,G,t,G,G,G,G,G,G,G,t,G,G,t,G,G,t,t,G,G,G,G,t,G,G,G,G,G,G,G,G,G,G,G,G,t,t,b,G,t,G,G,G,G,G,G,G,t,G,G,t,G,G,t,G,t,b,G,G,G,G,G,G,G,G,G,G,G,G,G,G,G,G,G,G,G,G,G,G,G,G,G,G,G,G,G,G,G,G,G,G,G,G,G,G,G,G,G,G,G,G,G,G,G,G,G,G,G,G,G,G,G,G,G,G,G,G,G,G,G,G,G,G,G,G,G,G,G,G,G,G,G,G,G,G,G,G,G,G,G,G,G,G,G,G,G,G,G,G,G,G,G,G,G,G,G,G,G,G,G,G,G,G,G,G,G,G,m,m,m,m,m,m,m,m,m,m,m,m,m
m,m,m,m,m,m,m,m,m,m,m,m,m,G,G,G,G,G,G,G,G,G,G,G,G,G,G,G,G,G,G,G,G,G,G,G,G,t,b,b,G,G,t,G,G,G,t,G,t,G,G,G,t,G,G,G,t,G,G,G,G,G,G,G,G,G,G,G,G,b,G,G,t,G,b,G,t,G,G,t,t,G,t,G,G,G,t,t,G,G,G,t,G,G,G,G,G,t,t,G,t,G,t,t,G,t,G,b,t,t,G,G,G,t,G,G,t,b,G,G,t,t,t,t,t,t,G,G,G,G,t,t,G,G,t,G,G,G,G,b,G,G,G,G,G,G,b,G,t,G,G,G,G,G,t,G,G,G,G,t,G,G,t,G,t,G,G,G,G,G,t,b,G,G,G,G,G,G,b,G,G,G,G,G,G,G,G,G,G,G,G,G,G,G,G,G,G,G,G,G,G,G,G,G,G,G,G,G,G,G,G,G,G,G,G,G,G,G,G,G,G,G,G,G,G,G,G,G,G,G,G,G,G,G,G,G,G,G,G,G,G,G,G,G,G,G,G,G,G,G,G,G,G,G,G,G,G,G,G,G,G,G,G,G,G,G,G,G,G,G,G,G,G,G,G,G,G,G,G,G,G,G,G,G,G,G,G,m,m,m,m,m,m,m,m,m,m,m,m,m
m,m,m,m,m,m,m,m,m,m,m,m,m,G,G,G,G,G,G,G,G,G,G,G,G,G,G,G,G,G,G,G,G,G,G,G,t,G,t,G,G,G,G,G,G,G,G,G,t,G,G,t,t,b,G,G,G,t,G,G,t,G,t,t,G,t,G,t,G,b,G,G,b,G,G,G,G,t,G,t,G,t,G,G,b,b,G,G,G,t,b,t,G,G,G,t,t,b,G,G,G,G,G,t,G,G,t,G,b,G,b,G,G,G,G,G,G,t,t,G,G,G,b,G,b,G,G,G,t,G,t,G,G,t,G,G,G,G,b,G,G,G,b,t,G,t,b,G,G,G,G,G,G,G,G,G,t,b,G,G,G,G,G,G,G,G,t,G,G,t,G,b,G,G,G,t,b,t,t,G,G,G,G,G,G,G,G,G,G,G,G,G,G,G,G,G,G,G,G,G,G,G,G,G,G,G,G,G,G,G,G,G,G,G,G,G,G,G,G,G,G,G,G,G,G,G,G,G,G,G,G,G,G,G,G,G,G,G,G,G,G,G,G,G,G,G,G,G,G,G,G,G,G,G,G,G,G,G,G,G,G,G,G,G,G,G,G,G,G,G,G,G,G,G,G,G,G,G,G,G,G,G,G,G,G,G,G,m,m,m,m,m,m,m,m,m,m,m,m,m
m,m,m,m,m,m,m,m,m,m,m,m,m,G,G,G,G,G,G,G,G,G,G,G,G,G,G,G,G,G,G,G,G,G,G,G,G,t,G,G,t,G,G,G,G,t,b,b,G,G,t,t,G,t,G,G,G,b,G,G,G,G,G,G,G,t,b,G,G,G,t,G,t,t,t,t,G,G,b,G,G,G,G,G,G,G,G,G,G,t,G,G,G,t,G,b,b,G,G,t,G,b,t,t,b,t,G,G,G,G,G,t,G,G,G,G,G,t,G,t,G,t,G,G,G,G,t,t,G,G,G,b,G,G,t,t,G,G,G,b,t,b,t,G,G,G,G,t,t,G,G,G,G,G,G,G,G,t,G,G,G,G,G,G,G,t,G,G,G,b,G,b,t,t,G,G,G,G,G,G,G,G,G,G,G,G,G,G,G,G,G,G,G,G,G,G,G,G,G,G,G,G,G,G,G,G,G,G,G,G,G,G,G,G,G,G,G,G,G,G,G,G,G,G,G,G,G,G,G,G,G,G,G,G,G,G,G,G,G,G,G,G,G,G,G,G,G,G,G,G,G,G,G,G,G,G,G,G,G,G,G,G,G,G,G,G,G,G,G,G,G,G,G,G,G,G,G,G,G,G,G,G,G,G,G,G,G,m,m,m,m,m,m,m,m,m,m,m,m,m
m,m,m,m,m,m,m,m,m,m,m,m,m,m,G,G,G,G,G,G,G,G,G,G,G,G,G,G,G,G,G,G,G,G,G,G,G,G,G,G,G,G,G,t,t,t,t,t,t,b,t,G,G,G,t,G,G,G,G,G,b,G,b,t,t,t,G,G,G,G,t,G,G,G,G,G,t,t,G,G,G,G,b,t,G,t,G,t,G,G,t,G,G,t,t,G,G,G,G,G,G,t,b,G,G,t,G,G,G,t,G,G,G,G,G,G,G,b,t,G,G,G,G,G,G,G,G,G,G,G,G,G,G,t,G,G,G,G,G,t,b,t,G,G,G,G,G,G,G,G,G,G,G,G,G,G,t,G,G,G,G,G,G,G,G,G,G,G,G,G,G,G,b,G,G,G,G,G,G,G,G,G,G,G,G,G,G,G,G,G,G,G,G,G,G,G,G,G,G,G,G,G,G,G,G,G,G,G,G,G,G,G,G,G,G,G,G,G,G,G,G,G,G,G,G,G,G,G,G,G,G,G,G,G,G,G,G,G,G,G,G,G,G,G,G,G,G,G,G,G,G,G,G,G,G,G,G,G,G,G,G,G,G,G,G,G,G,G,G,G,G,G,G,G,G,G,G,G,G,G,G,G,G,G,G,G,G,m,m,m,m,m,m,m,m,m,m,m,m,m
m,m,m,m,m,m,m,m,m,m,m,m,m,m,G,G,G,G,G,G,G,G,G,G,G,G,G,G,G,G,G,G,G,G,G,G,G,G,G,G,G,t,G,G,G,t,G,G,G,G,t,t,G,G,t,t,t,G,b,G,G,G,t,G,t,t,t,t,G,t,b,G,G,G,G,G,b,G,t,G,G,G,G,t,G,t,b,t,G,G,G,G,t,G,G,G,G,G,t,t,G,G,G,G,t,G,G,G,G,G,b,G,t,b,G,G,t,G,t,t,G,G,G,G,G,G,G,G,G,G,t,G,G,G,G,b,t,b,G,t,t,G,t,G,t,G,G,G,G,G,G,G,G,G,t,t,G,G,G,b,G,G,G,t,t,G,G,G,G,G,G,t,G,G,G,t,G,b,G,G,G,G,G,G,G,G,G,G,G,G,G,G,G,G,G,G,G,G,G,G,G,G,G,G,G,G,G,G,G,G,G,G,G,G,G,G,G,G,G,G,G,G,G,G,G,G,G,G,G,G,G,G,G,G,G,G,G,G,G,G,G,G,G,G,G,G,G,G,G,G,G,G,G,G,G,G,G,G,G,G,G,G,G,G,G,G,G,G,G,G,G,G,G,G,G,G,G,G,G,G,G,G,G,G,G,G,G,m,m,m,m,m,m,m,m,m,m,m,m,m
m,m,m,m,m,m,m,m,m,m,m,m,m,m,G,G,G,G,G,G,G,G,G,G,G,G,G,G,G,G,G,G,G,G,G,G,t,b,G,G,G,G,G,G,t,t,G,G,G,G,G,b,t,G,t,G,G,b,t,t,G,t,t,G,t,G,G,t,G,t,G,G,G,t,G,G,t,G,G,G,G,t,t,G,G,t,G,G,G,b,G,G,G,b,b,t,G,G,G,t,G,G,G,G,G,G,t,G,G,G,G,G,t,G,b,G,G,t,t,t,G,t,G,G,G,G,G,G,b,G,G,b,G,G,G,G,G,G,G,G,G,G,G,t,G,G,G,G,b,G,G,G,G,G,b,b,b,G,b,G,G,G,G,b,G,G,G,b,G,G,G,G,t,G,b,G,G,G,G,G,G,G,G,G,G,G,G,G,G,G,G,G,G,G,G,G,G,G,G,G,G,G,G,G,G,G,G,G,G,G,G,G,G,G,G,G,G,G,G,G,G,G,G,G,G,G,G,G,G,G,G,G,G,G,G,G,G,G,G,G,G,G,G,G,G,G,G,G,G,G,G,G,G,G,G,G,G,G,G,G,G,G,G,G,G,G,G,G,G,G,G,G,G,G,G,G,G,G,G,G,G,G,G,G,G,G,G,m,m,m,m,m,m,m,m,m,m,m,m,m
m,m,m,m,m,m,m,m,m,m,m,m,m,m,m,G,G,G,G,G,G,G,G,G,G,G,G,G,G,G,G,G,G,G,G,G,G,t,G,G,G,t,G,G,t,G,G,b,G,b,G,G,t,G,b,G,G,G,t,t,G,G,G,G,G,b,G,t,t,G,G,G,G,G,t,t,G,G,t,G,b,G,b,G,G,G,t,G,G,t,G,G,b,G,b,G,G,b,G,G,t,G,b,t,G,G,t,G,G,t,G,G,b,G,t,G,b,G,t,t,b,t,b,b,G,G,G,t,t,t,G,G,G,G,G,G,G,b,G,G,G,G,G,G,G,G,G,G,G,G,G,G,G,G,G,G,G,G,t,b,G,b,b,b,G,G,t,G,b,G,G,G,G,G,G,G,G,G,t,G,G,G,G,G,G,G,G,G,G,G,G,G,G,G,G,G,G,G,G,G,G,G,G,G,G,G,G,G,G,G,G,G,G,G,G,G,G,G,G,G,G,G,G,G,G,G,G,G,G,G,G,G,G,G,G,G,G,G,G,G,G,G,G,G,G,G,G,G,G,G,G,G,G,G,G,G,G,G,G,G,G,G,G,G,G,G,G,G,G,G,G,G,G,G,G,G,G,G,G,G,G,G,G,G,G,G,G,m,m,m,m,m,m,m,m,m,m,m,m,m
m,m,m,m,m,m,m,m,m,m,m,m,m,m,m,G,G,G,G,G,G,G,G,G,G,G,G,G,G,G,G,G,G,G,G,b,b,G,G,G,t,G,G,G,G,G,G,G,G,t,G,t,G,t,t,G,G,b,G,b,G,b,b,G,b,t,t,G,G,G,G,t,G,G,G,b,G,t,G,t,t,G,t,t,G,G,G,t,G,b,t,G,G,G,t,G,t,t,t,t,t,G,G,G,b,b,t,t,b,G,G,t,G,t,G,G,G,G,G,G,G,G,G,G,G,G,G,G,G,G,G,G,G,t,G,G,b,G,G,G,G,b,t,t,G,G,t,G,G,G,G,G,G,G,G,G,b,b,t,b,G,G,G,G,G,G,G,t,G,G,G,b,t,G,G,G,G,G,G,G,G,G,G,G,G,G,G,G,G,G,G,G,G,G,G,G,G,G,G,G,G,G,G,G,G,G,G,G,G,G,G,G,G,G,G,G,G,G,G,G,G,G,G,G,G,G,G,G,G,G,G,G,G,G,G,G,G,G,G,G,G,G,G,G,G,G,G,G,G,G,G,G,G,G,G,G,G,G,G,G,G,G,G,G,G,G,G,G,G,G,G,G,G,G,G,G,G,G,G,G,G,G,G,G,G,G,G,m,m,m,m,m,m,m,m,m,m,m,m,m
m,m,m,m,m,m,m,m,m,m,m,m,m,m,m,G,G,G,G,G,G,G,G,G,G,G,G,G,G,G,G,G,G,G,G,G,G,G,G,G,G,t,G,t,G,t,G,b,t,t,G,t,G,G,G,G,b,t,G,t,G,G,G,t,G,G,G,t,G,G,G,G,G,G,b,t,G,t,G,G,t,b,G,t,G,G,G,t,G,b,G,t,t,G,b,G,t,G,G,G,G,t,G,G,G,G,G,G,b,G,G,G,G,G,G,G,G,G,G,G,G,b,G,G,b,G,b,G,G,t,G,G,b,G,G,G,t,G,G,t,t,G,G,G,G,G,t,t,G,G,G,G,G,G,G,t,b,G,G,G,t,G,t,G,t,b,G,G,G,G,G,G,b,G,t,t,G,G,t,G,G,G,G,G,G,G,G,G,G,G,G,G,G,G,G,G,G,G,G,G,G,G,G,G,G,G,G,G,G,G,G,G,G,G,G,G,G,G,G,G,G,G,G,G,G,G,G,G,G,G,G,G,G,G,G,G,G,G,G,G,G,G,G,G,G,G,G,G,G,G,G,G,G,G,G,G,G,G,G,G,G,G,G,G,G,G,G,G,G,G,G,G,G,G,G,G,G,G,G,G,G,G,G,G,G,G,G,m,m,m,m,m,m,m,m,m,m,m,m,m
m,m,m,m,m,m,m,m,m,m,m,m,m,m,m,G,G,G,G,G,G,G,G,G,G,G,G,G,G,G,G,G,G,G,G,t,G,t,G,G,t,G,G,G,G,t,t,t,G,G,G,G,G,G,t,G,G,t,G,G,G,G,t,t,G,G,t,G,G,G,G,b,t,G,b,G,G,t,G,G,t,G,G,G,G,G,G,b,G,G,G,b,G,b,G,b,t,t,t,G,t,t,G,t,t,G,G,G,G,G,t,G,G,G,G,G,t,G,t,t,t,t,t,G,b,t,G,G,G,G,G,t,G,G,G,b,G,G,G,t,G,G,G,G,G,t,G,b,G,G,G,G,G,G,G,G,G,G,G,G,G,G,G,t,G,G,G,t,G,G,G,G,G,G,G,G,G,G,G,G,G,G,G,G,G,G,G,G,G,G,G,G,G,G,G,G,G,G,G,G,G,G,G,G,G,G,G,G,G,G,G,G,G,G,G,G,G,G,G,G,G,G,G,G,G,G,G,G,G,G,G,G,G,G,G,G,G,G,G,G,G,G,G,G,G,G,G,G,G,G,G,G,G,G,G,G,G,G,G,G,G,G,G,G,G,G,G,G,G,G,G,G,G,G,G,G,G,G,G,G,G,G,G,G,G,G,G,m,m,m,m,m,m,m,m,m,m,m,m,m
m,m,m,m,m,m,m,m,m,m,m,m,m,m,m,G,G,G,G,G,G,G,G,G,G,G,G,G,G,G,G,G,G,G,G,G,G,G,G,G,G,t,G,G,G,G,G,G,G,G,G,b,b,G,G,b,G,t,b,G,b,b,G,t,G,G,G,G,G,G,b,G,G,G,G,G,G,G,b,G,t,G,t,G,b,t,b,G,G,G,G,t,G,t,G,G,t,t,G,b,G,G,G,G,t,t,t,G,b,G,G,t,G,G,G,t,b,G,G,G,G,t,G,t,G,G,G,t,G,b,t,G,G,G,t,G,G,G,G,G,G,G,t,G,G,G,t,G,G,G,G,G,G,G,G,G,G,G,t,G,G,t,t,G,G,G,t,G,b,G,G,G,G,G,G,t,t,G,t,G,G,G,G,G,G,G,G,G,G,G,G,G,G,G,G,G,G,G,G,G,G,G,G,G,G,G,G,G,G,G,G,G,G,G,G,G,G,G,G,G,G,G,G,G,G,G,G,G,G,G,G,G,G,G,G,G,G,G,G,G,G,G,G,G,G,G,G,G,G,G,G,G,G,G,G,G,G,G,G,G,G,G,G,G,G,G,G,G,G,G,G,G,G,G,G,G,G,G,G,G,G,G,G,G,G,G,G,m,m,m,m,m,m,m,m,m,m,m,m,m
m,m,m,m,m,m,m,m,m,m,m,m,m,m,m,G,G,G,G,G,G,G,G,G,G,G,G,G,G,G,G,G,G,G,G,G,G,G,G,G,G,G,G,t,G,G,G,t,t,G,G,G,G,G,t,G,b,b,G,b,G,t,b,G,t,b,G,t,G,G,t,G,t,b,b,t,G,G,G,G,G,G,G,G,t,b,G,G,t,t,G,b,b,G,G,G,G,G,G,G,G,b,G,b,G,G,t,G,G,G,b,t,t,G,G,t,G,G,G,G,b,G,G,G,t,t,G,G,G,G,t,t,G,t,G,G,G,G,t,G,b,G,G,t,G,t,t,G,t,G,G,G,G,G,G,G,G,G,G,b,b,G,t,G,G,G,G,G,t,b,t,t,G,t,G,t,t,G,G,G,G,G,G,G,G,G,G,G,G,G,G,G,G,G,G,G,G,G,G,G,G,G,G,G,G,G,G,G,G,G,G,G,G,G,G,G,G,G,G,G,G,G,G,G,G,G,G,G,G,G,G,G,G,G,G,G,G,G,G,G,G,G,G,G,G,G,G,G,G,G,G,G,G,G,G,G,G,G,G,G,G,G,G,G,G,G,G,G,G,G,G,G,G,G,G,G,G,G,G,G,G,G,G,G,G,G,m,m,m,m,m,m,m,m,m,m,m,m,m,m
m,m,m,m,m,m,m,m,m,m,m,m,m,m,m,G,G,G,G,G,G,G,G,G,G,G,G,G,G,G,G,G,G,G,G,G,G,t,t,G,G,G,G,G,t,t,t,t,G,G,G,G,G,G,G,G,t,G,t,G,G,G,G,G,G,G,b,G,t,G,G,G,G,t,t,b,b,t,G,G,G,t,G,b,b,t,G,G,G,b,G,G,t,G,G,G,G,G,G,t,b,G,b,t,G,G,b,G,t,G,t,G,b,b,G,G,G,G,G,G,G,G,t,G,G,G,G,G,t,t,t,b,G,b,G,G,G,G,G,G,G,G,G,G,G,G,G,G,G,G,G,G,G,G,G,G,G,G,t,G,b,G,t,G,G,t,G,G,G,t,G,t,t,b,G,G,G,G,G,G,G,G,G,G,G,G,G,G,G,G,G,G,G,G,G,G,G,G,G,G,G,G,G,G,G,G,G,G,G,G,G,G,G,G,G,G,G,G,G,G,G,G,G,G,G,G,G,G,G,G,G,G,G,G,G,G,G,G,G,G,G,G,G,G,G,G,G,G,G,G,G,G,G,G,G,G,G,G,G,G,G,G,G,G,G,G,G,G,G,G,G,G,G,G,G,G,G,G,G,G,G,G,G,G,G,G,m,m,m,m,m,m,m,m,m,m,m,m,m,m
m,m,m,m,m,m,m,m,m,m,m,m,m,m,m,m,G,G,G,G,G,G,G,G,G,G,G,G,G,G,G,G,G,G,G,G,t,G,G,t,b,G,G,G,b,G,b,t,G,G,G,G,G,G,G,t,G,b,G,t,G,G,G,G,t,G,G,G,G,t,G,b,t,t,G,t,b,t,G,G,t,G,G,G,G,G,G,G,G,G,t,G,t,t,t,G,G,t,t,t,G,G,G,t,G,G,G,G,G,G,G,G,G,G,G,G,G,t,G,t,G,G,b,G,G,G,G,t,b,G,G,t,G,G,t,t,G,G,G,G,G,G,G,G,t,t,G,G,b,G,G,G,G,G,t,G,G,t,G,t,G,t,b,G,G,t,G,G,t,G,G,t,t,G,G,G,t,G,G,G,G,G,G,G,G,G,G,G,G,G,G,G,G,G,G,G,G,G,G,G,G,G,G,G,G,G,G,G,G,G,G,G,G,G,G,G,G,G,G,G,G,G,G,G,G,G,G,G,G,G,G,G,G,G,G,G,G,G,G,G,G,G,G,G,G,G,G,G,G,G,G,G,G,G,G,G,G,G,G,G,G,G,G,G,G,G,G,G,G,G,G,G,G,G,G,G,G,G,G,G,G,G,G,G,G,G,m,m,m,m,m,m,m,m,m,m,m,m,m,m
m,m,m,m,m,m,m,m,m,m,m,m,m,m,m,m,G,G,G,G,G,G,G,G,G,G,G,G,G,G,G,G,G,G,G,G,G,G,t,t,t,G,t,G,t,G,G,G,G,t,t,G,t,G,G,G,G,G,G,G,G,b,G,G,G,b,b,t,G,t,G,G,b,G,G,t,G,b,G,t,G,t,G,t,G,t,b,b,G,G,G,G,G,G,G,b,t,b,b,G,G,G,G,G,G,t,G,G,t,t,G,G,G,G,G,t,G,G,G,G,t,t,b,t,t,G,G,t,G,G,t,G,b,G,t,G,G,G,G,G,G,G,t,b,t,t,G,G,b,G,G,G,G,G,t,G,G,G,G,t,b,G,G,G,G,G,t,b,G,t,G,G,b,G,G,G,G,G,G,G,G,G,G,G,G,G,G,G,G,G,G,G,G,G,G,G,G,G,G,G,G,G,G,G,G,G,G,G,G,G,G,G,G,G,G,G,G,G,G,G,G,G,G,G,G,G,G,G,G,G,G,G,G,G,G,G,G,G,G,G,G,G,G,G,G,G,G,G,G,G,G,G,G,G,G,G,G,G,G,G,G,G,G,G,G,G,G,G,G,G,G,G,G,G,G,G,G,G,G,G,G,G,G,G,G,G,m,m,m,m,m,m,m,m,m,m,m,m,m,m
m,m,m,m,m,m,m,m,m,m,m,m,m,m,m,m,G,G,G,G,G,G,G,G,G,G,G,G,G,G,G,G,G,G,G,t,G,b,G,G,G,b,G,G,t,t,G,G,b,b,G,G,G,G,G,G,G,G,G,t,G,G,G,G,G,t,G,t,G,t,G,b,G,t,G,G,G,b,b,G,G,b,t,t,t,G,G,G,G,G,G,t,G,G,t,t,G,G,b,G,G,G,G,G,G,G,G,G,G,G,G,G,G,G,G,t,t,G,G,t,t,G,t,t,G,G,b,G,G,G,b,b,G,t,G,G,t,G,t,G,G,t,t,b,t,t,G,G,b,G,G,G,G,G,G,b,G,G,G,G,G,G,t,G,G,G,G,t,G,G,G,t,G,G,G,b,G,G,G,G,G,G,G,G,G,G,G,G,G,G,G,G,G,G,G,G,G,G,G,G,G,G,G,G,G,G,G,G,G,G,G,G,G,G,G,G,G,G,G,G,G,G,G,G,G,G,G,G,G,G,G,G,G,G,G,G,G,G,G,G,G,G,G,G,G,G,G,G,G,G,G,G,G,G,G,G,G,G,G,G,G,G,G,G,G,G,G,G,G,G,G,G,G,G,G,G,G,G,G,G,G,G,G,G,G,m,m,m,m,m,m,m,m,m,m,m,m,m,m,m
m,m,m,m,m,m,m,m,m,m,m,m,m,m,m,m,m,G,G,G,G,G,G,G,G,G,G,G,G,G,G,G,G,G,G,G,G,G,G,G,G,G,G,t,G,t,t,G,t,t,t,G,G,t,G,G,t,G,t,t,G,G,G,t,t,t,G,G,G,G,t,G,G,G,G,G,G,G,G,G,b,G,t,b,G,G,G,G,G,b,G,G,G,G,G,t,G,G,t,t,G,G,t,G,G,G,G,t,b,G,G,G,G,b,G,G,G,G,G,G,G,G,G,G,G,G,G,G,G,G,G,t,G,t,G,G,G,G,t,G,b,G,G,G,G,G,G,G,t,G,G,G,G,G,G,G,b,G,G,G,G,G,t,G,t,G,t,G,G,G,G,G,t,t,G,G,b,G,G,G,G,G,G,G,G,G,G,G,G,G,G,G,G,G,G,G,G,G,G,G,G,G,G,G,G,G,G,G,G,G,G,G,G,G,G,G,G,G,G,G,G,G,G,G,G,G,G,G,G,G,G,G,G,G,G,G,G,G,G,G,G,G,G,G,G,G,G,G,G,G,G,G,G,G,G,G,G,G,G,G,G,G,G,G,G,G,G,G,G,G,G,G,G,G,G,G,G,G,G,G,G,G,G,G,G,m,m,m,m,m,m,m,m,m,m,m,m,m,m,m
m,m,m,m,m,m,m,m,m,m,m,m,m,m,m,m,m,G,G,G,G,G,G,G,G,G,G,G,G,G,G,G,G,G,G,G,G,G,G,G,G,G,t,G,b,t,G,G,G,G,G,G,G,t,G,G,G,G,G,t,G,t,G,G,G,G,G,t,G,G,t,G,G,G,G,b,G,G,t,G,G,G,t,G,G,G,b,G,G,G,t,G,t,G,G,G,G,G,G,t,G,G,t,t,t,G,G,G,t,G,G,t,G,t,G,t,G,t,G,t,G,t,G,G,G,t,G,b,b,t,G,G,b,t,G,G,t,G,G,G,G,G,G,t,G,G,G,G,G,G,G,G,G,G,G,G,G,t,G,t,G,G,b,G,t,G,t,t,G,G,G,t,G,G,G,G,G,t,G,G,G,G,G,G,G,G,G,G,G,G,G,G,G,G,G,G,G,G,G,G,G,G,G,G,G,G,G,G,G,G,G,G,G,G,G,G,G,G,G,G,G,G,G,G,G,G,G,G,G,G,G,G,G,G,G,G,G,G,G,G,G,G,G,G,G,G,G,G,G,G,G,G,G,G,G,G,G,G,G,G,G,G,G,G,G,G,G,G,G,G,G,G,G,G,G,G,G,G,G,G,G,G,G,G,G,m,m,m,m,m,m,m,m,m,m,m,m,m,m,m
m,m,m,m,m,m,m,m,m,m,m,m,m,m,m,m,m,G,G,G,G,G,G,G,G,G,G,G,G,G,G,G,G,G,G,G,G,t,t,G,t,G,G,G,b,G,G,G,G,t,G,G,G,b,G,G,t,G,t,G,b,t,G,G,b,t,G,G,G,G,G,G,G,G,G,G,G,t,G,G,G,G,G,G,t,t,G,G,t,G,G,G,G,G,b,G,G,G,G,G,G,t,G,b,t,b,G,G,t,G,G,G,G,G,G,G,G,G,G,b,G,G,t,G,G,t,G,t,G,t,G,G,t,G,G,G,t,G,G,G,G,G,t,t,G,G,t,G,G,G,G,G,G,G,G,G,G,t,G,G,b,G,G,b,G,t,t,G,t,G,t,G,G,G,G,G,G,G,G,G,G,G,G,G,G,G,G,G,G,G,G,G,G,G,G,G,G,G,G,G,G,G,G,G,G,G,G,G,G,G,G,G,G,G,G,G,G,G,G,G,G,G,G,G,G,G,G,G,G,G,G,G,G,G,G,G,G,G,G,G,G,G,G,G,G,G,G,G,G,G,G,G,G,G,G,G,G,G,G,G,G,G,G,G,G,G,G,G,G,G,G,G,G,G,G,G,G,G,G,G,G,G,G,G,G,m,m,m,m,m,m,m,m,m,m,m,m,m,m,m
m,m,m,m,m,m,m,m,m,m,m,m,m,m,m,m,m,G,G,G,G,G,G,G,G,G,G,G,G,G,G,G,G,G,G,b,t,G,G,G,G,G,G,b,G,G,G,G,G,G,G,G,t,G,G,G,t,G,G,t,G,b,G,G,t,G,G,G,G,G,t,G,G,G,G,t,G,G,G,G,G,G,G,G,t,G,G,G,G,G,G,G,G,G,G,G,G,G,t,G,t,G,t,G,G,b,t,G,G,G,t,G,G,t,b,G,G,G,G,G,G,b,G,G,G,G,t,G,b,G,G,t,G,G,G,t,G,G,G,t,G,b,G,G,G,G,t,G,G,G,G,G,G,G,t,G,G,t,G,G,G,G,G,t,G,G,G,G,b,t,G,t,G,G,G,G,t,G,G,G,G,G,G,G,G,G,G,G,G,G,G,G,G,G,G,G,G,G,G,G,G,G,G,G,G,G,G,G,G,G,G,G,G,G,G,G,G,G,G,G,G,G,G,G,G,G,G,G,G,G,G,G,G,G,G,G,G,G,G,G,G,G,G,G,G,G,G,G,G,G,G,G,G,G,G,G,G,G,G,G,G,G,G,G,G,G,G,G,G,G,G,G,G,G,G,G,G,G,G,G,G,G,G,G,G,m,m,m,m,m,m,m,m,m,m,m,m,m,m,m
m,m,m,m,m,m,m,m,m,m,m,m,m,m,m,m,m,G,G,G,G,G,G,G,G,G,G,G,G,G,G,G,G,G,G,t,G,G,G,b,t,G,t,b,G,G,G,G,t,G,G,G,G,G,G,G,b,G,G,t,G,b,G,G,G,t,G,G,t,G,G,G,G,t,G,G,t,G,t,G,b,t,G,G,G,G,t,t,G,G,G,G,t,G,G,G,G,G,G,b,t,G,G,G,G,G,G,G,G,G,G,b,G,G,t,t,G,G,G,G,G,G,t,G,G,t,G,G,b,G,b,G,t,G,G,G,G,G,t,t,G,t,t,G,G,t,t,b,G,G,G,G,G,G,G,G,G,G,G,G,G,G,b,G,G,G,G,G,t,t,G,G,G,t,G,t,G,G,G,G,G,G,G,G,G,G,G,G,G,G,G,G,G,G,G,G,G,G,G,G,G,G,G,G,G,G,G,G,G,G,G,G,G,G,G,G,G,G,G,G,G,G,G,G,G,G,G,G,G,G,G,G,G,G,G,G,G,G,G,G,G,G,G,G,G,G,G,G,G,G,G,G,G,G,G,G,G,G,G,G,G,G,G,G,G,G,G,G,G,G,G,G,G,G,G,G,G,G,G,G,G,G,G,G,G,m,m,m,m,m,m,m,m,m,m,m,m,m,m,m
m,m,m,m,m,m,m,m,m,m,m,m,m,m,m,m,m,G,G,G,G,G,G,G,G,G,G,G,G,G,G,G,G,G,G,t,G,G,G,t,t,t,t,G,t,b,t,G,t,t,b,b,t,G,G,t,t,G,G,t,G,G,G,G,G,G,G,G,G,G,G,G,G,G,G,G,G,G,G,G,G,G,G,t,G,t,G,t,G,t,G,G,G,G,G,G,G,G,t,G,G,G,G,G,G,G,G,G,G,G,b,G,b,t,G,G,b,G,G,t,G,b,G,G,G,G,G,t,G,b,G,G,b,b,G,G,G,G,t,G,G,G,G,t,t,t,t,b,G,G,G,G,G,G,G,G,G,t,G,G,G,G,G,G,b,t,G,G,t,G,G,G,G,G,t,G,b,G,G,G,G,G,G,G,G,G,G,G,G,G,G,G,G,G,G,G,G,G,G,G,G,G,G,G,G,G,G,G,G,G,G,G,G,G,G,G,G,G,G,G,G,G,G,G,G,G,G,G,G,G,G,G,G,G,G,G,G,G,G,G,G,G,G,G,G,G,G,G,G,G,G,G,G,G,G,G,G,G,G,G,G,G,G,G,G,G,G,G,G,G,G,G,G,G,G,G,G,G,G,G,G,G,G,G,G,m,m,m,m,m,m,m,m,m,m,m,m,m,m,m
m,m,m,m,m,m,m,m,m,m,m,m,m,m,m,m,m,G,G,G,G,G,G,G,G,G,G,G,G,G,G,G,G,G,G,G,G,G,G,G,G,t,G,G,G,G,t,G,G,t,G,G,G,G,t,b,b,G,G,G,G,G,t,t,G,t,t,G,G,G,t,t,G,G,G,G,G,t,b,G,G,G,t,G,t,t,G,G,t,G,t,G,t,t,t,t,t,t,G,G,G,G,G,t,G,G,t,t,G,t,t,t,G,G,G,G,G,G,G,t,G,G,t,G,G,G,G,G,G,G,G,G,t,G,b,t,b,G,G,G,t,G,t,G,G,t,b,t,G,G,G,G,G,G,G,G,G,G,G,G,t,G,G,G,t,G,G,t,G,G,t,t,G,t,b,G,G,G,G,G,G,G,G,G,G,G,G,G,G,G,G,G,G,G,G,G,G,G,G,G,G,G,G,G,G,G,G,G,G,G,G,G,G,G,G,G,G,G,G,G,G,G,G,G,G,G,G,G,G,G,G,G,G,G,G,G,G,G,G,G,G,G,G,G,G,G,G,G,G,G,G,G,G,G,G,G,G,G,G,G,G,G,G,G,G,G,G,G,G,G,G,G,G,G,G,G,G,G,G,G,G,G,G,G,G,m,m,m,m,m,m,m,m,m,m,m,m,m,m,m
m,m,m,m,m,m,m,m,m,m,m,m,m,m,m,m,m,G,G,G,G,G,G,G,G,G,G,G,G,G,G,G,G,G,G,b,G,t,t,G,G,G,t,G,G,G,G,t,b,G,t,G,t,G,G,G,G,t,b,t,b,G,G,G,b,G,G,G,G,b,G,b,b,t,G,G,G,G,G,G,G,G,b,t,G,W,W,W,W,t,W,W,t,G,b,G,t,G,G,G,G,t,t,G,G,G,t,G,G,t,t,G,G,G,G,G,G,t,t,G,G,G,G,t,t,G,b,G,b,t,t,G,G,G,b,b,G,t,G,t,G,t,G,G,G,G,G,b,t,G,G,G,G,G,t,t,t,G,G,t,G,G,G,G,b,G,G,G,t,G,G,G,G,G,t,G,G,G,b,G,G,G,G,G,G,G,G,G,G,G,G,G,G,G,G,G,G,G,G,G,G,G,G,G,G,G,G,G,G,G,G,G,G,G,G,G,G,G,G,G,G,G,G,G,G,G,G,G,G,G,G,G,G,G,G,G,G,G,G,G,G,G,G,G,G,G,G,G,G,G,G,G,G,G,G,G,G,G,G,G,G,G,G,G,G,G,G,G,G,G,G,G,G,G,G,G,G,G,G,G,G,G,G,G,m,m,m,m,m,m,m,m,m,m,m,m,m,m,m,m
m,m,m,m,m,m,m,m,m,m,m,m,m,m,m,m,m,G,G,G,G,G,G,G,G,G,G,G,G,G,G,G,G,G,G,G,G,G,G,t,G,G,t,b,t,G,G,G,G,t,G,G,G,G,b,t,b,G,t,G,t,G,G,G,b,G,G,G,G,G,G,G,G,t,G,G,G,G,G,b,G,G,t,t,W,t,W,W,W,t,W,t,W,G,G,G,G,G,G,G,t,G,G,t,G,G,G,t,G,G,G,G,t,t,t,t,G,t,G,G,t,G,G,G,G,b,G,G,G,G,G,G,G,t,t,G,G,G,G,G,G,G,G,G,G,G,G,G,b,G,G,G,G,G,t,G,G,G,G,G,G,G,G,G,G,t,t,G,b,t,G,G,t,G,G,G,t,G,t,G,G,G,G,G,G,G,G,G,G,G,G,G,G,G,G,G,G,G,G,G,G,G,G,G,G,G,G,G,G,G,G,G,G,G,G,G,G,G,G,G,G,G,G,G,G,G,G,G,G,G,G,G,G,G,G,G,G,G,G,G,G,G,G,G,G,G,G,G,G,G,G,G,G,G,G,G,G,G,G,G,G,G,G,G,G,G,G,G,G,G,G,G,G,G,G,G,G,G,G,G,G,G,G,G,m,m,m,m,m,m,m,m,m,m,m,m,m,m,m,m
m,m,m,m,m,m,m,m,m,m,m,m,m,m,m,m,m,G,G,G,G,G,G,G,G,G,G,G,G,G,G,G,G,G,G,G,t,t,G,G,G,G,G,G,G,t,G,G,G,G,G,G,t,t,G,G,b,G,G,G,G,t,G,G,t,b,G,G,G,G,G,t,G,G,G,G,G,t,G,G,G,G,b,W,W,W,W,W,t,W,W,t,t,W,t,t,G,G,G,G,G,G,t,G,G,G,b,G,G,G,G,G,t,b,G,G,G,G,G,G,G,t,b,t,G,G,G,G,G,G,G,G,G,G,G,t,t,G,G,G,G,t,b,G,t,G,G,t,t,G,G,G,G,G,G,b,b,t,t,t,b,t,t,b,t,G,G,t,G,G,G,G,G,t,b,G,G,G,G,G,G,G,G,G,G,G,G,G,G,G,G,G,G,G,G,G,G,G,G,G,G,G,G,G,G,G,G,G,G,G,G,G,G,G,G,G,G,G,G,G,G,G,G,G,G,G,G,G,G,G,G,G,G,G,G,G,G,G,G,G,G,G,G,G,G,G,G,G,G,G,G,G,G,G,G,G,G,G,G,G,G,G,G,G,G,G,G,G,G,G,G,G,G,G,G,G,G,G,G,G,G,G,G,G,m,m,m,m,m,m,m,m,m,m,m,m,m,m,m,m
m,m,m,m,m,m,m,m,m,m,m,m,m,m,m,m,m,G,G,G,G,G,G,G,G,G,G,G,G,G,G,G,G,G,G,G,G,G,G,G,t,t,b,G,G,G,G,G,G,G,G,G,G,G,G,b,G,G,G,G,G,G,b,G,t,G,b,b,G,t,G,G,G,t,G,G,G,G,G,G,G,t,t,W,t,W,W,W,W,t,W,W,W,t,G,b,G,t,G,t,G,G,b,t,G,G,t,b,G,G,G,G,G,G,G,G,t,G,b,t,G,b,G,G,G,G,G,G,G,b,b,b,G,G,t,t,G,G,G,G,G,G,t,G,G,t,G,G,G,G,G,G,G,G,b,t,G,G,t,t,t,b,G,G,G,G,G,G,G,G,G,G,t,t,G,t,G,G,G,G,G,G,G,G,G,G,G,G,G,G,G,G,G,G,G,G,G,G,G,G,G,G,G,G,G,G,G,G,G,G,G,G,G,G,G,G,G,G,G,G,G,G,G,G,G,G,G,G,G,G,G,G,G,G,G,G,G,G,G,G,G,G,G,G,G,G,G,G,G,G,G,G,G,G,G,G,G,G,G,G,G,G,G,G,G,G,G,G,G,G,G,G,G,G,G,G,G,G,G,G,G,G,G,G,m,m,m,m,m,m,m,m,m,m,m,m,m,m,m,m
m,m,m,m,m,m,m,m,m,m,m,m,m,m,m,m,m,G,G,G,G,G,G,G,G,G,G,G,G,G,G,G,G,G,G,G,G,G,G,t,G,G,t,G,G,G,G,G,t,G,t,G,G,G,G,t,G,G,G,G,b,t,G,t,G,G,t,G,b,G,G,b,G,G,G,G,t,G,G,G,G,b,G,W,t,W,W,W,W,W,W,W,t,W,G,b,G,G,G,t,t,G,t,G,t,G,G,G,G,G,G,G,G,G,t,G,G,G,b,b,G,G,G,t,G,G,G,t,t,G,G,G,t,G,G,G,b,t,G,G,t,G,G,b,G,G,t,G,b,G,G,G,G,G,G,G,t,G,G,G,G,G,G,G,G,b,G,G,G,t,b,G,G,b,G,G,t,G,G,G,G,G,G,G,G,G,G,G,G,G,G,G,G,G,G,G,G,G,G,G,G,G,G,G,G,G,G,G,G,G,G,G,G,G,G,G,G,G,G,G,G,G,G,G,G,G,G,G,G,G,G,G,G,G,G,G,G,G,G,G,G,G,G,G,G,G,G,G,G,G,G,G,G,G,G,G,G,G,G,G,G,G,G,G,G,G,G,G,G,G,G,G,G,G,G,G,G,G,G,G,G,G,G,m,m,m,m,m,m,m,m,m,m,m,m,m,m,m,m,m
m,m,m,m,m,m,m,m,m,m,m,m,m,m,m,m,m,G,G,G,G,G,G,G,G,G,G,G,G,G,G,G,G,G,G,t,G,t,G,G,t,G,G,G,G,b,G,t,G,G,G,G,G,G,G,G,G,G,t,G,G,t,G,b,G,t,G,b,G,t,G,t,t,G,G,G,G,b,b,G,G,G,W,t,W,W,t,W,W,W,W,W,W,W,W,G,G,G,t,G,G,t,t,G,t,b,G,t,G,G,G,t,G,G,G,G,G,G,G,G,t,t,b,G,G,b,G,b,G,G,G,G,t,G,t,G,G,G,G,G,t,b,G,G,G,G,t,t,G,G,G,G,G,G,t,G,G,t,G,G,G,G,G,G,t,t,G,G,G,G,G,t,t,G,G,b,t,t,G,G,G,G,G,G,G,G,G,G,G,G,G,G,G,G,G,G,G,G,G,G,G,G,G,G,G,G,G,G,G,G,G,G,G,G,G,G,G,G,G,G,G,G,G,G,G,G,G,G,G,G,G,G,G,G,G,G,G,G,G,G,G,G,G,G,G,G,G,G,G,G,G,G,G,G,G,G,G,G,G,G,G,G,G,G,G,G,G,G,G,G,G,G,G,G,G,G,G,G,G,G,G,G,G,m,m,m,m,m,m,m,m,m,m,m,m,m,m,m,m,m
m,m,m,m,m,m,m,m,m,m,m,m,m,m,m,m,m,G,G,G,G,G,G,G,G,G,G,G,G,G,G,G,G,G,G,G,b,b,G,G,t,G,G,G,G,G,G,t,G,G,G,G,b,t,G,G,G,t,G,G,G,G,G,G,G,t,G,G,G,G,t,t,G,G,G,G,G,G,t,G,t,G,t,W,W,W,W,W,W,W,t,t,W,W,t,G,G,G,t,t,G,G,b,G,G,G,G,G,t,b,G,G,t,G,G,G,b,G,G,G,G,t,t,G,G,G,G,G,G,G,b,G,b,t,G,G,b,G,G,b,G,t,G,t,G,G,G,G,t,G,G,G,G,G,G,t,G,G,G,G,G,G,t,t,G,G,t,t,G,G,G,G,t,t,G,G,G,t,G,G,G,G,G,G,G,G,G,G,G,G,G,G,G,G,G,G,G,G,G,G,G,G,G,G,G,G,G,G,G,G,G,G,G,G,G,G,G,G,G,G,G,G,G,G,G,G,G,G,G,G,G,G,G,G,G,G,G,G,G,G,G,G,G,G,G,G,G,G,G,G,G,G,G,G,G,G,G,G,G,G,G,G,G,G,G,G,G,G,G,G,G,G,G,G,G,G,G,G,G,G,G,G,G,m,m,m,m,m,m,m,m,m,m,m,m,m,m,m,m,m
m,m,m,m,m,m,m,m,m,m,m,m,m,m,m,m,m,G,G,G,G,G,G,G,G,G,G,G,G,G,G,G,G,G,G,G,b,t,G,G,G,G,G,G,G,t,G,G,G,G,t,G,G,G,G,G,t,G,t,t,t,G,G,b,G,G,t,G,t,t,t,G,b,t,G,b,G,G,t,G,G,G,G,W,W,t,W,W,W,W,W,W,t,W,G,G,G,G,G,G,G,t,G,G,G,t,G,G,t,b,t,G,G,G,b,t,G,b,G,G,G,G,G,G,b,G,t,G,G,b,G,t,G,t,G,G,G,G,G,G,G,G,b,b,G,G,G,G,G,G,G,G,G,G,t,t,G,G,G,b,t,G,G,G,G,G,t,t,G,G,G,G,G,t,G,G,G,G,G,G,G,G,G,G,G,G,G,G,G,G,G,G,G,G,G,G,G,G,G,G,G,G,G,G,G,G,G,G,G,G,G,G,G,G,G,G,G,G,G,G,G,G,G,G,G,G,G,G,G,G,G,G,G,G,G,G,G,G,G,G,G,G,G,G,G,G,G,G,G,G,G,G,G,G,G,G,G,G,G,G,G,G,G,G,G,G,G,G,G,G,G,G,G,G,G,G,G,G,G,G,G,G,G,m,m,m,m,m,m,m,m,m,m,m,m,m,m,m,m,m
m,m,m,m,m,m,m,m,m,m,m,m,m,m,m,m,G,G,G,G,G,G,G,G,G,G,G,G,G,G,G,G,G,G,G,G,t,t,t,G,G,t,G,t,G,b,G,G,t,G,t,t,G,G,b,G,G,G,t,t,t,t,t,G,b,G,G,G,t,t,G,G,G,t,t,t,G,t,G,G,G,G,b,W,W,t,W,W,W,W,W,W,W,W,G,G,G,G,t,b,G,t,t,G,G,G,G,G,t,G,G,t,G,G,G,G,G,G,G,t,G,G,G,G,G,G,G,G,G,G,G,b,G,G,t,G,t,t,G,G,G,G,G,G,G,G,t,G,G,G,G,G,G,G,G,t,G,b,G,b,G,G,G,G,G,b,G,G,G,b,t,G,G,G,t,G,t,G,G,G,G,G,G,G,G,G,G,G,G,G,G,G,G,G,G,G,G,G,G,G,G,G,G,G,G,G,G,G,G,G,G,G,G,G,G,G,G,G,G,G,G,G,G,G,G,G,G,G,G,G,G,G,G,G,G,G,G,G,G,G,G,G,G,G,G,G,G,G,G,G,G,G,G,G,G,G,G,G,G,G,G,G,G,G,G,G,G,G,G,G,G,G,G,G,G,G,G,G,G,G,G,G,G,m,m,m,m,m,m,m,m,m,m,m,m,m,m,m,m,m
m,m,m,m,m,m,m,m,m,m,m,m,m,m,m,m,G,G,G,G,G,G,G,G,G,G,G,G,G,G,G,G,G,G,G,t,t,G,b,G,t,t,G,t,t,t,G,G,t,G,b,G,t,G,t,t,G,G,G,G,t,G,G,G,G,b,t,G,t,G,t,t,G,b,G,G,G,G,G,G,G,G,G,G,W,t,W,W,W,t,t,W,W,G,G,G,G,t,G,G,t,G,G,t,G,t,G,t,G,t,G,G,t,G,G,t,G,G,t,G,G,G,G,G,G,G,G,G,G,G,t,G,G,t,G,b,G,G,G,G,t,G,t,t,G,G,b,G,G,G,G,G,G,G,G,t,G,G,G,G,G,G,G,b,G,b,t,t,G,t,G,t,t,G,G,G,G,G,b,G,G,G,G,G,G,G,G,G,G,G,G,G,G,G,G,G,G,G,G,G,G,G,G,G,G,G,G,G,G,G,G,G,G,G,G,G,G,G,G,G,G,G,G,G,G,G,G,G,G,G,G,G,G,G,G,G,G,G,G,G,G,G,G,G,G,G,G,G,G,G,G,G,G,G,G,G,G,G,G,G,G,G,G,G,G,G,G,G,G,G,G,G,G,G,G,G,G,G,G,G,G,G,G,m,m,m,m,m,m,m,m,m,m,m,m,m,m,m,m,m
m,m,m,m,m,m,m,m,m,m,m,m,m,m,m,m,G,G,G,G,G,G,G,G,G,G,G,G,G,G,G,G,G,G,G,G,t,b,b,G,b,t,t,G,G,t,G,G,G,G,t,t,t,G,t,t,t,t,G,G,t,t,G,G,G,t,G,b,G,t,G,t,t,G,t,b,t,G,G,G,G,b,G,G,G,W,t,W,t,t,t,t,G,G,G,G,G,G,G,G,G,t,G,G,t,G,b,G,G,G,t,G,t,G,G,t,t,G,G,G,G,G,G,G,G,G,G,G,G,G,G,t,G,G,G,b,b,G,b,G,G,G,G,G,G,t,b,G,t,G,G,G,G,G,G,G,G,t,t,t,G,t,b,t,t,G,t,G,G,G,G,b,t,G,G,G,G,G,G,G,G,G,G,G,G,G,G,G,G,G,G,G,G,G,G,G,G,G,G,G,G,G,G,G,G,G,G,G,G,G,G,G,G,G,G,G,G,G,G,G,G,G,G,G,G,G,G,G,G,G,G,G,G,G,G,G,G,G,G,G,G,G,G,G,G,G,G,G,G,G,G,G,G,G,G,G,G,G,G,G,G,G,G,G,G,G,G,G,G,G,G,G,G,G,G,G,G,G,G,G,G,G,G,m,m,m,m,m,m,m,m,m,m,m,m,m,m,m,m,m
m,m,m,m,m,m,m,m,m,m,m,m,m,m,m,m,G,G,G,G,G,G,G,G,G,G,G,G,G,G,G,G,G,G,G,G,G,G,G,G,t,b,b,G,t,G,G,b,t,G,b,t,G,G,G,G,t,G,t,G,b,b,t,G,G,b,t,G,G,G,G,G,G,G,G,G,G,G,b,G,G,G,G,G,b,G,G,G,W,G,b,G,G,G,G,G,G,G,G,t,t,b,t,G,G,G,G,G,G,G,G,b,t,G,G,G,G,G,G,G,G,t,G,b,G,G,t,G,G,G,b,G,G,b,G,G,G,G,b,G,G,G,b,b,b,G,t,G,b,G,G,G,G,G,G,b,G,G,t,G,G,t,G,G,G,t,t,G,G,t,G,b,t,G,G,b,G,G,G,G,G,G,G,G,G,G,G,G,G,G,G,G,G,G,G,G,G,G,G,G,G,G,G,G,G,G,G,G,G,G,G,G,G,G,G,G,G,G,G,G,G,G,G,G,G,G,G,G,G,G,G,G,G,G,G,G,G,G,G,G,G,G,G,G,G,G,G,G,G,G,G,G,G,G,G,G,G,G,G,G,G,G,G,G,G,G,G,G,G,G,G,G,G,G,G,G,G,G,G,G,G,G,G,m,m,m,m,m,m,m,m,m,m,m,m,m,m,m,m,m
m,m,m,m,m,m,m,m,m,m,m,m,m,m,m,G,G,G,G,G,G,G,G,G,G,G,G,G,G,G,G,G,G,G,G,G,b,G,G,G,t,G,G,t,G,G,t,G,G,G,G,b,G,G,G,G,G,t,G,t,G,G,t,G,G,G,G,G,t,G,G,G,G,t,t,t,G,t,t,b,b,G,G,t,t,b,G,G,t,G,G,G,G,t,G,G,t,t,G,G,t,G,t,G,G,t,G,G,G,G,G,G,G,G,G,t,b,t,G,G,G,G,t,G,G,t,G,G,G,G,G,G,b,b,G,G,G,G,t,t,G,t,t,G,G,t,G,t,G,G,G,G,G,G,G,t,G,t,t,G,G,G,b,G,G,G,t,t,G,G,G,G,G,b,G,G,G,G,G,G,G,G,G,G,G,G,G,G,G,G,G,G,G,G,G,G,G,G,G,G,G,G,G,G,G,G,G,G,G,G,G,G,G,G,G,G,G,G,G,G,G,G,G,G,G,G,G,G,G,G,G,G,G,G,G,G,G,G,G,G,G,G,G,G,G,G,G,G,G,G,G,G,G,G,G,G,G,G,G,G,G,G,G,G,G,G,G,G,G,G,G,G,G,G,G,G,G,G,G,G,G,G,G,m,m,m,m,m,m,m,m,m,m,m,m,m,m,m,m,m
m,m,m,m,m,m,m,m,m,m,m,m,m,m,m,G,G,G,G,G,G,G,G,G,G,G,G,G,G,G,G,G,G,G,G,t,t,G,t,G,t,G,G,G,G,G,b,G,G,G,G,G,G,G,G,G,t,G,G,G,G,G,G,t,G,G,b,G,G,G,G,t,G,G,b,G,G,t,b,G,b,G,G,G,G,G,t,G,t,G,G,t,G,G,b,G,G,G,t,G,G,t,b,G,G,G,G,G,G,G,t,G,G,G,G,t,G,t,G,G,t,G,G,G,t,G,t,t,b,G,t,t,G,G,t,G,t,b,G,G,G,G,G,G,G,G,G,G,G,G,G,G,G,G,t,t,G,G,t,G,G,t,G,G,t,G,G,G,G,G,G,G,G,G,G,G,G,G,b,G,G,G,G,G,G,G,G,G,G,G,G,G,G,G,G,G,G,G,G,G,G,G,G,G,G,G,G,G,G,G,G,G,G,G,G,G,G,G,G,G,G,G,G,G,G,G,G,G,G,G,G,G,G,G,G,G,G,G,G,G,G,G,G,G,G,G,G,G,G,G,G,G,G,G,G,G,G,G,G,G,G,G,G,G,G,G,G,G,G,G,G,G,G,G,G,G,G,G,G,G,G,G,G,m,m,m,m,m,m,m,m,m,m,m,m,m,m,m,m,m
m,m,m,m,m,m,m,m,m,m,m,m,m,m,m,G,G,G,G,G,G,G,G,G,G,G,G,G,G,G,G,G,G,G,G,t,t,G,G,t,G,G,G,G,t,t,t,t,t,G,G,G,G,G,G,G,G,G,G,t,G,G,G,b,G,G,G,G,G,G,G,t,G,G,G,G,t,G,t,G,G,G,G,t,G,G,G,G,G,G,t,G,G,t,G,b,t,G,G,G,t,G,t,t,G,t,b,G,G,G,G,G,G,G,G,G,G,G,G,b,G,b,G,G,G,b,b,t,G,G,G,G,G,G,b,G,G,b,G,b,G,G,b,G,G,G,G,t,t,G,G,G,G,G,G,G,G,G,G,G,G,G,G,G,G,b,b,t,t,G,G,t,G,t,G,t,G,G,G,G,G,G,G,G,G,G,G,G,G,G,G,G,G,G,G,G,G,G,G,G,G,G,G,G,G,G,G,G,G,G,G,G,G,G,G,G,G,G,G,G,G,G,G,G,G,G,G,G,G,G,G,G,G,G,G,G,G,G,G,G,G,G,G,G,G,G,G,G,G,G,G,G,G,G,G,G,G,G,G,G,G,G,G,G,G,G,G,G,G,G,G,G,G,G,G,G,G,G,G,G,G,G,G,m,m,m,m,m,m,m,m,m,m,m,m,m,m,m,m,m
m,m,m,m,m,m,m,m,m,m,m,m,m,m,m,G,G,G,G,G,G,G,G,G,G,G,G,G,G,G,G,G,G,G,G,t,G,G,G,G,G,G,t,b,t,b,G,b,G,t,G,G,G,t,G,G,t,t,G,G,G,G,G,G,t,G,G,G,G,G,G,G,G,G,G,b,G,b,b,G,G,t,b,G,G,G,b,t,G,t,G,t,G,t,G,t,G,G,t,b,G,G,G,G,G,G,G,G,t,G,G,G,G,G,G,b,G,G,t,G,t,G,G,G,t,b,G,b,G,t,b,G,G,G,t,G,G,b,G,t,G,G,G,G,t,t,G,G,b,G,G,G,G,G,t,t,G,G,t,G,b,t,b,G,t,G,G,G,G,G,t,G,t,G,G,G,b,G,t,G,G,G,G,G,G,G,G,G,G,G,G,G,G,G,G,G,G,G,G,G,G,G,G,G,G,G,G,G,G,G,G,G,G,G,G,G,G,G,G,G,G,G,G,G,G,G,G,G,G,G,G,G,G,G,G,G,G,G,G,G,G,G,G,G,G,G,G,G,G,G,G,G,G,G,G,G,G,G,G,G,G,G,G,G,G,G,G,G,G,G,G,G,G,G,G,G,G,G,G,G,G,G,G,m,m,m,m,m,m,m,m,m,m,m,m,m,m,m,m,m
m,m,m,m,m,m,m,m,m,m,m,m,m,m,m,G,G,G,G,G,G,G,G,G,G,G,G,G,G,G,G,G,G,G,G,b,G,t,G,t,b,G,G,G,t,t,b,G,G,t,G,G,G,G,G,G,G,t,G,t,t,G,b,G,t,G,G,G,b,G,G,G,t,G,G,G,G,b,t,G,G,G,G,t,G,G,G,G,t,G,G,G,G,t,t,G,G,G,G,G,G,b,b,G,G,G,G,G,G,G,#,#,#,#,#,#,#,#,#,#,#,#,#,#,#,#,#,#,#,#,#,#,#,#,#,#,#,#,#,#,#,#,#,#,#,#,#,#,.,.,.,.,.,.,.,#,#,#,#,#,#,#,#,#,#,#,#,#,#,#,#,#,#,#,#,#,#,#,#,#,#,#,#,#,#,#,#,#,#,#,#,#,#,#,#,#,#,#,G,G,G,G,G,G,G,G,G,G,G,G,G,G,G,G,G,G,G,G,G,G,G,G,G,G,G,G,G,G,G,G,G,G,G,G,G,G,G,G,G,G,G,G,G,G,G,G,G,G,G,G,G,G,G,G,G,G,G,G,G,G,G,G,G,G,G,G,G,G,G,G,G,G,G,G,G,G,G,G,G,G,G,G,G,m,m,m,m,m,m,m,m,m,m,m,m,m,m,m,m,m
m,m,m,m,m,m,m,m,m,m,m,m,m,m,m,G,G,G,G,G,G,G,G,G,G,G,G,G,G,G,G,G,G,G,G,t,G,G,G,G,G,G,G,t,G,G,G,G,G,G,t,G,G,b,b,t,G,G,G,t,G,t,G,G,G,t,G,t,G,G,G,t,b,t,G,G,G,t,t,b,G,G,G,G,G,G,t,G,G,G,G,G,t,G,G,b,G,G,G,t,t,t,G,G,t,b,G,G,G,t,#,.,#,#,#,#,#,#,#,#,#,#,#,#,#,.,.,.,.,.,.,.,.,.,.,#,#,#,#,#,#,#,#,#,#,#,.,.,.,.,.,.,.,.,.,.,#,#,#,#,#,#,#,#,#,#,#,#,#,#,#,.,.,.,.,.,.,.,.,.,#,#,#,#,#,#,#,#,#,#,#,#,#,.,.,.,.,#,G,G,G,G,G,G,G,G,G,G,G,G,G,G,G,G,G,G,G,G,G,G,G,G,G,G,G,G,G,G,G,G,G,G,G,G,G,G,G,G,G,G,G,G,G,G,G,G,G,G,G,G,G,G,G,G,G,G,G,G,G,G,G,G,G,G,G,G,G,G,G,G,G,G,G,G,G,G,G,G,G,G,G,G,G,m,m,m,m,m,m,m,m,m,m,m,m,m,m,m,m,m
m,m,m,m,m,m,m,m,m,m,m,m,m,m,G,G,G,G,G,G,G,G,G,G,G,G,G,G,G,G,G,G,G,G,G,G,G,G,G,G,G,b,G,t,t,G,t,G,t,G,G,t,G,t,t,t,G,G,G,t,G,G,t,G,G,t,b,G,b,G,G,G,t,G,G,t,G,G,t,G,G,G,G,G,G,G,t,G,G,G,G,G,G,G,t,G,G,G,G,G,G,G,G,G,G,t,G,b,G,G,#,.,#,_,_,_,_,_,_,_,_,_,_,_,#,.,.,.,.,.,.,.,.,.,.,#,_,_,_,_,_,_,_,_,_,#,.,.,.,.,.,.,.,.,.,.,#,_,_,_,_,_,_,_,_,_,_,_,_,_,#,.,.,.,.,.,.,.,.,.,#,_,_,_,_,_,_,_,_,_,_,_,#,.,.,.,.,#,G,G,G,G,G,G,G,G,G,G,G,G,G,G,G,G,G,G,G,G,G,G,G,G,G,G,G,G,G,G,G,G,G,G,G,G,G,G,G,G,G,G,G,G,G,G,G,G,G,G,G,G,G,G,G,G,G,G,G,G,G,G,G,G,G,G,G,G,G,G,G,G,G,G,G,G,G,G,G,G,G,G,G,G,G,m,m,m,m,m,m,m,m,m,m,m,m,m,m,m,m,m
m,m,m,m,m,m,m,m,m,m,m,m,m,m,G,G,G,G,G,G,G,G,G,G,G,G,G,G,G,G,G,G,G,G,G,G,t,G,G,G,G,t,G,b,t,G,t,b,G,G,G,G,G,t,G,G,G,G,G,G,b,G,b,G,G,G,G,t,G,G,G,G,t,G,b,G,G,G,G,G,G,t,G,G,G,b,b,G,t,G,G,G,G,t,G,G,t,t,G,G,b,G,t,G,t,G,b,G,G,t,#,.,#,_,_,_,_,_,_,_,_,_,_,_,#,.,.,.,.,.,.,.,.,.,.,#,_,_,_,_,_,_,_,_,_,#,.,.,.,.,.,.,.,.,.,.,#,_,_,_,_,_,_,_,_,_,_,_,_,_,#,.,.,.,.,.,.,.,.,.,#,_,_,_,_,_,_,_,_,_,_,_,#,.,.,.,.,#,G,G,G,G,G,G,G,G,G,G,G,G,G,G,G,G,G,G,G,G,G,G,G,G,G,G,G,G,G,G,G,G,G,G,G,G,G,G,G,G,G,G,G,G,G,G,G,G,G,G,G,G,G,G,G,G,G,G,G,G,G,G,G,G,G,G,G,G,G,G,G,G,G,G,G,G,G,G,G,G,G,G,G,G,G,m,m,m,m,m,m,m,m,m,m,m,m,m,m,m,m,m
m,m,m,m,m,m,m,m,m,m,m,m,m,m,G,G,G,G,G,G,G,G,G,G,G,G,G,G,G,G,G,G,G,G,G,G,G,G,b,t,t,G,t,G,G,G,G,b,G,t,G,t,G,G,t,G,G,G,t,G,G,G,G,G,G,G,G,G,t,G,b,b,t,G,G,b,G,t,t,G,G,t,G,G,G,G,G,t,G,G,G,G,G,G,t,G,G,G,b,G,G,G,G,t,G,b,G,G,G,b,#,.,#,_,_,_,_,_,_,_,_,_,_,_,#,.,.,.,.,.,.,.,.,.,.,#,_,_,_,_,_,_,_,_,_,#,.,.,.,.,.,.,.,.,.,.,#,_,_,_,_,_,_,_,_,_,_,_,_,_,#,.,.,.,.,.,.,.,.,.,#,_,_,_,_,_,_,_,_,_,_,_,#,.,.,.,.,#,G,G,G,G,G,G,G,G,G,G,G,G,G,G,G,G,G,G,G,G,G,G,G,G,G,G,G,G,G,G,G,G,G,G,G,G,G,G,G,G,G,G,G,G,G,G,G,G,G,G,G,G,G,G,G,G,G,G,G,G,G,G,G,G,G,G,G,G,G,G,G,G,G,G,G,G,G,G,G,G,G,G,G,G,G,m,m,m,m,m,m,m,m,m,m,m,m,m,m,m,m,m
m,m,m,m,m,m,m,m,m,m,m,m,m,m,G,G,G,G,G,G,G,G,G,G,G,G,G,G,G,G,G,G,G,G,G,G,G,G,G,G,G,G,G,G,G,G,G,G,G,G,G,G,G,G,G,G,G,G,G,G,G,G,G,G,G,G,G,G,G,G,G,G,G,G,G,G,G,G,G,G,G,G,G,G,G,G,G,G,G,G,G,G,G,G,G,G,G,G,G,G,G,G,G,G,G,G,G,G,G,G,#,.,#,_,_,_,_,_,_,_,_,_,_,_,#,.,.,.,.,.,.,.,.,.,.,#,_,_,_,_,_,_,_,_,_,#,.,.,.,.,.,.,.,.,.,.,#,_,_,_,_,_,_,_,_,_,_,_,_,_,#,.,.,.,.,.,.,.,.,.,#,_,_,_,_,_,_,_,_,_,_,_,#,.,.,.,.,#,G,G,G,G,G,G,G,G,G,G,G,G,G,G,G,G,G,G,G,G,G,G,G,G,G,G,G,G,G,G,G,G,G,G,G,G,G,G,G,G,G,G,G,G,G,G,G,G,G,G,G,G,G,G,G,G,G,G,G,G,G,G,G,G,G,G,G,G,G,G,G,G,G,G,G,G,G,G,G,G,G,G,G,G,G,m,m,m,m,m,m,m,m,m,m,m,m,m,m,m,m,m
m,m,m,m,m,m,m,m,m,m,m,m,m,G,G,G,G,G,G,G,G,G,G,G,G,G,G,G,G,G,G,G,G,G,G,G,G,G,G,G,G,G,G,G,G,G,G,G,G,G,G,G,G,G,G,G,G,G,G,G,G,G,G,G,G,G,G,G,G,G,G,G,G,G,G,G,G,G,G,G,G,G,G,G,G,G,G,G,G,G,G,G,G,G,G,G,G,G,G,G,G,G,G,G,G,G,G,G,G,G,#,.,#,_,_,_,_,_,_,_,_,_,_,_,#,.,.,.,.,.,.,.,.,.,.,#,_,_,_,_,_,_,_,_,_,#,.,.,.,.,.,.,.,.,.,.,#,_,_,_,_,_,_,_,_,_,_,_,_,_,#,.,.,.,.,.,.,.,.,.,#,_,_,_,_,_,_,_,_,_,_,_,#,.,.,.,.,#,G,G,G,G,G,G,G,G,G,G,G,G,G,G,G,G,G,G,G,G,G,G,G,G,G,G,G,G,G,G,G,G,G,G,G,G,G,G,G,G,G,G,G,G,G,G,G,G,G,G,G,G,G,G,G,G,G,G,G,G,G,G,G,G,G,G,G,G,G,G,G,G,G,G,G,G,G,G,G,G,G,G,G,G,G,m,m,m,m,m,m,m,m,m,m,m,m,m,m,m,m,m
m,m,m,m,m,m,m,m,m,m,m,m,m,G,G,G,G,G,G,G,G,G,G,G,G,G,G,G,G,G,G,G,G,G,G,G,G,G,G,G,G,G,G,G,G,G,G,G,G,G,G,G,G,G,G,G,G,G,G,G,G,G,G,G,G,G,G,G,G,G,G,G,G,G,G,G,G,G,G,G,G,G,G,G,G,G,G,G,G,G,G,G,G,G,G,G,G,G,G,G,G,G,G,G,G,G,G,G,G,G,#,.,#,_,_,_,_,_,_,_,_,_,_,_,#,.,.,.,.,.,.,.,.,.,.,#,_,_,_,_,_,_,_,_,_,#,.,.,.,.,.,.,.,.,.,.,#,_,_,_,_,_,_,_,_,_,_,_,_,_,#,.,.,.,.,.,.,.,.,.,#,_,_,_,_,_,_,_,_,_,_,_,#,.,.,.,.,#,G,G,G,G,G,G,G,G,G,G,G,G,G,G,G,G,G,G,G,G,G,G,G,G,G,G,G,G,G,G,G,G,G,G,G,G,G,G,G,G,G,G,G,G,G,G,G,G,G,G,G,G,G,G,G,G,G,G,G,G,G,G,G,G,G,G,G,G,G,G,G,G,G,G,G,G,G,G,G,G,G,G,G,G,G,G,m,m,m,m,m,m,m,m,m,m,m,m,m,m,m,m
m,m,m,m,m,m,m,m,m,m,m,m,m,G,G,G,G,G,G,G,G,G,G,G,G,G,G,G,G,G,G,G,G,G,G,G,G,G,G,G,G,G,G,G,G,G,G,G,G,G,G,G,G,G,G,G,G,G,G,G,G,G,G,G,G,G,G,G,G,G,G,G,G,G,G,G,G,G,G,G,G,G,G,G,G,G,G,G,G,G,G,G,G,G,G,G,G,G,G,G,G,G,G,G,G,G,G,G,G,G,#,.,#,_,_,_,_,_,_,_,_,_,_,_,#,.,.,.,.,.,.,.,.,.,.,#,_,_,_,_,_,_,_,_,_,#,.,.,.,.,.,.,.,.,.,.,#,_,_,_,_,_,_,_,_,_,_,_,_,_,#,.,.,.,.,.,.,.,.,.,#,_,_,_,_,_,_,_,_,_,_,_,#,.,.,.,.,#,G,G,G,G,G,G,G,G,G,G,G,G,G,G,G,G,G,G,G,G,G,G,G,G,G,G,G,G,G,G,G,G,G,G,G,G,G,G,G,G,G,G,G,G,G,G,G,G,G,G,G,G,G,G,G,G,G,G,G,G,G,G,G,G,G,G,G,G,G,G,G,G,G,G,G,G,G,G,G,G,G,G,G,G,G,G,m,m,m,m,m,m,m,m,m,m,m,m,m,m,m,m
m,m,m,m,m,m,m,m,m,m,m,m,m,G,G,G,G,G,G,G,G,G,G,G,G,G,G,G,G,G,G,G,G,G,G,G,G,G,G,G,G,G,G,G,G,G,G,G,G,G,G,G,G,G,G,G,G,G,G,G,G,G,G,G,G,G,G,G,G,G,G,G,G,G,G,G,G,G,G,G,G,G,G,G,G,G,G,G,G,G,G,G,G,G,G,G,G,G,G,G,G,G,G,G,G,G,G,G,G,G,#,.,#,_,_,_,_,_,_,_,_,_,_,_,#,.,.,.,.,.,.,.,.,.,.,#,_,_,_,_,_,_,_,_,_,#,.,.,.,.,.,.,.,.,.,.,#,_,_,_,_,_,_,_,_,_,_,_,_,_,#,.,.,.,.,.,.,.,.,.,#,_,_,_,_,_,_,_,_,_,_,_,#,.,.,.,.,#,G,G,G,G,G,G,G,G,G,G,G,G,G,G,G,G,G,G,G,G,G,G,G,G,G,G,G,G,G,G,G,G,G,G,G,G,G,G,G,G,G,G,G,G,G,G,G,G,G,G,G,G,G,G,G,G,G,G,G,G,G,G,G,G,G,G,G,G,G,G,G,G,G,G,G,G,G,G,G,G,G,G,G,G,G,G,m,m,m,m,m,m,m,m,m,m,m,m,m,m,m,m
m,m,m,m,m,m,m,m,m,m,m,m,m,G,G,G,G,G,G,G,G,G,G,G,G,G,G,G,G,G,G,G,G,G,G,G,G,G,G,G,G,G,G,G,G,G,G,G,G,G,G,G,G,G,G,G,G,G,G,G,G,G,G,G,G,G,G,G,G,G,G,G,G,G,G,G,G,G,G,G,G,G,G,G,G,G,G,G,G,G,G,G,G,G,G,G,G,G,G,G,G,G,G,G,G,G,G,G,G,G,#,.,#,_,_,_,_,_,_,_,_,_,_,_,#,.,.,.,.,.,.,.,.,.,.,#,_,_,_,_,_,_,_,_,_,#,.,.,.,.,.,.,.,.,.,.,#,_,_,_,_,_,_,_,_,_,_,_,_,_,#,.,.,.,.,.,.,.,.,.,#,_,_,_,_,_,_,_,_,_,_,_,#,.,.,.,.,#,G,G,G,G,G,G,G,G,G,G,G,G,G,G,G,G,G,G,G,G,G,G,G,G,G,G,G,G,G,G,G,G,G,G,G,G,G,G,G,G,G,G,G,G,G,G,G,G,G,G,G,G,G,G,G,G,G,G,G,G,G,G,G,G,G,G,G,G,G,G,G,G,G,G,G,G,G,G,G,G,G,G,G,G,G,G,m,m,m,m,m,m,m,m,m,m,m,m,m,m,m,m
m,m,m,m,m,m,m,m,m,m,m,m,m,G,G,G,G,G,G,G,G,G,G,G,G,G,G,G,G,G,G,G,G,G,G,G,G,G,G,G,G,G,G,G,G,G,G,G,G,G,G,G,G,G,G,G,G,G,G,G,G,G,G,G,G,G,G,G,G,G,G,G,G,G,G,G,G,G,G,G,G,G,G,G,G,G,G,G,G,G,G,G,G,G,G,G,G,G,G,G,G,G,G,G,G,G,G,G,G,G,#,.,#,_,_,_,_,_,_,_,_,_,_,_,#,.,.,.,.,.,.,.,.,.,.,#,_,_,_,_,_,_,_,_,_,#,.,.,.,.,.,.,.,.,.,.,#,_,_,_,_,_,_,_,_,_,_,_,_,_,#,.,.,.,.,.,.,.,.,.,#,_,_,_,_,_,_,_,_,_,_,_,#,.,.,.,.,#,G,G,G,G,G,G,G,G,G,G,G,G,G,G,G,G,G,G,G,G,G,G,G,G,G,G,G,G,G,G,G,G,G,G,G,G,G,G,G,G,G,G,G,G,G,G,G,G,G,G,G,G,G,G,G,G,G,G,G,G,G,G,G,G,G,G,G,G,G,G,G,G,G,G,G,G,G,G,G,G,G,G,G,G,G,G,G,m,m,m,m,m,m,m,m,m,m,m,m,m,m,m
m,m,m,m,m,m,m,m,m,m,m,m,m,G,G,G,G,G,G,G,G,G,G,G,G,G,G,G,G,G,G,G,G,G,G,G,G,G,G,G,G,G,G,G,G,G,G,G,G,G,G,G,G,G,G,G,G,G,G,G,G,G,G,G,G,G,G,G,G,G,G,G,G,G,G,G,G,G,G,G,G,G,G,G,G,G,G,G,G,G,G,G,G,G,G,G,G,G,G,G,G,G,G,G,G,G,G,G,G,G,#,.,#,_,_,_,_,_,_,_,_,_,_,_,#,.,.,.,.,.,.,.,.,.,.,#,_,_,_,_,_,_,_,_,_,#,.,.,.,.,.,.,.,.,.,.,#,_,_,_,_,_,_,_,_,_,_,_,_,_,#,.,.,.,.,.,.,.,.,.,#,_,_,_,_,_,_,_,_,_,_,_,#,.,.,.,.,#,G,G,G,G,G,G,G,G,G,G,G,G,G,G,G,G,G,G,G,G,G,G,G,G,G,G,G,G,G,G,G,G,G,G,G,G,G,G,G,G,G,G,G,G,G,G,G,G,G,G,G,G,G,G,G,G,G,G,G,G,G,G,G,G,G,G,G,G,G,G,G,G,G,G,G,G,G,G,G,G,G,G,G,G,G,G,G,m,m,m,m,m,m,m,m,m,m,m,m,m,m,m
m,m,m,m,m,m,m,m,m,m,m,m,m,G,G,G,G,G,G,G,G,G,G,G,G,G,G,G,G,G,G,G,G,G,G,G,G,G,G,G,G,G,G,G,G,G,G,G,G,G,G,G,G,G,G,G,G,G,G,G,G,G,G,G,G,G,G,G,G,G,G,G,G,G,G,G,G,G,G,G,G,G,G,G,G,G,G,G,G,G,G,G,G,G,G,G,G,G,G,G,G,G,G,G,G,G,G,G,G,G,#,.,#,#,#,#,#,#,.,#,#,#,#,#,#,.,.,.,.,.,.,.,.,.,.,#,#,#,#,#,.,#,#,#,#,#,.,.,.,.,.,.,.,.,.,.,#,#,#,#,#,#,#,.,#,#,#,#,#,#,#,.,.,.,.,.,.,.,.,.,#,#,#,#,#,#,.,#,#,#,#,#,#,.,.,.,.,#,G,G,G,G,G,G,G,G,G,G,G,G,G,G,G,G,G,G,G,G,G,G,G,G,G,G,G,G,G,G,G,G,G,G,G,G,G,G,G,G,G,G,G,G,G,G,G,G,G,G,G,G,G,G,G,G,G,G,G,G,G,G,G,G,G,G,G,G,G,G,G,G,G,G,G,G,G,G,G,G,G,G,G,G,G,G,G,m,m,m,m,m,m,m,m,m,m,m,m,m,m,m
m,m,m,m,m,m,m,m,m,m,m,m,m,G,G,G,G,G,G,G,G,G,G,G,G,G,G,G,G,G,G,G,G,G,G,G,G,G,G,G,G,G,G,G,G,G,G,G,G,G,G,G,G,G,G,G,G,G,G,G,G,G,G,G,G,G,G,G,G,G,G,G,G,G,G,G,G,G,G,G,G,G,G,G,G,G,G,G,G,G,G,G,G,G,G,G,G,G,G,G,G,G,G,G,G,G,G,G,G,G,#,.,#,#,#,#,#,#,#,#,#,#,#,#,#,.,.,.,.,.,.,.,.,.,.,#,#,#,#,#,#,#,#,#,#,#,.,.,.,.,.,.,.,.,.,.,#,#,#,#,#,#,#,#,#,#,#,#,#,#,#,.,.,.,.,.,.,.,.,.,#,#,#,#,#,#,#,#,#,#,#,#,#,.,.,.,.,#,G,G,G,G,G,G,G,G,G,G,G,G,G,G,G,G,G,G,G,G,G,G,G,G,G,G,G,G,G,G,G,G,G,G,G,G,G,G,G,G,G,G,G,G,G,G,G,G,G,G,G,G,G,G,G,G,G,G,G,G,G,G,G,G,G,G,G,G,G,G,G,G,G,G,G,G,G,G,G,G,G,G,G,G,G,G,G,m,m,m,m,m,m,m,m,m,m,m,m,m,m,m
m,m,m,m,m,m,m,m,m,m,m,m,m,G,G,G,G,G,G,G,G,G,G,G,G,G,G,G,G,G,G,G,G,G,G,G,G,G,G,G,G,G,G,G,G,G,G,G,G,G,G,G,G,G,G,G,G,G,G,G,G,G,G,G,G,G,G,G,G,G,G,G,G,G,G,G,G,G,G,G,G,G,G,G,G,G,G,G,G,G,G,G,G,G,G,G,G,G,G,G,G,G,G,G,G,G,G,G,G,G,#,.,#,_,_,_,_,_,_,_,_,_,_,_,#,.,.,.,.,.,.,.,.,.,.,#,_,_,_,_,_,_,_,_,_,#,.,.,.,.,.,.,.,.,.,.,#,_,_,_,_,_,_,_,_,_,_,_,_,_,#,.,.,.,.,.,.,.,.,.,#,_,_,_,_,_,_,_,_,_,_,_,#,.,.,.,.,#,G,G,G,G,G,G,G,G,G,G,G,G,G,G,G,G,G,G,G,G,G,G,G,G,G,G,G,G,G,G,G,G,G,G,G,G,G,G,G,G,G,G,G,G,G,G,G,G,G,G,G,G,G,G,G,G,G,G,G,G,G,G,G,G,G,G,G,G,G,G,G,G,G,G,G,G,G,G,G,G,G,G,G,G,G,G,G,m,m,m,m,m,m,m,m,m,m,m,m,m,m,m
m,m,m,m,m,m,m,m,m,m,m,m,m,G,G,G,G,G,G,G,G,G,G,G,G,G,G,G,G,G,G,G,G,G,G,G,G,G,G,G,G,G,G,G,G,G,G,G,G,G,G,G,G,G,G,G,G,G,G,G,G,G,G,G,G,G,G,G,G,G,G,G,G,G,G,G,G,G,G,G,G,G,G,G,G,G,G,G,G,G,G,G,G,G,G,G,G,G,G,G,G,G,G,G,G,G,G,G,G,G,#,.,#,_,_,_,_,_,_,_,_,_,_,_,#,.,.,.,.,.,.,.,.,.,.,#,_,_,_,_,_,_,_,_,_,#,.,.,.,.,.,.,.,.,.,.,#,_,_,_,_,_,_,_,_,_,_,_,_,_,#,.,.,.,.,.,.,.,.,.,#,_,_,_,_,_,_,_,_,_,_,_,#,.,.,.,.,#,G,G,G,G,G,G,G,G,G,G,G,G,G,G,G,G,G,G,G,G,G,G,G,G,G,G,G,G,G,G,G,G,G,G,G,G,G,G,G,G,G,G,G,G,G,G,G,G,G,G,G,G,G,G,G,G,G,G,G,G,G,G,G,G,G,G,G,G,G,G,G,G,G,G,G,G,G,G,G,G,G,G,G,G,G,G,G,m,m,m,m,m,m,m,m,m,m,m,m,m,m,m
m,m,m,m,m,m,m,m,m,m,m,m,m,G,G,G,G,G,G,G,G,G,G,G,G,G,G,G,G,G,G,G,G,G,G,G,G,G,G,G,G,G,G,G,G,G,G,G,G,G,G,G,G,G,G,G,G,G,G,G,G,G,G,G,G,G,G,G,G,G,G,G,G,G,G,G,G,G,G,G,G,G,G,G,G,G,G,G,G,G,G,G,G,G,G,G,G,G,G,G,G,G,G,G,G,G,G,G,G,G,#,.,#,_,_,_,_,_,_,_,_,_,_,_,#,.,.,.,.,.,.,.,.,.,.,#,_,_,_,_,_,_,_,_,_,#,.,.,.,.,.,.,.,.,.,.,#,_,_,_,_,_,_,_,_,_,_,_,_,_,#,.,.,.,.,.,.,.,.,.,#,_,_,_,_,_,_,_,_,_,_,_,#,.,.,.,.,#,G,G,G,G,G,G,G,G,G,G,G,G,G,G,G,G,G,G,G,G,G,G,G,G,G,G,G,G,G,G,G,G,G,G,G,G,G,G,G,G,G,G,G,G,G,G,G,G,G,G,G,G,G,G,G,G,G,G,G,G,G,G,G,G,G,G,G,G,G,G,G,G,G,G,G,G,G,G,G,G,G,G,G,G,G,G,G,m,m,m,m,m,m,m,m,m,m,m,m,m,m,m
m,m,m,m,m,m,m,m,m,m,m,m,m,G,G,G,G,G,G,G,G,G,G,G,G,G,G,G,G,G,G,G,G,G,G,G,G,G,G,G,G,G,G,G,G,G,G,G,G,G,G,G,G,G,G,G,G,G,G,G,G,G,G,G,G,G,G,G,G,G,G,G,G,G,G,G,G,G,G,G,G,G,G,G,G,G,G,G,G,G,G,G,G,G,G,G,G,G,G,G,G,G,G,G,G,G,G,G,G,G,#,.,#,_,_,_,_,_,_,_,_,_,_,_,#,.,.,.,.,.,.,.,.,.,.,#,_,_,_,_,_,_,_,_,_,#,.,.,.,.,.,.,.,.,.,.,#,_,_,_,_,_,_,_,_,_,_,_,_,_,#,.,.,.,.,.,.,.,.,.,#,_,_,_,_,_,_,_,_,_,_,_,#,.,.,.,.,#,G,G,G,G,G,G,G,G,G,G,G,G,G,G,G,G,G,G,G,G,G,G,G,G,G,G,G,G,G,G,G,G,G,G,G,G,G,G,G,G,G,G,G,G,G,G,G,G,G,G,G,G,G,G,G,G,G,G,G,G,G,G,G,G,G,G,G,G,G,G,G,G,G,G,G,G,G,G,G,G,G,G,G,G,G,G,G,m,m,m,m,m,m,m,m,m,m,m,m,m,m,m
m,m,m,m,m,m,m,m,m,m,m,m,m,G,G,G,G,G,G,G,G,G,G,G,G,G,G,G,G,G,G,G,G,G,G,G,G,G,G,G,G,G,G,G,G,G,G,G,G,G,G,G,G,G,G,G,G,G,G,G,G,G,G,G,G,G,G,G,G,G,G,G,G,G,G,G,G,G,G,G,G,G,G,G,G,G,G,G,G,G,G,G,G,G,G,G,G,G,G,G,G,G,G,G,G,G,G,G,G,G,#,.,#,_,_,_,_,_,_,_,_,_,_,_,#,.,.,.,.,.,.,.,.,.,.,#,_,_,_,_,_,_,_,_,_,#,.,.,.,.,.,.,.,.,.,.,#,_,_,_,_,_,_,_,_,_,_,_,_,_,#,.,.,.,.,.,.,.,.,.,#,_,_,_,_,_,_,_,_,_,_,_,#,.,.,.,.,#,G,G,G,G,G,G,G,G,G,G,G,G,G,G,G,G,G,G,G,G,G,G,G,G,G,G,G,G,G,G,G,G,G,G,G,G,G,G,G,G,G,G,G,G,G,G,G,G,G,G,G,G,G,G,G,G,G,G,G,G,G,G,G,G,G,G,G,G,G,G,G,G,G,G,G,G,G,G,G,G,G,G,G,G,G,G,G,G,m,m,m,m,m,m,m,m,m,m,m,m,m,m
m,m,m,m,m,m,m,m,m,m,m,m,m,G,G,G,G,G,G,G,G,G,G,G,G,G,G,G,G,G,G,G,G,G,G,G,G,G,G,G,G,G,G,G,G,G,G,G,G,G,G,G,G,G,G,G,G,G,G,G,G,G,G,G,G,G,G,G,G,G,G,G,G,G,G,G,G,G,G,G,G,G,G,G,G,G,G,G,G,G,G,G,G,G,G,G,G,G,G,G,G,G,G,G,G,G,G,G,G,G,#,.,#,_,_,_,_,_,_,_,_,_,_,_,#,.,.,.,.,.,.,.,.,.,.,#,_,_,_,_,_,_,_,_,_,#,.,.,.,.,.,.,.,.,.,.,#,_,_,_,_,_,_,_,_,_,_,_,_,_,#,.,.,.,.,.,.,.,.,.,#,_,_,_,_,_,_,_,_,_,_,_,#,.,.,.,.,#,G,G,G,G,G,G,G,G,G,G,G,G,G,G,G,G,G,G,G,G,G,G,G,G,G,G,G,G,G,G,G,G,G,G,G,G,G,G,G,G,G,G,G,G,G,G,G,G,G,G,G,G,G,G,G,G,G,G,G,G,G,G,G,G,G,G,G,G,G,G,G,G,G,G,G,G,G,G,G,G,G,G,G,G,G,G,G,G,m,m,m,m,m,m,m,m,m,m,m,m,m,m
m,m,m,m,m,m,m,m,m,m,m,m,m,m,G,G,G,G,G,G,G,G,G,G,G,G,G,G,G,G,G,G,G,G,G,G,G,G,G,G,G,G,G,G,G,G,G,G,G,G,G,G,G,G,G,G,G,G,G,G,G,G,G,G,G,G,G,G,G,G,G,G,G,G,G,G,G,G,G,G,G,G,G,G,G,G,G,G,G,G,G,G,G,G,G,G,G,G,G,G,G,G,G,G,G,G,G,G,G,G,#,.,#,_,_,_,_,_,_,_,_,_,_,_,#,.,.,.,.,.,.,.,.,.,.,#,_,_,_,_,_,_,_,_,_,#,.,.,.,.,.,.,.,.,.,.,#,_,_,_,_,_,_,_,_,_,_,_,_,_,#,.,.,.,.,.,.,.,.,.,#,_,_,_,_,_,_,_,_,_,_,_,#,.,.,.,.,#,G,G,G,G,G,G,G,G,G,G,G,G,G,G,G,G,G,G,G,G,G,G,G,G,G,G,G,G,G,G,G,G,G,G,G,G,G,G,G,G,G,G,G,G,G,G,G,G,G,G,G,G,G,G,G,G,G,G,G,G,G,G,G,G,G,G,G,G,G,G,G,G,G,G,G,G,G,G,G,G,G,G,G,G,G,G,G,G,m,m,m,m,m,m,m,m,m,m,m,m,m,m
m,m,m,m,m,m,m,m,m,m,m,m,m,m,G,G,G,G,G,G,G,G,G,G,G,G,G,G,G,G,G,G,G,G,G,G,G,G,G,G,G,G,G,G,G,G,G,G,G,G,G,G,G,G,G,G,G,G,G,G,G,G,G,G,G,G,G,G,G,G,G,G,G,G,G,G,G,G,G,G,G,G,G,G,G,G,G,G,G,G,G,G,G,G,G,G,G,G,G,G,G,G,G,G,G,G,G,G,G,G,#,.,#,_,_,_,_,_,_,_,_,_,_,_,#,.,.,.,.,.,.,.,.,.,.,#,_,_,_,_,_,_,_,_,_,#,.,.,.,.,.,.,.,.,.,.,#,_,_,_,_,_,_,_,_,_,_,_,_,_,#,.,.,.,.,.,.,.,.,.,#,_,_,_,_,_,_,_,_,_,_,_,#,.,.,.,.,#,G,G,G,G,G,G,G,G,G,G,G,G,G,G,G,G,G,G,G,G,G,G,G,G,G,G,G,G,G,G,G,G,G,G,G,G,G,G,G,G,G,G,G,G,G,G,G,G,G,G,G,G,G,G,G,G,G,G,G,G,G,G,G,G,G,G,G,G,G,G,G,G,G,G,G,G,G,G,G,G,G,G,G,G,G,G,G,G,m,m,m,m,m,m,m,m,m,m,m,m,m,m
m,m,m,m,m,m,m,m,m,m,m,m,m,m,G,G,G,G,G,G,G,G,G,G,G,G,G,G,G,G,G,G,G,G,G,G,G,G,G,G,G,G,G,G,G,G,G,G,G,G,G,G,G,G,G,G,G,G,G,G,G,G,G,G,G,G,G,G,G,G,G,G,G,G,G,G,G,G,G,G,G,G,G,G,G,G,G,G,G,G,G,G,G,G,G,G,G,G,G,G,G,G,G,G,G,G,G,G,G,G,#,.,#,_,_,_,_,_,_,_,_,_,_,_,#,.,.,.,.,.,.,.,.,.,.,#,_,_,_,_,_,_,_,_,_,#,.,.,.,.,.,.,.,.,.,.,#,_,_,_,_,_,_,_,_,_,_,_,_,_,#,.,.,.,.,.,.,.,.,.,#,_,_,_,_,_,_,_,_,_,_,_,#,.,.,.,.,#,G,G,G,G,G,G,G,G,G,G,G,G,G,G,G,G,G,G,G,G,G,G,G,G,G,G,G,G,G,G,G,G,G,G,G,G,G,G,G,G,G,G,G,G,G,G,G,G,G,G,G,G,G,G,G,G,G,G,G,G,G,G,G,G,G,G,G,G,G,G,G,G,G,G,G,G,G,G,G,G,G,G,G,G,G,G,G,G,G,m,m,m,m,m,m,m,m,m,m,m,m,m
m,m,m,m,m,m,m,m,m,m,m,m,m,m,G,G,G,G,G,G,G,G,G,G,G,G,G,G,G,G,G,G,G,G,G,G,G,G,G,G,G,G,G,G,G,G,G,G,G,G,G,G,G,G,G,G,G,G,G,G,G,G,G,G,G,G,G,G,G,G,G,G,G,G,G,G,G,G,G,G,G,G,G,G,G,G,G,G,G,G,G,G,G,G,G,G,G,G,G,G,G,G,G,G,G,G,G,G,G,G,#,.,#,#,#,#,#,#,.,#,#,#,#,#,#,.,.,.,.,.,.,.,.,.,.,#,#,#,#,#,.,#,#,#,#,#,.,.,.,.,.,.,.,.,.,.,#,#,#,#,#,#,#,.,#,#,#,#,#,#,#,.,.,.,.,.,.,.,.,.,#,#,#,#,#,#,.,#,#,#,#,#,#,.,.,.,.,#,G,G,G,G,G,G,G,G,G,G,G,G,G,G,G,G,G,G,G,G,G,G,G,G,G,G,G,G,G,G,G,G,G,G,G,G,G,G,G,G,G,G,G,G,G,G,G,G,G,G,G,G,G,G,G,G,G,G,G,G,G,G,G,G,G,G,G,G,G,G,G,G,G,G,G,G,G,G,G,G,G,G,G,G,G,G,G,G,G,m,m,m,m,m,m,m,m,m,m,m,m,m
m,m,m,m,m,m,m,m,m,m,m,m,m,m,m,G,G,G,G,G,G,G,G,G,G,G,G,G,G,G,G,G,G,G,G,G,G,G,G,G,G,G,G,G,G,G,G,G,G,G,G,G,G,G,G,G,G,G,G,G,G,G,G,G,G,G,G,G,G,G,G,G,G,G,G,G,G,G,G,G,G,G,G,G,G,G,G,G,G,G,G,G,G,G,G,G,G,G,G,G,G,G,G,G,G,G,G,G,G,G,#,.,.,.,.,.,.,.,.,.,.,.,.,.,.,.,.,.,.,.,.,.,.,.,.,.,.,.,.,.,.,.,.,.,.,.,.,.,.,.,.,.,.,.,.,.,.,.,.,.,.,.,.,.,.,.,.,.,.,.,.,.,.,.,.,.,.,.,.,.,.,.,.,.,.,.,.,.,.,.,.,.,.,.,.,.,.,#,G,G,G,G,G,G,G,G,G,G,G,G,G,G,G,G,G,G,G,G,G,G,G,G,G,G,G,G,G,G,G,G,G,G,G,G,G,G,G,G,G,G,G,G,G,G,G,G,G,G,G,G,G,G,G,G,G,G,G,G,G,G,G,G,G,G,G,G,G,G,G,G,G,G,G,G,G,G,G,G,G,G,G,G,G,G,G,G,G,m,m,m,m,m,m,m,m,m,m,m,m,m
m,m,m,m,m,m,m,m,m,m,m,m,m,m,m,G,G,G,G,G,G,G,G,G,G,G,G,G,G,G,G,G,G,G,G,G,G,G,G,G,G,G,G,G,G,G,G,G,G,G,G,G,G,G,G,G,G,G,G,G,G,G,G,G,G,G,G,G,G,G,G,G,G,G,G,G,G,G,G,G,G,G,G,G,G,G,G,G,G,G,G,G,G,G,G,G,G,G,G,G,G,G,G,G,G,G,G,G,G,G,#,.,.,.,.,.,.,.,.,.,.,.,.,.,.,.,.,.,.,.,.,.,.,.,.,.,.,.,.,.,.,.,.,.,.,.,.,.,.,.,.,.,.,.,.,.,.,.,.,.,.,.,.,.,.,.,.,.,.,.,.,.,.,.,.,.,.,.,.,.,.,.,.,.,.,.,.,.,.,.,.,.,.,.,.,.,.,#,G,G,G,G,G,G,G,G,G,G,G,G,G,G,G,G,G,G,G,G,G,G,G,G,G,G,G,G,G,G,G,G,G,G,G,G,G,G,G,G,G,G,G,G,G,G,G,G,G,G,G,G,G,G,G,G,G,G,G,G,G,G,G,G,G,G,G,G,G,G,G,G,G,G,G,G,G,G,G,G,G,G,G,G,G,G,G,G,G,m,m,m,m,m,m,m,m,m,m,m,m,m
m,m,m,m,m,m,m,m,m,m,m,m,m,m,m,G,G,G,G,G,G,G,G,G,G,G,G,G,G,G,G,G,G,G,G,G,G,G,G,G,G,G,G,G,G,G,G,G,G,G,G,G,G,G,G,G,G,G,G,G,G,G,G,G,G,G,G,G,G,G,G,G,G,G,G,G,G,G,G,G,G,G,G,G,G,G,G,G,G,G,G,G,G,G,G,G,G,G,G,G,G,G,G,G,G,G,G,G,G,G,#,.,.,.,.,.,.,.,.,.,.,.,.,.,.,.,.,.,.,.,.,.,.,.,.,.,.,.,.,.,.,.,.,.,.,.,.,.,.,.,.,.,.,.,.,.,.,.,.,.,.,.,.,.,.,.,.,.,.,.,.,.,.,.,.,.,.,.,.,.,.,.,.,.,.,.,.,.,.,.,.,.,.,.,.,.,.,#,G,G,G,G,@,G,@,@,@,@,@,@,@,G,@,G,@,@,@,G,G,G,G,G,G,G,G,G,G,G,G,G,G,@,@,@,G,G,@,G,G,@,G,@,@,@,G,G,G,G,G,G,G,G,G,G,G,G,G,G,G,G,G,@,@,G,@,@,@,@,G,@,@,G,G,G,G,G,G,G,G,G,G,G,G,G,G,G,G,m,m,m,m,m,m,m,m,m,m,m,m,m
m,m,m,m,m,m,m,m,m,m,m,m,m,m,m,G,G,G,G,G,G,G,G,G,G,G,G,G,G,G,G,G,G,G,G,G,G,G,G,G,G,G,G,G,G,G,G,G,G,G,G,G,G,G,G,G,G,G,G,G,G,G,G,G,G,G,G,G,G,G,G,G,G,G,G,G,G,G,G,G,G,G,G,G,G,G,G,G,G,G,G,G,G,G,G,G,G,G,G,G,G,G,G,G,G,G,G,G,G,G,#,.,.,.,.,.,.,.,.,.,.,.,.,.,.,.,.,.,.,.,.,.,.,.,.,.,.,.,.,.,.,.,.,.,.,.,.,.,.,.,.,.,.,.,.,.,.,.,.,.,.,.,.,.,.,.,.,.,.,.,.,.,.,.,.,.,.,.,.,.,.,.,.,.,.,.,.,.,.,.,.,.,.,.,.,.,.,#,G,G,G,G,@,.,.,.,.,.,.,.,.,.,.,.,.,.,.,@,G,G,G,G,G,G,G,G,G,G,G,G,G,.,.,.,.,.,.,.,.,.,.,.,.,.,G,G,G,G,G,G,G,G,G,G,G,G,@,.,.,.,.,.,.,.,.,.,.,.,.,.,G,G,G,G,G,G,G,G,G,G,G,G,G,G,G,G,G,m,m,m,m,m,m,m,m,m,m,m,m,m
m,m,m,m,m,m,m,m,m,m,m,m,m,m,m,G,G,G,G,G,G,G,G,G,G,G,G,G,G,G,G,G,G,G,G,G,G,G,G,G,G,G,G,G,G,G,G,G,G,G,G,G,G,G,G,G,G,G,G,G,G,G,G,G,G,G,G,G,G,G,G,G,G,G,G,G,G,G,G,G,G,G,G,G,G,G,G,G,G,G,G,G,G,G,G,G,G,G,G,G,G,G,G,G,G,G,G,G,G,G,#,.,.,.,.,.,.,.,.,.,.,.,.,.,.,.,.,.,.,.,.,.,.,.,.,.,.,.,.,.,.,.,.,.,.,.,.,.,.,.,.,.,.,.,.,.,.,.,.,.,.,.,.,.,.,.,.,.,.,.,.,.,.,.,.,.,.,.,.,.,.,.,.,.,.,.,.,.,.,.,.,.,.,.,.,.,.,#,G,G,G,G,@,.,.,.,.,.,.,.,.,.,.,.,.,.,.,@,G,G,G,G,G,G,G,G,G,G,G,G,@,.,.,.,.,.,.,.,.,.,.,.,.,.,G,G,G,G,G,G,G,G,G,G,G,G,G,.,.,.,.,.,.,.,.,.,.,.,.,.,@,G,G,G,G,G,G,G,G,G,G,G,G,G,G,G,G,m,m,m,m,m,m,m,m,m,m,m,m,m
m,m,m,m,m,m,m,m,m,m,m,m,m,m,m,G,G,G,G,G,G,G,G,G,G,G,G,G,G,G,G,G,G,G,G,G,G,G,G,G,G,G,G,G,G,G,G,G,G,G,G,G,G,G,G,G,G,G,G,G,G,G,G,G,G,G,G,G,G,G,G,G,G,G,G,G,G,G,G,G,G,G,G,G,G,G,G,G,G,G,G,G,G,G,G,G,G,G,G,G,G,G,G,G,G,G,G,G,G,G,#,.,.,.,.,.,.,.,.,.,.,.,.,.,.,.,.,.,.,.,.,.,.,.,.,.,.,.,.,.,.,.,.,.,.,.,.,.,.,.,.,.,.,.,.,.,.,.,.,.,.,.,.,.,.,.,.,.,.,.,.,.,.,.,.,.,.,.,.,.,.,.,.,.,.,.,.,.,.,.,.,.,.,.,.,.,.,#,G,G,G,G,@,.,.,.,.,.,.,.,.,.,.,.,.,.,.,@,G,G,G,G,G,G,G,G,G,G,G,G,@,.,.,.,.,.,.,.,.,.,.,.,.,.,@,G,G,G,G,G,G,G,G,G,G,G,@,.,.,.,.,.,.,.,.,.,.,.,.,.,@,G,G,G,G,G,G,G,G,G,G,G,G,G,G,G,G,m,m,m,m,m,m,m,m,m,m,m,m,m
m,m,m,m,m,m,m,m,m,m,m,m,m,m,m,m,G,G,G,G,G,G,G,G,G,G,G,G,G,G,G,G,G,G,G,G,G,G,G,G,G,G,G,G,G,G,G,G,G,G,G,G,G,G,G,G,G,G,G,G,G,G,G,G,G,G,G,G,G,G,G,G,G,G,G,G,G,G,G,G,G,G,G,G,G,G,G,G,G,G,G,G,G,G,G,G,G,G,G,G,G,G,G,G,G,G,G,G,G,G,#,.,#,#,#,#,#,#,#,#,#,#,#,#,#,.,.,.,.,.,.,.,.,.,.,#,#,#,#,#,#,#,#,#,#,#,.,.,.,.,.,.,.,.,.,.,#,#,#,#,#,#,#,#,#,#,#,#,#,#,#,.,.,.,.,.,.,.,.,.,#,#,#,#,#,#,#,#,#,#,#,#,#,.,.,.,.,#,G,G,G,G,@,.,.,.,.,.,.,.,.,.,.,.,.,.,.,G,G,G,G,G,G,G,G,G,G,G,G,G,G,.,.,.,.,.,.,.,.,.,.,.,.,.,G,G,G,G,G,G,G,G,G,G,G,G,G,.,.,.,.,.,.,.,.,.,.,.,.,.,@,G,G,G,G,G,G,G,G,G,G,G,G,G,G,G,G,m,m,m,m,m,m,m,m,m,m,m,m,m
m,m,m,m,m,m,m,m,m,m,m,m,m,m,m,m,G,G,G,G,G,G,G,G,G,G,G,G,G,G,G,G,G,G,G,G,G,G,G,G,G,G,G,G,G,G,G,G,G,G,G,G,G,G,G,G,G,G,G,G,G,G,G,G,G,G,G,G,G,G,G,G,G,G,G,G,G,G,G,G,G,G,G,G,G,G,G,G,G,G,G,G,G,G,G,G,G,G,G,G,G,G,G,G,G,G,G,G,G,G,#,.,#,_,_,_,_,_,_,_,_,_,_,_,#,.,.,.,.,.,.,.,.,.,.,#,_,_,_,_,_,_,_,_,_,#,.,.,.,.,.,.,.,.,.,.,#,_,_,_,_,_,_,_,_,_,_,_,_,_,#,.,.,.,.,.,.,.,.,.,#,_,_,_,_,_,_,_,_,_,_,_,#,.,.,.,.,#,G,G,G,G,@,.,.,.,.,.,.,.,.,.,.,.,.,.,.,@,G,G,G,G,G,G,G,G,G,G,G,G,G,.,.,.,.,.,.,.,.,.,.,.,.,.,@,G,G,G,G,G,G,G,G,G,G,G,@,.,.,.,.,.,.,.,.,.,.,.,.,.,@,G,G,G,G,G,G,G,G,G,G,G,G,G,G,G,G,m,m,m,m,m,m,m,m,m,m,m,m,m
m,m,m,m,m,m,m,m,m,m,m,m,m,m,m,m,G,G,G,G,G,G,G,G,G,G,G,G,G,G,G,G,G,G,G,G,G,G,G,G,G,G,G,G,G,G,G,G,G,G,G,G,G,G,G,G,G,G,G,G,G,G,G,G,G,G,G,G,G,G,G,G,G,G,G,G,G,G,G,G,G,G,G,G,G,G,G,G,G,G,G,G,G,G,G,G,G,G,G,G,G,G,G,G,G,G,G,G,G,G,#,.,#,_,_,_,_,_,_,_,_,_,_,_,#,.,.,.,.,.,.,.,.,.,.,#,_,_,_,_,_,_,_,_,_,#,.,.,.,.,.,.,.,.,.,.,#,_,_,_,_,_,_,_,_,_,_,_,_,_,#,.,.,.,.,.,.,.,.,.,#,_,_,_,_,_,_,_,_,_,_,_,#,.,.,.,.,#,G,G,G,G,G,.,.,.,.,.,.,.,.,.,.,.,.,.,.,@,G,G,G,G,G,G,G,G,G,G,G,G,@,.,.,.,.,.,.,.,.,.,.,.,.,.,@,G,G,G,G,G,G,G,G,G,G,G,G,.,.,.,.,.,.,.,.,.,.,.,.,.,@,G,G,G,G,G,G,G,G,G,G,G,G,G,G,G,G,m,m,m,m,m,m,m,m,m,m,m,m,m
m,m,m,m,m,m,m,m,m,m,m,m,m,m,m,m,m,G,G,G,G,G,G,G,G,G,G,G,G,G,G,G,G,G,G,G,G,G,G,G,G,G,G,G,G,G,G,G,G,G,G,G,G,G,G,G,G,G,G,G,G,G,G,G,G,G,G,G,G,G,G,G,G,G,G,G,G,G,G,G,G,G,G,G,G,G,G,G,G,G,G,G,G,G,G,G,G,G,G,G,G,G,G,G,G,G,G,G,G,G,#,.,#,_,_,_,_,_,_,_,_,_,_,_,#,.,.,.,.,.,.,.,.,.,.,#,_,_,_,_,_,_,_,_,_,#,.,.,.,.,.,.,.,.,.,.,#,_,_,_,_,_,_,_,_,_,_,_,_,_,#,.,.,.,.,.,.,.,.,.,#,_,_,_,_,_,_,_,_,_,_,_,#,.,.,.,.,#,G,G,G,G,@,.,.,.,.,.,.,.,.,.,.,.,.,.,.,@,G,G,G,G,G,G,G,G,G,G,G,G,@,.,.,.,.,.,.,.,.,.,.,.,.,.,G,G,G,G,G,G,G,G,G,G,G,G,G,.,.,.,.,.,.,.,.,.,.,.,.,.,@,G,G,G,G,G,G,G,G,G,G,G,G,G,G,G,G,m,m,m,m,m,m,m,m,m,m,m,m,m
m,m,m,m,m,m,m,m,m,m,m,m,m,m,m,m,m,G,G,G,G,G,G,G,G,G,G,G,G,G,G,G,G,G,G,G,G,G,G,G,G,G,G,G,G,G,G,G,G,G,G,G,G,G,G,G,G,G,G,G,G,G,G,G,G,G,G,G,G,G,G,G,G,G,G,G,G,G,G,G,G,G,G,G,G,G,G,G,G,G,G,G,G,G,G,G,G,G,G,G,G,G,G,G,G,G,G,G,G,G,#,.,#,_,_,_,_,_,_,_,_,_,_,_,#,.,.,.,.,.,.,.,.,.,.,#,_,_,_,_,_,_,_,_,_,#,.,.,.,.,.,.,.,.,.,.,#,_,_,_,_,_,_,_,_,_,_,_,_,_,#,.,.,.,.,.,.,.,.,.,#,_,_,_,_,_,_,_,_,_,_,_,#,.,.,.,.,#,G,G,G,G,G,@,@,@,@,@,@,@,@,G,G,@,G,@,@,@,G,G,G,G,G,G,G,G,G,G,G,G,@,G,G,G,G,@,@,@,G,@,@,@,@,@,@,G,G,G,G,G,G,G,G,G,G,G,G,@,G,G,@,G,G,@,@,@,@,G,G,@,@,G,G,G,G,G,G,G,G,G,G,G,G,G,G,G,G,m,m,m,m,m,m,m,m,m,m,m,m,m
m,m,m,m,m,m,m,m,m,m,m,m,m,m,m,m,m,G,G,G,G,G,G,G,G,G,G,G,G,G,G,G,G,G,G,G,G,G,G,G,G,G,G,G,G,G,G,G,G,G,G,G,G,G,G,G,G,G,G,G,G,G,G,G,G,G,G,G,G,G,G,G,G,G,G,G,G,G,G,G,G,G,G,G,G,G,G,G,G,G,G,G,G,G,G,G,G,G,G,G,G,G,G,G,G,G,G,G,G,G,#,.,#,_,_,_,_,_,_,_,_,_,_,_,#,.,.,.,.,.,.,.,.,.,.,#,_,_,_,_,_,_,_,_,_,#,.,.,.,.,.,.,.,.,.,.,#,_,_,_,_,_,_,_,_,_,_,_,_,_,#,.,.,.,.,.,.,.,.,.,#,_,_,_,_,_,_,_,_,_,_,_,#,.,.,.,.,#,G,G,G,G,G,G,G,G,G,G,G,G,G,G,G,G,G,G,G,G,G,G,G,G,G,G,G,G,G,G,G,G,G,G,G,G,G,G,G,G,G,G,G,G,G,G,G,G,G,G,G,G,G,G,G,G,G,G,G,G,G,G,G,G,G,G,G,G,G,G,G,G,G,G,G,G,G,G,G,G,G,G,G,G,G,G,G,G,G,m,m,m,m,m,m,m,m,m,m,m,m,m
m,m,m,m,m,m,m,m,m,m,m,m,m,m,m,m,m,G,G,G,G,G,G,G,G,G,G,G,G,G,G,G,G,G,G,G,G,G,G,G,G,G,G,G,G,G,G,G,G,G,G,G,G,G,G,G,G,G,G,G,G,G,G,G,G,G,G,G,G,G,G,G,G,G,G,G,G,G,G,G,G,G,G,G,G,G,G,G,G,G,G,G,G,G,G,G,G,G,G,G,G,G,G,G,G,G,G,G,G,G,#,.,#,_,_,_,_,_,_,_,_,_,_,_,#,.,.,.,.,.,.,.,.,.,.,#,_,_,_,_,_,_,_,_,_,#,.,.,.,.,.,.,.,.,.,.,#,_,_,_,_,_,_,_,_,_,_,_,_,_,#,.,.,.,.,.,.,.,.,.,#,_,_,_,_,_,_,_,_,_,_,_,#,.,.,.,.,#,G,G,G,G,G,G,G,G,G,G,G,G,G,G,G,G,G,G,G,G,G,G,G,G,G,G,G,G,G,G,G,G,G,G,G,G,G,G,G,G,G,G,G,G,G,G,G,G,G,G,G,G,G,G,G,G,G,G,G,G,G,G,G,G,G,G,G,G,G,G,G,G,G,G,G,G,G,G,G,G,G,G,G,G,G,G,G,G,G,m,m,m,m,m,m,m,m,m,m,m,m,m
m,m,m,m,m,m,m,m,m,m,m,m,m,m,m,m,m,G,G,G,G,G,G,G,G,G,G,G,G,G,G,G,G,G,G,G,G,G,G,G,G,G,G,G,G,G,G,G,G,G,G,G,G,G,G,G,G,G,G,G,G,G,G,G,G,G,G,G,G,G,G,G,G,G,G,G,G,G,G,G,G,G,G,G,G,G,G,G,G,G,G,G,G,G,G,G,G,G,G,G,G,G,G,G,G,G,G,G,G,G,#,.,#,_,_,_,_,_,_,_,_,_,_,_,#,.,.,.,.,.,.,.,.,.,.,#,_,_,_,_,_,_,_,_,_,#,.,.,.,.,.,.,.,.,.,.,#,_,_,_,_,_,_,_,_,_,_,_,_,_,#,.,.,.,.,.,.,.,.,.,#,_,_,_,_,_,_,_,_,_,_,_,#,.,.,.,.,#,G,G,G,G,G,G,G,G,G,G,G,G,G,G,G,G,G,G,G,G,G,G,G,G,G,G,G,G,G,G,G,G,G,G,G,G,G,G,G,G,G,G,G,G,G,G,G,G,G,G,G,G,G,G,G,G,G,G,G,G,G,G,G,G,G,G,G,G,G,G,G,G,G,G,G,G,G,G,G,G,G,G,G,G,G,G,G,G,G,m,m,m,m,m,m,m,m,m,m,m,m,m
m,m,m,m,m,m,m,m,m,m,m,m,m,m,m,m,m,G,G,G,G,G,G,G,G,G,G,G,G,G,G,G,G,G,G,G,G,G,G,G,G,G,G,G,G,G,G,G,G,G,G,G,G,G,G,G,G,G,G,G,G,G,G,G,G,G,G,G,G,G,G,G,G,G,G,G,G,G,G,G,G,G,G,G,G,G,G,G,G,G,G,G,G,G,G,G,G,G,G,G,G,G,G,G,G,G,G,G,G,G,#,.,#,_,_,_,_,_,_,_,_,_,_,_,#,.,.,.,.,.,.,.,.,.,.,#,_,_,_,_,_,_,_,_,_,#,.,.,.,.,.,.,.,.,.,.,#,_,_,_,_,_,_,_,_,_,_,_,_,_,#,.,.,.,.,.,.,.,.,.,#,_,_,_,_,_,_,_,_,_,_,_,#,.,.,.,.,#,G,G,G,G,G,G,G,G,G,G,G,G,G,G,G,G,G,G,G,G,G,G,G,G,G,G,G,G,G,G,G,G,G,G,G,G,G,G,G,G,G,G,G,G,G,G,G,G,G,G,G,G,G,G,G,G,G,G,G,G,G,G,G,G,G,G,G,G,G,G,G,G,G,G,G,G,G,G,G,G,G,G,G,G,G,G,G,G,G,m,m,m,m,m,m,m,m,m,m,m,m,m
m,m,m,m,m,m,m,m,m,m,m,m,m,m,m,m,m,G,G,G,G,G,G,G,G,G,G,G,G,G,G,G,G,G,G,G,G,G,G,G,G,G,G,G,G,G,G,G,G,G,G,G,G,G,G,G,G,G,G,G,G,G,G,G,G,G,G,G,G,G,G,G,G,G,G,G,G,G,G,G,G,G,G,G,G,G,G,G,G,G,G,G,G,G,G,G,G,G,G,G,G,G,G,G,G,G,G,G,G,G,#,.,#,_,_,_,_,_,_,_,_,_,_,_,#,.,.,.,.,.,.,.,.,.,.,#,_,_,_,_,_,_,_,_,_,#,.,.,.,.,.,.,.,.,.,.,#,_,_,_,_,_,_,_,_,_,_,_,_,_,#,.,.,.,.,.,.,.,.,.,#,_,_,_,_,_,_,_,_,_,_,_,#,.,.,.,.,#,G,G,G,G,G,G,G,G,G,G,G,G,G,G,G,G,G,G,G,G,G,G,G,G,G,G,G,G,G,G,G,G,G,G,G,G,G,G,G,G,G,G,G,G,G,G,G,G,G,G,G,G,G,G,G,G,G,G,G,G,G,G,G,G,G,G,G,G,G,G,G,G,G,G,G,G,G,G,G,G,G,G,G,G,G,G,G,G,G,m,m,m,m,m,m,m,m,m,m,m,m,m
m,m,m,m,m,m,m,m,m,m,m,m,m,m,m,m,m,G,G,G,G,G,G,G,G,G,G,G,G,G,G,G,G,G,G,G,G,G,G,G,G,G,G,G,G,G,G,G,G,G,G,G,G,G,G,G,G,G,G,G,G,G,G,G,G,G,G,G,G,G,G,G,G,G,G,G,G,G,G,G,G,G,G,G,G,G,G,G,G,G,G,G,G,G,G,G,G,G,G,G,G,G,G,G,G,G,G,G,G,G,#,.,#,#,#,#,#,#,.,#,#,#,#,#,#,.,.,.,.,.,.,.,.,.,.,#,#,#,#,#,.,#,#,#,#,#,.,.,.,.,.,.,.,.,.,.,#,#,#,#,#,#,#,.,#,#,#,#,#,#,#,.,.,.,.,.,.,.,.,.,#,#,#,#,#,#,.,#,#,#,#,#,#,.,.,.,.,#,G,G,G,G,G,G,G,G,G,G,G,G,G,G,G,G,G,G,G,G,G,G,G,G,G,G,G,G,G,G,G,G,G,G,G,G,G,G,G,G,G,G,G,G,G,G,G,G,G,G,G,G,G,G,G,G,G,G,G,G,G,G,G,G,G,G,G,G,G,G,G,G,G,G,G,G,G,G,G,G,G,G,G,G,G,G,G,G,G,m,m,m,m,m,m,m,m,m,m,m,m,m
m,m,m,m,m,m,m,m,m,m,m,m,m,m,m,m,m,G,G,G,G,G,G,G,G,G,G,G,G,G,G,G,G,G,G,G,G,G,G,G,G,G,G,G,G,G,G,G,G,G,G,G,G,G,G,G,G,G,G,G,G,G,G,G,G,G,G,G,G,G,G,G,G,G,G,G,G,G,G,G,G,G,G,G,G,G,G,G,G,G,G,G,G,G,G,G,G,G,G,G,G,G,G,G,G,G,G,G,G,G,#,.,.,.,.,.,.,.,.,.,.,.,.,.,.,.,.,.,.,.,.,.,.,.,.,.,.,.,.,.,.,.,.,.,.,.,.,.,.,.,.,.,.,.,.,.,.,.,.,.,.,.,.,.,.,.,.,.,.,.,.,.,.,.,.,.,.,.,.,.,.,.,.,.,.,.,.,.,.,.,.,.,.,.,.,.,.,#,G,G,G,G,G,@,G,@,@,G,G,@,G,G,@,@,@,@,G,@,@,@,@,G,G,G,G,G,G,G,G,G,G,G,G,G,G,G,G,G,G,@,@,@,G,@,@,@,@,@,@,@,@,G,@,@,G,G,G,G,G,G,G,G,G,G,G,G,G,G,G,G,G,G,G,G,G,G,G,G,G,G,G,G,G,G,G,G,m,m,m,m,m,m,m,m,m,m,m,m,m,m
m,m,m,m,m,m,m,m,m,m,m,m,m,m,m,m,m,G,G,G,G,G,G,G,G,G,G,G,G,G,G,G,G,G,G,G,G,G,G,G,G,G,G,G,G,G,G,G,G,G,G,G,G,G,G,G,G,G,G,G,G,G,G,G,G,G,G,G,G,G,G,G,G,G,G,G,G,G,G,G,G,G,G,G,G,G,G,G,G,G,G,G,G,G,G,G,G,G,G,G,G,G,G,G,G,G,G,G,G,G,#,.,.,.,.,.,.,.,.,.,.,.,.,.,.,.,.,.,.,.,.,.,.,.,.,.,.,.,.,.,.,.,.,.,.,.,.,.,.,.,.,.,.,.,.,.,.,.,.,.,.,.,.,.,.,.,.,.,.,.,.,.,.,.,.,.,.,.,.,.,.,.,.,.,.,.,.,.,.,.,.,.,.,.,.,.,.,#,G,G,G,G,G,.,.,.,.,.,.,.,.,.,.,.,.,.,.,.,.,.,@,G,G,G,G,G,G,G,G,G,G,G,G,G,G,G,G,G,G,.,.,.,.,.,.,.,.,.,.,.,.,.,.,.,G,G,G,G,G,G,G,G,G,G,G,G,G,G,G,G,G,G,G,G,G,G,G,G,G,G,G,G,G,G,G,G,m,m,m,m,m,m,m,m,m,m,m,m,m,m
m,m,m,m,m,m,m,m,m,m,m,m,m,m,m,m,m,G,G,G,G,G,G,G,G,G,G,G,G,G,G,G,G,G,G,G,G,G,G,G,G,G,G,G,G,G,G,G,G,G,G,G,G,G,G,G,G,G,G,G,G,G,G,G,G,G,G,G,G,G,G,G,G,G,G,G,G,G,G,G,G,G,G,G,G,G,G,G,G,G,G,G,G,G,G,G,G,G,G,G,G,G,G,G,G,G,G,G,G,G,#,.,.,.,.,.,.,.,.,.,.,.,.,.,.,.,.,.,.,.,.,.,.,.,.,.,.,.,.,.,.,.,.,.,.,.,.,.,.,.,.,.,.,.,.,.,.,.,.,.,.,.,.,.,.,.,.,.,.,.,.,.,.,.,.,.,.,.,.,.,.,.,.,.,.,.,.,.,.,.,.,.,.,.,.,.,.,#,G,G,G,G,G,.,.,.,.,.,.,.,.,.,.,.,.,.,.,.,.,.,G,G,G,G,G,G,G,G,G,G,G,G,G,G,G,G,G,G,@,.,.,.,.,.,.,.,.,.,.,.,.,.,.,.,@,G,G,G,G,G,G,G,G,G,G,G,G,G,G,G,G,G,G,G,G,G,G,G,G,G,G,G,G,G,G,G,m,m,m,m,m,m,m,m,m,m,m,m,m,m
m,m,m,m,m,m,m,m,m,m,m,m,m,m,m,m,m,G,G,G,G,G,G,G,G,G,G,G,G,G,G,G,G,G,G,G,G,G,G,G,G,G,G,G,G,G,G,G,G,G,G,G,G,G,G,G,G,G,G,G,G,G,G,G,G,G,G,G,G,G,G,G,G,G,G,G,G,G,G,G,G,G,G,G,G,G,G,G,G,G,G,G,G,G,G,G,G,G,G,G,G,G,G,G,G,G,G,G,G,G,#,.,#,#,#,#,#,#,#,#,#,#,#,#,#,.,.,.,.,.,.,.,.,.,.,#,#,#,#,#,#,#,#,#,#,#,.,.,.,.,.,.,.,.,.,.,#,#,#,#,#,#,#,#,#,#,#,#,#,#,#,.,.,.,.,.,.,.,.,.,#,#,#,#,#,#,#,#,#,#,#,#,#,.,.,.,.,#,G,G,G,G,@,.,.,.,.,.,.,.,.,.,.,.,.,.,.,.,.,.,@,G,G,G,G,G,G,G,G,G,G,G,G,G,G,G,G,G,G,.,.,.,.,.,.,.,.,.,.,.,.,.,.,.,@,G,G,G,G,G,G,G,G,G,G,G,G,G,G,G,G,G,G,G,G,G,G,G,G,G,G,G,G,G,G,G,m,m,m,m,m,m,m,m,m,m,m,m,m,m
m,m,m,m,m,m,m,m,m,m,m,m,m,m,m,m,m,G,G,G,G,G,G,G,G,G,G,G,G,G,G,G,G,G,G,G,G,G,G,G,G,G,G,G,G,G,G,G,G,G,G,G,G,G,G,G,G,G,G,G,G,G,G,G,G,G,G,G,G,G,G,G,G,G,G,G,G,G,G,G,G,G,G,G,G,G,G,G,G,G,G,G,G,G,G,G,G,G,G,G,G,G,G,G,G,G,G,G,G,G,#,.,#,_,_,_,_,_,_,_,_,_,_,_,#,.,.,.,.,.,.,.,.,.,.,#,_,_,_,_,_,_,_,_,_,#,.,.,.,.,.,.,.,.,.,.,#,_,_,_,_,_,_,_,_,_,_,_,_,_,#,.,.,.,.,.,.,.,.,.,#,_,_,_,_,_,_,_,_,_,_,_,#,.,.,.,.,#,G,G,G,G,@,@,G,@,@,@,G,G,G,G,@,@,G,@,G,@,@,@,@,G,G,G,G,G,G,G,G,G,G,G,G,G,G,G,G,G,@,.,.,.,.,.,.,.,.,.,.,.,.,.,.,.,@,G,G,G,G,G,G,G,G,G,G,G,G,G,G,G,G,G,G,G,G,G,G,G,G,G,G,G,G,G,G,m,m,m,m,m,m,m,m,m,m,m,m,m,m,m
m,m,m,m,m,m,m,m,m,m,m,m,m,m,m,m,m,G,G,G,G,G,G,G,G,G,G,G,G,G,G,G,G,G,G,G,G,G,G,G,G,G,G,G,G,G,G,G,G,G,G,G,G,G,G,G,G,G,G,G,G,G,G,G,G,G,G,G,G,G,G,G,G,G,G,G,G,G,G,G,G,G,G,G,G,G,G,G,G,G,G,G,G,G,G,G,G,G,G,G,G,G,G,G,G,G,G,G,G,G,#,.,#,_,_,_,_,_,_,_,_,_,_,_,#,.,.,.,.,.,.,.,.,.,.,#,_,_,_,_,_,_,_,_,_,#,.,.,.,.,.,.,.,.,.,.,#,_,_,_,_,_,_,_,_,_,_,_,_,_,#,.,.,.,.,.,.,.,.,.,#,_,_,_,_,_,_,_,_,_,_,_,#,.,.,.,.,#,G,G,G,G,G,G,G,G,G,G,G,G,G,G,G,G,G,G,G,G,G,G,G,G,G,G,G,G,G,G,G,G,G,G,G,G,G,G,G,G,G,.,.,.,.,.,.,.,.,.,.,.,.,.,.,.,G,G,G,G,G,G,G,G,G,G,G,G,G,G,G,G,G,G,G,G,G,G,G,G,G,G,G,G,G,G,G,m,m,m,m,m,m,m,m,m,m,m,m,m,m,m
m,m,m,m,m,m,m,m,m,m,m,m,m,m,m,m,m,G,G,G,G,G,G,G,G,G,G,G,G,G,G,G,G,G,G,G,G,G,G,G,G,G,G,G,G,G,G,G,G,G,G,G,G,G,G,G,G,G,G,G,G,G,G,G,G,G,G,G,G,G,G,G,G,G,G,G,G,G,G,G,G,G,G,G,G,G,G,G,G,G,G,G,G,G,G,G,G,G,G,G,G,G,G,G,G,G,G,G,G,G,#,.,#,_,_,_,_,_,_,_,_,_,_,_,#,.,.,.,.,.,.,.,.,.,.,#,_,_,_,_,_,_,_,_,_,#,.,.,.,.,.,.,.,.,.,.,#,_,_,_,_,_,_,_,_,_,_,_,_,_,#,.,.,.,.,.,.,.,.,.,#,_,_,_,_,_,_,_,_,_,_,_,#,.,.,.,.,#,G,G,G,G,G,G,G,G,G,G,G,G,G,G,G,G,G,G,G,G,G,G,G,G,G,G,G,G,G,G,G,G,G,G,G,G,G,G,G,G,@,.,.,.,.,.,.,.,.,.,.,.,.,.,.,.,@,G,G,G,G,G,G,G,G,G,G,G,G,G,G,G,G,G,G,G,G,G,G,G,G,G,G,G,G,G,G,m,m,m,m,m,m,m,m,m,m,m,m,m,m,m
m,m,m,m,m,m,m,m,m,m,m,m,m,m,m,m,m,G,G,G,G,G,G,G,G,G,G,G,G,G,G,G,G,G,G,G,G,G,G,G,G,G,G,G,G,G,G,G,G,G,G,G,G,G,G,G,G,G,G,G,G,G,G,G,G,G,G,G,G,G,G,G,G,G,G,G,G,G,G,G,G,G,G,G,G,G,G,G,G,G,G,G,G,G,G,G,G,G,G,G,G,G,G,G,G,G,G,G,G,G,#,.,#,_,_,_,_,_,_,_,_,_,_,_,#,.,.,.,.,.,.,.,.,.,.,#,_,_,_,_,_,_,_,_,_,#,.,.,.,.,.,.,.,.,.,.,#,_,_,_,_,_,_,_,_,_,_,_,_,_,#,.,.,.,.,.,.,.,.,.,#,_,_,_,_,_,_,_,_,_,_,_,#,.,.,.,.,#,G,G,G,G,G,G,G,G,G,G,G,G,G,G,G,G,G,G,G,G,G,G,G,G,G,G,G,G,G,G,G,G,G,G,G,G,G,G,G,G,@,.,.,.,.,.,.,.,.,.,.,.,.,.,.,.,@,G,G,G,G,G,G,G,G,G,G,G,G,G,G,G,G,G,G,G,G,G,G,G,G,G,G,G,G,G,G,m,m,m,m,m,m,m,m,m,m,m,m,m,m,m
m,m,m,m,m,m,m,m,m,m,m,m,m,m,m,m,G,G,G,G,G,G,G,G,G,G,G,G,G,G,G,G,G,G,G,G,G,G,G,G,G,G,G,G,G,G,G,G,G,G,G,G,G,G,G,G,G,G,G,G,G,G,G,G,G,G,G,G,G,G,G,G,G,G,G,G,G,G,G,G,G,G,G,G,G,G,G,G,G,G,G,G,G,G,G,G,G,G,G,G,G,G,G,G,G,G,G,G,G,G,#,.,#,_,_,_,_,_,_,_,_,_,_,_,#,.,.,.,.,.,.,.,.,.,.,#,_,_,_,_,_,_,_,_,_,#,.,.,.,.,.,.,.,.,.,.,#,_,_,_,_,_,_,_,_,_,_,_,_,_,#,.,.,.,.,.,.,.,.,.,#,_,_,_,_,_,_,_,_,_,_,_,#,.,.,.,.,#,G,G,G,G,G,G,G,G,G,G,G,G,G,G,G,G,G,G,G,G,G,G,G,G,G,G,G,G,G,G,G,G,G,G,G,G,G,G,G,G,G,.,.,.,.,.,.,.,.,.,.,.,.,.,.,.,@,G,G,G,G,G,G,G,G,G,G,G,G,G,G,G,G,G,G,G,G,G,G,G,G,G,G,G,G,G,G,m,m,m,m,m,m,m,m,m,m,m,m,m,m,m
m,m,m,m,m,m,m,m,m,m,m,m,m,m,m,m,G,G,G,G,G,G,G,G,G,G,G,G,G,G,G,G,G,G,G,G,G,G,G,G,G,G,G,G,G,G,G,G,G,G,G,G,G,G,G,G,G,G,G,G,G,G,G,G,G,G,G,G,G,G,G,G,G,G,G,G,G,G,G,G,G,G,G,G,G,G,G,G,G,G,G,G,G,G,G,G,G,G,G,G,G,G,G,G,G,G,G,G,G,G,#,.,#,_,_,_,_,_,_,_,_,_,_,_,#,.,.,.,.,.,.,.,.,.,.,#,_,_,_,_,_,_,_,_,_,#,.,.,.,.,.,.,.,.,.,.,#,_,_,_,_,_,_,_,_,_,_,_,_,_,#,.,.,.,.,.,.,.,.,.,#,_,_,_,_,_,_,_,_,_,_,_,#,.,.,.,.,#,G,G,G,G,G,G,G,G,G,G,G,G,G,G,G,G,G,G,G,G,G,G,G,G,G,G,G,G,G,G,G,G,G,G,G,G,G,G,G,G,@,@,@,@,@,@,@,@,@,G,@,@,G,@,@,G,@,G,G,G,G,G,G,G,G,G,G,G,G,G,G,G,G,G,G,G,G,G,G,G,G,G,G,G,G,G,G,m,m,m,m,m,m,m,m,m,m,m,m,m,m,m
m,m,m,m,m,m,m,m,m,m,m,m,m,m,m,m,G,G,G,G,G,G,G,G,G,G,G,G,G,G,G,G,G,G,G,G,G,G,G,G,G,G,G,G,G,G,G,G,G,G,G,G,G,G,G,G,G,G,G,G,G,G,G,G,G,G,G,G,G,G,G,G,G,G,G,G,G,G,G,G,G,G,G,G,G,G,G,G,G,G,G,G,G,G,G,G,G,G,G,G,G,G,G,G,G,G,G,G,G,G,#,.,#,_,_,_,_,_,_,_,_,_,_,_,#,.,.,.,.,.,.,.,.,.,.,#,_,_,_,_,_,_,_,_,_,#,.,.,.,.,.,.,.,.,.,.,#,_,_,_,_,_,_,_,_,_,_,_,_,_,#,.,.,.,.,.,.,.,.,.,#,_,_,_,_,_,_,_,_,_,_,_,#,.,.,.,.,#,G,G,G,G,G,G,G,G,G,G,G,G,G,G,G,G,G,G,G,G,G,G,G,G,G,G,G,G,G,G,G,G,G,G,G,G,G,G,G,G,G,G,G,G,G,G,G,G,G,G,G,G,G,G,G,G,G,G,G,G,G,G,G,G,G,G,G,G,G,G,G,G,G,G,G,G,G,G,G,G,G,G,G,G,G,G,G,m,m,m,m,m,m,m,m,m,m,m,m,m,m,m
m,m,m,m,m,m,m,m,m,m,m,m,m,m,m,G,G,G,G,G,G,G,G,G,G,G,G,G,G,G,G,G,G,G,G,G,G,G,G,G,G,G,G,G,G,G,G,G,G,G,G,G,G,G,G,G,G,G,G,G,G,G,G,G,G,G,G,G,G,G,G,G,G,G,G,G,G,G,G,G,G,G,G,G,G,G,G,G,G,G,G,G,G,G,G,G,G,G,G,G,G,G,G,G,G,G,G,G,G,G,#,.,#,_,_,_,_,_,_,_,_,_,_,_,#,.,.,.,.,.,.,.,.,.,.,#,_,_,_,_,_,_,_,_,_,#,.,.,.,.,.,.,.,.,.,.,#,_,_,_,_,_,_,_,_,_,_,_,_,_,#,.,.,.,.,.,.,.,.,.,#,_,_,_,_,_,_,_,_,_,_,_,#,.,.,.,.,#,G,G,G,G,G,G,G,G,G,G,G,G,G,G,G,G,G,G,G,G,G,G,G,G,G,G,G,G,G,G,G,G,G,G,G,G,G,G,G,G,G,G,G,G,G,G,G,G,G,G,G,G,G,G,G,G,G,G,G,G,G,G,G,G,G,G,G,G,G,G,G,G,G,G,G,G,G,G,G,G,G,G,G,G,G,G,G,m,m,m,m,m,m,m,m,m,m,m,m,m,m,m
m,m,m,m,m,m,m,m,m,m,m,m,m,m,m,G,G,G,G,G,G,G,G,G,G,G,G,G,G,G,G,G,G,G,G,G,G,G,G,G,G,G,G,G,G,G,G,G,G,G,G,G,G,G,G,G,G,G,G,G,G,G,G,G,G,G,G,G,G,G,G,G,G,G,G,G,G,G,G,G,G,G,G,G,G,G,G,G,G,G,G,G,G,G,G,G,G,G,G,G,G,G,G,G,G,G,G,G,G,G,#,.,#,_,_,_,_,_,_,_,_,_,_,_,#,.,.,.,.,.,.,.,.,.,.,#,_,_,_,_,_,_,_,_,_,#,.,.,.,.,.,.,.,.,.,.,#,_,_,_,_,_,_,_,_,_,_,_,_,_,#,.,.,.,.,.,.,.,.,.,#,_,_,_,_,_,_,_,_,_,_,_,#,.,.,.,.,#,G,G,G,G,G,G,G,G,G,G,G,G,G,G,G,G,G,G,G,G,G,G,G,G,G,G,G,G,G,G,G,G,G,G,G,G,G,G,G,G,G,G,G,G,G,G,G,G,G,G,G,G,G,G,G,G,G,G,G,G,G,G,G,G,G,G,G,G,G,G,G,G,G,G,G,G,G,G,G,G,G,G,G,G,G,G,m,m,m,m,m,m,m,m,m,m,m,m,m,m,m,m
m,m,m,m,m,m,m,m,m,m,m,m,m,m,m,G,G,G,G,G,G,G,G,G,G,G,G,G,G,G,G,G,G,G,G,G,G,G,G,G,G,G,G,G,G,G,G,G,G,G,G,G,G,G,G,G,G,G,G,G,G,G,G,G,G,G,G,G,G,G,G,G,G,G,G,G,G,G,G,G,G,G,G,G,G,G,G,G,G,G,G,G,G,G,G,G,G,G,G,G,G,G,G,G,G,G,G,G,G,G,#,.,#,#,#,#,#,#,.,#,#,#,#,#,#,.,.,.,.,.,.,.,.,.,.,#,#,#,#,#,.,#,#,#,#,#,.,.,.,.,.,.,.,.,.,.,#,#,#,#,#,#,#,.,#,#,#,#,#,#,#,.,.,.,.,.,.,.,.,.,#,#,#,#,#,#,.,#,#,#,#,#,#,.,.,.,.,#,G,G,G,G,G,G,G,G,G,G,G,G,G,G,G,G,G,G,G,G,G,G,G,G,G,G,G,G,G,G,G,G,G,G,G,G,G,G,G,G,G,G,G,G,G,G,G,G,G,G,G,G,G,G,G,G,G,G,G,G,G,G,G,G,G,G,G,G,G,G,G,G,G,G,G,G,G,G,G,G,G,G,G,G,G,G,m,m,m,m,m,m,m,m,m,m,m,m,m,m,m,m
m,m,m,m,m,m,m,m,m,m,m,m,m,m,m,G,G,G,G,G,G,G,G,G,G,G,G,G,G,G,G,G,G,G,G,G,G,G,G,G,G,G,G,G,G,G,G,G,G,G,G,G,G,G,G,G,G,G,G,G,G,G,G,G,G,G,G,G,G,G,G,G,G,G,G,G,G,G,G,G,G,G,G,G,G,G,G,G,G,G,G,G,G,G,G,G,G,G,G,G,G,G,G,G,G,G,G,G,G,G,#,.,.,.,.,.,.,.,.,.,.,.,.,.,.,.,.,.,.,.,.,.,.,.,.,.,.,.,.,.,.,.,.,.,.,.,.,.,.,.,.,.,.,.,.,.,.,.,.,.,.,.,.,.,.,.,.,.,.,.,.,.,.,.,.,.,.,.,.,.,.,.,.,.,.,.,.,.,.,.,.,.,.,.,.,.,.,#,G,G,G,G,G,G,G,G,G,G,G,G,G,G,G,G,G,G,G,G,G,G,G,G,G,G,G,G,G,G,G,G,G,G,G,G,G,G,G,G,G,G,G,G,G,G,G,G,G,G,G,G,G,G,G,G,G,G,G,G,G,G,G,G,G,G,G,G,G,G,G,G,G,G,G,G,G,G,G,G,G,G,G,G,G,G,m,m,m,m,m,m,m,m,m,m,m,m,m,m,m,m
m,m,m,m,m,m,m,m,m,m,m,m,m,m,m,G,G,G,G,G,G,G,G,G,G,G,G,G,G,G,G,G,G,G,G,G,G,G,G,G,G,G,G,G,G,G,G,G,G,G,G,G,G,G,G,G,G,G,G,G,G,G,G,G,G,G,G,G,G,G,G,G,G,G,G,G,G,G,G,G,G,G,G,G,G,G,G,G,G,G,G,G,G,G,G,G,G,G,G,G,G,G,G,G,G,G,G,G,G,G,#,.,.,.,.,.,.,.,.,.,.,.,.,.,.,.,.,.,.,.,.,.,.,.,.,.,.,.,.,.,.,.,.,.,.,.,.,.,.,.,.,.,.,.,.,.,.,.,.,.,.,.,.,.,.,.,.,.,.,.,.,.,.,.,.,.,.,.,.,.,.,.,.,.,.,.,.,.,.,.,.,.,.,.,.,.,.,#,G,G,G,G,G,G,G,G,@,@,@,@,G,@,@,@,G,@,G,@,@,@,G,G,G,G,G,G,G,G,G,G,G,G,G,G,G,@,G,G,G,@,@,@,@,@,G,@,@,@,@,@,G,G,G,G,G,G,G,G,G,G,G,G,G,G,G,G,G,G,G,G,G,G,G,G,G,G,G,G,G,G,G,G,G,G,m,m,m,m,m,m,m,m,m,m,m,m,m,m,m,m
m,m,m,m,m,m,m,m,m,m,m,m,m,m,m,G,G,G,G,G,G,G,G,G,G,G,G,G,G,G,G,G,G,G,G,G,G,G,G,G,G,G,G,G,G,G,G,G,G,G,G,G,G,G,G,G,G,G,G,G,G,G,G,G,G,G,G,G,G,G,G,G,G,G,G,G,G,G,G,G,G,G,G,G,G,G,G,G,G,G,G,G,G,G,G,G,G,G,G,G,G,G,G,G,G,G,G,G,G,G,#,.,.,.,.,.,.,.,.,.,.,.,.,.,.,.,.,.,.,.,.,.,.,.,.,.,.,.,.,.,.,.,.,.,.,.,.,.,.,.,.,.,.,.,.,.,.,.,.,.,.,.,.,.,.,.,.,.,.,.,.,.,.,.,.,.,.,.,.,.,.,.,.,.,.,.,.,.,.,.,.,.,.,.,.,.,.,#,G,G,G,G,G,G,G,G,@,.,.,.,.,.,.,.,.,.,.,.,.,.,.,@,G,G,G,G,G,G,G,G,G,G,G,G,G,@,.,.,.,.,.,.,.,.,.,.,.,.,.,.,G,G,G,G,G,G,G,G,G,G,G,G,G,G,G,G,G,G,G,G,G,G,G,G,G,G,G,G,G,G,G,G,G,m,m,m,m,m,m,m,m,m,m,m,m,m,m,m,m,m
m,m,m,m,m,m,m,m,m,m,m,m,m,m,G,G,G,G,G,G,G,G,G,G,G,G,G,G,G,G,G,G,G,G,G,G,G,G,G,G,G,G,G,G,G,G,G,G,G,G,G,G,G,G,G,G,G,G,G,G,G,G,G,G,G,G,G,G,G,G,G,G,G,G,G,G,G,G,G,G,G,G,G,G,G,G,G,G,G,G,G,G,G,G,G,G,G,G,G,G,G,G,G,G,G,G,G,G,G,G,#,.,.,.,.,.,.,.,.,.,.,.,.,.,.,.,.,.,.,.,.,.,.,.,.,.,.,.,.,.,.,.,.,.,.,.,.,.,.,.,.,.,.,.,.,.,.,.,.,.,.,.,.,.,.,.,.,.,.,.,.,.,.,.,.,.,.,.,.,.,.,.,.,.,.,.,.,.,.,.,.,.,.,.,.,.,.,#,G,G,G,G,G,G,G,G,G,.,.,.,.,.,.,.,.,.,.,.,.,.,.,G,G,G,G,G,G,G,G,G,G,G,G,G,G,G,.,.,.,.,.,.,.,.,.,.,.,.,.,.,G,G,G,G,G,G,G,G,G,G,G,G,G,G,G,G,G,G,G,G,G,G,G,G,G,G,G,G,G,G,G,G,G,m,m,m,m,m,m,m,m,m,m,m,m,m,m,m,m,m
m,m,m,m,m,m,m,m,m,m,m,m,m,m,G,G,G,G,G,G,G,G,G,G,G,G,G,G,G,G,G,G,G,G,G,G,G,G,G,G,G,G,G,G,G,G,G,G,G,G,G,G,G,G,G,G,G,G,G,G,G,G,G,G,G,G,G,G,G,G,G,G,G,G,G,G,G,G,G,G,G,G,G,G,G,G,G,G,G,G,G,G,G,G,G,G,G,G,G,G,G,G,G,G,G,G,G,G,G,G,#,.,.,.,.,.,.,.,.,.,.,.,.,.,.,.,.,.,.,.,.,.,.,.,.,.,.,.,.,.,.,.,.,.,.,.,.,.,.,.,.,.,.,.,.,.,.,.,.,.,.,.,.,.,.,.,.,.,.,.,.,.,.,.,.,.,.,.,.,.,.,.,.,.,.,.,.,.,.,.,.,.,.,.,.,.,.,#,G,G,G,G,G,G,G,G,@,.,.,.,.,.,.,.,.,.,.,.,.,.,.,@,G,G,G,G,G,G,G,G,G,G,G,G,G,@,.,.,.,.,.,.,.,.,.,.,.,.,.,.,G,G,G,G,G,G,G,G,G,G,G,G,G,G,G,G,G,G,G,G,G,G,G,G,G,G,G,G,G,G,G,G,G,m,m,m,m,m,m,m,m,m,m,m,m,m,m,m,m,m
m,m,m,m,m,m,m,m,m,m,m,m,m,m,G,G,G,G,G,G,G,G,G,G,G,G,G,G,G,G,G,G,G,G,G,G,G,G,G,G,G,G,G,G,G,G,G,G,G,G,G,G,G,G,G,G,G,G,G,G,G,G,G,G,G,G,G,G,G,G,G,G,G,G,G,G,G,G,G,G,G,G,G,G,G,G,G,G,G,G,G,G,G,G,G,G,G,G,G,G,G,G,G,G,G,G,G,G,G,G,.,.,.,.,.,.,.,.,.,.,.,.,.,.,.,.,.,.,.,.,.,.,.,.,.,.,.,.,.,.,.,.,.,.,.,.,.,.,.,.,.,.,.,.,.,.,.,.,.,.,.,.,.,.,.,.,.,.,.,.,.,.,.,.,.,.,.,.,.,.,.,.,.,.,.,.,.,.,.,.,.,.,.,.,.,.,.,.,G,G,G,G,G,G,G,G,@,.,.,.,.,.,.,.,.,.,.,.,.,.,.,@,G,G,G,G,G,G,G,G,G,G,G,G,G,@,.,.,.,.,.,.,.,.,.,.,.,.,.,.,@,G,G,G,G,G,G,G,G,G,G,G,G,G,G,G,G,G,G,G,G,G,G,G,G,G,G,G,G,G,G,G,G,m,m,m,m,m,m,m,m,m,m,m,m,m,m,m,m,m
m,m,m,m,m,m,m,m,m,m,m,m,m,m,G,G,G,G,G,G,G,G,G,G,G,G,G,G,G,G,G,G,G,G,G,G,G,G,G,G,G,G,G,G,G,G,G,G,G,G,G,G,G,G,G,G,G,G,G,G,G,G,G,G,G,G,G,G,G,G,G,G,G,G,G,G,G,G,G,G,G,G,G,G,G,G,G,G,G,G,G,G,G,G,G,G,G,G,G,G,G,G,G,G,G,G,G,G,G,G,.,.,.,.,.,.,.,.,.,.,.,.,.,.,.,.,.,.,.,.,.,.,.,.,.,.,.,.,.,.,.,.,.,.,.,.,.,.,.,.,.,.,.,.,.,.,.,.,.,.,.,.,.,.,.,.,.,.,.,.,.,.,.,.,.,.,.,.,.,.,.,.,.,.,.,.,.,.,.,.,.,.,.,.,.,.,.,.,G,G,G,G,G,G,G,G,@,.,.,.,.,.,.,.,.,.,.,.,.,.,.,@,G,G,G,G,G,G,G,G,G,G,G,G,G,@,.,.,.,.,.,.,.,.,.,.,.,.,.,.,@,G,G,G,G,G,G,G,G,G,G,G,G,G,G,G,G,G,G,G,G,G,G,G,G,G,G,G,G,G,G,G,G,m,m,m,m,m,m,m,m,m,m,m,m,m,m,m,m,m
m,m,m,m,m,m,m,m,m,m,m,m,m,m,G,G,G,G,G,G,G,G,G,G,G,G,G,G,G,G,G,G,G,G,G,G,G,G,G,G,G,G,G,G,G,G,G,G,G,G,G,G,G,G,G,G,G,G,G,G,G,G,G,G,G,G,G,G,G,G,G,G,G,G,G,G,G,G,G,G,G,G,G,G,G,G,G,G,G,G,G,G,G,G,G,G,G,G,G,G,G,G,G,G,G,G,G,G,G,G,.,.,.,.,.,.,.,.,.,.,.,.,.,.,.,.,.,.,.,.,.,.,.,.,.,.,.,.,.,.,.,.,.,.,.,.,.,.,.,.,.,.,.,.,.,.,.,.,.,.,.,.,.,.,.,.,.,.,.,.,.,.,.,.,.,.,.,.,.,.,.,.,.,.,.,.,.,.,.,.,.,.,.,.,.,.,.,.,G,G,G,G,G,G,G,G,@,.,.,.,.,.,.,.,.,.,.,.,.,.,.,@,G,G,G,G,G,G,G,G,G,G,G,G,G,@,.,.,.,.,.,.,.,.,.,.,.,.,.,.,@,G,G,G,G,G,G,G,G,G,G,G,G,G,G,G,G,G,G,G,G,G,G,G,G,G,G,G,G,G,G,G,G,m,m,m,m,m,m,m,m,m,m,m,m,m,m,m,m,m
m,m,m,m,m,m,m,m,m,m,m,m,m,m,G,G,G,G,G,G,G,G,G,G,G,G,G,G,G,G,G,G,G,G,G,G,G,G,G,G,G,G,G,G,G,G,G,G,G,G,G,G,G,G,G,G,G,G,G,G,G,G,G,G,G,G,G,G,G,G,G,G,G,G,G,G,G,G,G,G,G,G,G,G,G,G,G,G,G,G,G,G,G,G,G,G,G,G,G,G,G,G,G,G,G,G,G,G,G,G,.,.,.,.,.,.,.,.,.,.,.,.,.,.,.,.,.,.,.,.,.,.,.,.,.,.,.,.,.,.,.,.,.,.,.,.,.,.,.,.,.,.,.,.,.,.,.,.,.,.,.,.,.,.,.,.,.,.,.,.,.,.,.,.,.,.,.,.,.,.,.,.,.,.,.,.,.,.,.,.,.,.,.,.,.,.,.,.,G,G,G,G,G,G,G,G,@,.,.,.,.,.,.,.,.,.,.,.,.,.,.,@,G,G,G,G,G,G,G,G,G,G,G,G,G,@,.,.,.,.,.,.,.,.,.,.,.,.,.,.,@,G,G,G,G,G,G,G,G,G,G,G,G,G,G,G,G,G,G,G,G,G,G,G,G,G,G,G,G,G,G,G,G,m,m,m,m,m,m,m,m,m,m,m,m,m,m,m,m,m
m,m,m,m,m,m,m,m,m,m,m,m,m,m,G,G,G,G,G,G,G,G,G,G,G,G,G,G,G,G,G,G,G,G,G,G,G,G,G,G,G,G,G,G,G,G,G,G,G,G,G,G,G,G,G,G,G,G,G,G,G,G,G,G,G,G,G,G,G,G,G,G,G,G,G,G,G,G,G,G,G,G,G,G,G,G,G,G,G,G,G,G,G,G,G,G,G,G,G,G,G,G,G,G,G,G,G,G,G,G,.,.,.,.,.,.,.,.,.,.,.,.,.,.,.,.,.,.,.,.,.,.,.,.,.,.,.,.,.,.,.,.,.,.,.,.,.,.,.,.,.,.,.,.,.,.,.,.,.,.,.,.,.,.,.,.,.,.,.,.,.,.,.,.,.,.,.,.,.,.,.,.,.,.,.,.,.,.,.,.,.,.,.,.,.,.,.,.,G,G,G,G,G,G,G,G,G,.,.,.,.,.,.,.,.,.,.,.,.,.,.,@,G,G,G,G,G,G,G,G,G,G,G,G,G,@,.,.,.,.,.,.,.,.,.,.,.,.,.,.,G,G,G,G,G,G,G,G,G,G,G,G,G,G,G,G,G,G,G,G,G,G,G,G,G,G,G,G,G,G,G,G,G,m,m,m,m,m,m,m,m,m,m,m,m,m,m,m,m,m
m,m,m,m,m,m,m,m,m,m,m,m,m,G,G,G,G,G,G,G,G,G,G,G,G,G,G,G,G,G,G,G,G,G,G,G,G,G,G,G,G,G,G,G,G,G,G,G,G,G,G,G,G,G,G,G,G,G,G,G,G,G,G,G,G,G,G,G,G,G,G,G,G,G,G,G,G,G,G,G,G,G,G,G,G,G,G,G,G,G,G,G,G,G,G,G,G,G,G,G,G,G,G,G,G,G,G,G,G,G,.,.,.,.,.,.,.,.,.,.,.,.,.,.,.,.,.,.,.,.,.,.,.,.,.,.,.,.,.,.,.,.,.,.,.,.,.,.,.,.,.,.,.,.,.,.,.,.,.,.,.,.,.,.,.,.,.,.,.,.,.,.,.,.,.,.,.,.,.,.,.,.,.,.,.,.,.,.,.,.,.,.,.,.,.,.,.,.,G,G,G,G,G,G,G,G,G,G,G,G,G,G,G,G,G,G,G,G,G,G,G,G,G,G,G,G,G,G,G,G,G,G,G,G,G,G,G,G,G,G,G,G,G,G,G,G,G,G,G,G,G,G,G,G,G,G,G,G,G,G,G,G,G,G,G,G,G,G,G,G,G,G,G,G,G,G,G,G,G,G,G,G,G,m,m,m,m,m,m,m,m,m,m,m,m,m,m,m,m,m
m,m,m,m,m,m,m,m,m,m,m,m,m,G,G,G,G,G,G,G,G,G,G,G,G,G,G,G,G,G,G,G,G,G,G,G,G,G,G,G,G,G,G,G,G,G,G,G,G,G,G,G,G,G,G,G,G,G,G,G,G,G,G,G,G,G,G,G,G,G,G,G,G,G,G,G,G,G,G,G,G,G,G,G,G,G,G,G,G,G,G,G,G,G,G,G,G,G,G,G,G,G,G,G,G,G,G,G,G,G,.,.,.,.,.,.,.,.,.,.,.,.,.,.,.,.,.,.,.,.,.,.,.,.,.,.,.,.,.,.,.,.,.,.,.,.,.,.,.,.,.,N,.,.,.,.,.,.,.,.,.,.,.,.,.,.,.,.,.,.,.,.,.,.,.,.,.,.,.,.,.,.,.,.,.,.,.,.,.,.,.,.,.,.,.,.,.,.,G,G,G,G,G,G,G,G,G,G,G,G,G,G,G,G,G,G,G,G,G,G,G,G,G,G,G,G,G,G,G,G,G,G,G,G,G,G,G,G,G,G,G,G,G,G,G,G,G,G,G,G,G,G,G,G,G,G,G,G,G,G,G,G,G,G,G,G,G,G,G,G,G,G,G,G,G,G,G,G,G,G,G,G,G,d,m,m,m,m,m,m,m,m,m,m,m,m,m,m,m,m
m,m,m,m,m,m,m,m,m,m,m,m,m,G,G,G,G,G,G,G,G,G,G,G,G,G,G,G,G,G,G,G,G,G,G,G,G,G,G,G,G,G,G,G,G,G,G,G,G,G,G,G,G,G,G,G,G,G,G,G,G,G,G,G,G,G,G,G,G,G,G,G,G,G,G,G,G,G,G,G,G,G,G,G,G,G,G,G,G,G,G,G,G,G,G,G,G,G,G,G,G,G,G,G,G,G,G,G,G,G,.,.,.,.,.,.,.,.,.,.,.,.,.,.,.,.,.,.,.,.,.,.,.,.,.,.,.,.,.,.,.,.,.,.,.,.,.,.,.,.,.,.,.,.,.,.,.,.,.,.,.,.,.,.,.,.,.,.,.,.,.,.,.,.,.,.,.,.,.,.,.,.,.,.,.,.,.,.,.,.,.,.,.,.,.,.,.,.,G,G,G,G,G,G,G,G,G,G,G,G,G,G,G,G,G,G,G,G,G,G,G,G,G,G,G,G,G,G,G,G,G,G,G,G,G,G,G,G,G,G,G,G,G,G,G,G,G,G,G,G,G,G,G,G,G,G,G,G,G,G,G,G,G,G,G,G,G,G,G,G,G,G,G,G,G,G,G,G,G,G,G,G,G,m,m,m,m,m,m,m,m,m,m,m,m,m,m,m,m,m
m,m,m,m,m,m,m,m,m,m,m,m,m,G,G,G,G,G,G,G,G,G,G,G,G,G,G,G,G,G,G,G,G,G,G,G,G,G,G,G,G,G,G,G,G,G,G,G,G,G,G,G,G,G,G,G,G,G,G,G,G,G,G,G,G,G,G,G,G,G,G,G,G,G,G,G,G,G,G,G,G,G,G,G,G,G,G,G,G,G,G,G,G,G,G,G,G,G,G,G,G,G,G,G,G,G,G,G,G,G,.,.,.,.,.,.,.,.,.,.,.,.,.,.,.,.,.,.,.,.,.,.,.,.,.,.,.,.,.,.,.,.,.,.,.,.,.,.,.,.,.,.,.,.,.,.,.,.,.,.,.,.,.,.,.,.,.,.,.,.,.,.,.,.,.,.,.,.,.,.,.,.,.,.,.,.,.,.,.,.,.,.,.,.,.,.,.,.,G,G,G,G,G,G,G,G,G,G,G,G,G,G,G,G,G,G,G,G,G,G,G,G,G,G,G,G,G,G,G,G,G,G,G,G,G,G,G,G,G,G,G,G,G,G,G,G,G,G,G,G,G,G,G,G,G,G,G,G,G,G,G,G,G,G,G,G,G,G,G,G,G,G,G,G,G,G,G,G,G,G,G,G,G,m,m,m,m,m,m,m,m,m,m,m,m,m,m,m,m,m
m,m,m,m,m,m,m,m,m,m,m,m,m,G,G,G,G,G,G,G,G,G,G,G,G,G,G,G,G,G,G,G,G,G,G,G,G,G,G,G,G,G,G,G,G,G,G,G,G,G,G,G,G,G,G,G,G,G,G,G,G,G,G,G,G,G,G,G,G,G,G,G,G,G,G,G,G,G,G,G,G,G,G,G,G,G,G,G,G,G,G,G,G,G,G,G,G,G,G,G,G,G,G,G,G,G,G,G,G,G,.,.,.,.,.,.,.,.,.,.,.,.,.,.,.,.,.,.,.,.,.,.,.,.,.,.,.,.,.,.,.,.,.,.,.,.,.,.,.,.,.,.,.,.,.,.,.,.,.,.,.,.,.,.,.,.,.,.,.,.,.,.,.,.,.,.,.,.,.,.,.,.,.,.,.,.,.,.,.,.,.,.,.,.,.,.,.,.,G,G,G,G,G,G,G,G,G,G,G,G,G,G,G,G,G,G,G,G,G,G,G,G,G,G,G,G,G,G,G,G,G,G,G,G,G,G,G,G,G,G,G,G,G,G,G,G,G,G,G,G,G,G,G,G,G,G,G,G,G,G,G,G,G,G,G,G,G,G,G,G,G,G,G,G,G,G,G,G,G,G,G,G,G,m,m,m,m,m,m,m,m,m,m,m,m,m,m,m,m,m
m,m,m,m,m,m,m,m,m,m,m,m,m,G,G,G,G,G,G,G,G,G,G,G,G,G,G,G,G,G,G,G,G,G,G,G,G,G,G,G,G,G,G,G,G,G,G,G,G,G,G,G,G,G,G,G,G,G,G,G,G,G,G,G,G,G,G,G,G,G,G,G,G,G,G,G,G,G,G,G,G,G,G,G,G,G,G,G,G,G,G,G,G,G,G,G,G,G,G,G,G,G,G,G,G,G,G,G,G,G,.,.,.,.,.,.,.,.,.,.,.,.,.,.,.,.,.,.,.,.,.,.,.,.,.,.,.,.,.,.,.,.,.,.,.,.,.,.,.,.,.,.,.,.,.,.,.,.,.,.,.,.,.,.,.,.,.,.,.,.,.,.,.,.,.,.,.,.,.,.,.,.,.,.,.,.,.,.,.,.,.,.,.,.,.,.,.,.,G,G,G,G,G,G,G,G,@,.,.,.,.,.,.,.,.,.,.,.,.,.,.,@,G,G,G,G,G,G,G,G,G,G,G,G,G,G,G,G,G,G,G,G,G,G,G,G,G,G,G,G,G,G,G,G,G,G,G,G,G,G,G,G,G,G,G,G,G,G,G,G,G,G,G,G,G,G,G,G,G,G,G,G,G,m,m,m,m,m,m,m,m,m,m,m,m,m,m,m,m,m
m,m,m,m,m,m,m,m,m,m,m,m,m,G,G,G,G,G,G,G,G,G,G,G,G,G,G,G,G,G,G,G,G,G,G,G,G,G,G,G,G,G,G,G,G,G,G,G,G,G,G,G,G,G,G,G,G,G,G,G,G,G,G,G,G,G,G,G,G,G,G,G,G,G,G,G,G,G,G,G,G,G,G,G,G,G,G,G,G,G,G,G,G,G,G,G,G,G,G,G,G,G,G,G,G,G,G,G,G,G,#,.,.,.,.,.,.,.,.,.,.,.,.,.,.,.,.,.,.,.,.,.,.,.,.,.,.,.,.,.,.,.,.,.,.,.,.,.,.,.,.,.,.,.,.,.,.,.,.,.,.,.,.,.,.,.,.,.,.,.,.,.,.,.,.,.,.,.,.,.,.,.,.,.,.,.,.,.,.,.,.,.,.,.,.,.,.,#,G,G,G,G,G,G,G,G,@,G,@,@,@,@,@,@,@,@,G,G,@,@,@,@,G,G,G,G,G,G,G,G,G,G,G,G,G,G,G,G,G,G,G,G,G,G,G,G,G,G,G,G,G,G,G,G,G,G,G,G,G,G,G,G,G,G,G,G,G,G,G,G,G,G,G,G,G,G,G,G,G,G,G,G,G,m,m,m,m,m,m,m,m,m,m,m,m,m,m,m,m,m
m,m,m,m,m,m,m,m,m,m,m,m,d,G,G,G,G,G,G,G,G,G,G,G,G,G,G,G,G,G,G,G,G,G,G,G,G,G,G,G,G,G,G,G,G,G,G,G,G,G,G,G,G,G,G,G,G,G,G,G,G,G,G,G,G,G,G,G,G,G,G,G,G,G,G,G,G,G,G,G,G,G,G,G,G,G,G,G,G,G,G,G,G,G,G,G,G,G,G,G,G,G,G,G,G,G,G,G,G,G,#,.,.,.,.,.,.,.,.,.,.,.,.,.,.,.,.,.,.,.,.,.,.,.,.,.,.,.,.,.,.,.,.,.,.,.,.,.,.,.,.,.,.,.,.,.,.,.,.,.,.,.,.,.,.,.,.,.,.,.,.,.,.,.,.,.,.,.,.,.,.,.,.,.,.,.,.,.,.,.,.,.,.,.,.,.,.,#,G,G,G,G,G,G,G,G,G,G,G,G,G,G,G,G,G,G,G,G,G,G,G,G,G,G,G,G,G,G,G,G,G,G,G,G,G,G,G,G,G,G,G,G,G,G,G,G,G,G,G,G,G,G,G,G,G,G,G,G,G,G,G,G,G,G,G,G,G,G,G,G,G,G,G,G,G,G,G,G,G,G,G,G,G,m,m,m,m,m,m,m,m,m,m,m,m,m,m,m,m,m
m,m,m,m,m,m,m,m,m,m,m,m,m,G,G,G,G,G,G,G,G,G,G,G,G,G,G,G,G,G,G,G,G,G,G,G,G,G,G,G,G,G,G,G,G,G,G,G,G,G,G,G,G,G,G,G,G,G,G,G,G,G,G,G,G,G,G,G,G,G,G,G,G,G,G,G,G,G,G,G,G,G,G,G,G,G,G,G,G,G,G,G,G,G,G,G,G,G,G,G,G,G,G,G,G,G,G,G,G,G,#,.,.,.,.,.,.,.,.,.,.,.,.,.,.,.,.,.,.,.,.,.,.,#,#,#,#,#,#,#,#,#,#,#,#,#,.,.,.,.,.,.,.,.,.,.,#,#,#,#,#,#,#,#,#,#,#,#,#,#,#,.,.,.,.,.,.,.,.,.,#,#,#,#,#,#,#,#,#,#,#,#,#,.,.,.,.,#,G,G,G,G,G,G,G,G,G,G,G,G,G,G,G,G,G,G,G,G,G,G,G,G,G,G,G,G,G,G,G,G,G,G,G,G,G,G,G,G,G,G,G,G,G,G,G,G,G,G,G,G,G,G,G,G,G,G,G,G,G,G,G,G,G,G,G,G,G,G,G,G,G,G,G,G,G,G,G,G,G,G,G,G,G,m,m,m,m,m,m,m,m,m,m,m,m,m,m,m,m,m
m,m,m,m,m,m,m,m,m,m,m,m,m,G,G,G,G,G,G,G,G,G,G,G,G,G,G,G,G,G,G,G,G,G,G,G,G,G,G,G,G,G,G,G,G,G,G,G,G,G,G,G,G,G,G,G,G,G,G,G,G,G,G,G,G,G,G,G,G,G,G,G,G,G,G,G,G,G,G,G,G,G,G,G,G,G,G,G,G,G,G,G,G,G,G,G,G,G,G,G,G,G,G,G,G,G,G,G,G,G,#,.,.,.,.,.,.,.,.,.,.,.,.,.,.,.,.,.,.,.,.,.,.,#,_,_,_,_,_,_,_,_,_,_,_,#,.,.,.,.,.,.,.,.,.,.,#,_,_,_,_,_,_,_,_,_,_,_,_,_,#,.,.,.,.,.,.,.,.,.,#,_,_,_,_,_,_,_,_,_,_,_,#,.,.,.,.,#,G,G,G,G,G,G,G,G,G,G,G,G,G,G,G,G,G,G,G,G,G,G,G,G,G,G,G,G,G,G,G,G,G,G,G,G,G,G,G,G,G,G,G,G,G,G,G,G,G,G,G,G,G,G,G,G,G,G,G,G,G,G,G,G,G,G,G,G,G,G,G,G,G,G,G,G,G,G,G,G,G,G,G,G,G,m,m,m,m,m,m,m,m,m,m,m,m,m,m,m,m,m
m,m,m,m,m,m,m,m,m,m,m,m,m,G,G,G,G,G,G,G,G,G,G,G,G,G,G,G,G,G,G,G,G,G,G,G,G,G,G,G,G,G,G,G,G,G,G,G,G,G,G,G,G,G,G,G,G,G,G,G,G,G,G,G,G,G,G,G,G,G,G,G,G,G,G,G,G,G,G,G,G,G,G,G,G,G,G,G,G,G,G,G,G,G,G,G,G,G,G,G,G,G,G,G,G,G,G,G,G,G,#,.,.,.,.,.,.,.,.,.,.,.,.,.,.,.,.,.,.,.,.,.,.,#,_,_,_,_,_,_,_,_,_,_,_,#,.,.,.,.,.,.,.,.,.,.,#,_,_,_,_,_,_,_,_,_,_,_,_,_,#,.,.,.,.,.,.,.,.,.,#,_,_,_,_,_,_,_,_,_,_,_,#,.,.,.,.,#,G,G,G,G,G,G,G,G,G,G,G,G,G,G,G,G,G,G,G,G,G,G,G,G,G,G,G,G,G,G,G,G,G,G,G,G,G,G,G,G,G,G,G,G,G,G,G,G,G,G,G,G,G,G,G,G,G,G,G,G,G,G,G,G,G,G,G,G,G,G,G,G,G,G,G,G,G,G,G,G,G,G,G,G,G,m,m,m,m,m,m,m,m,m,m,m,m,m,m,m,m,m
m,m,m,m,m,m,m,m,m,m,m,m,m,G,G,G,G,G,G,G,G,G,G,G,G,G,G,G,G,G,G,G,G,G,G,G,G,G,G,G,G,G,G,G,G,G,G,G,G,G,G,G,G,G,G,G,G,G,G,G,G,G,G,G,G,G,G,G,G,G,G,G,G,G,G,G,G,G,G,G,G,G,G,G,G,G,G,G,G,G,G,G,G,G,G,G,G,G,G,G,G,G,G,G,G,G,G,G,G,G,#,.,.,.,.,.,.,.,.,.,.,.,.,.,.,.,.,.,.,.,.,.,.,#,_,_,_,_,_,_,_,_,_,_,_,#,.,.,.,.,.,.,.,.,.,.,#,_,_,_,_,_,_,_,_,_,_,_,_,_,#,.,.,.,.,.,.,.,.,.,#,_,_,_,_,_,_,_,_,_,_,_,#,.,.,.,.,#,G,G,G,G,@,G,G,G,G,G,G,G,G,G,G,@,@,@,@,@,@,@,@,@,G,G,@,G,G,G,G,G,G,G,G,G,G,G,G,G,G,@,@,@,@,G,@,@,@,@,G,G,@,@,@,@,G,G,G,G,G,G,G,G,G,G,G,G,G,G,G,G,G,G,G,G,G,G,G,G,G,G,G,G,G,m,m,m,m,m,m,m,m,m,m,m,m,m,m,m,m,m
m,m,m,m,m,m,m,m,m,m,m,m,m,G,G,G,G,G,G,G,G,G,G,G,G,G,G,G,G,G,G,G,G,G,G,G,G,G,G,G,G,G,G,G,G,G,G,G,G,G,G,G,G,G,G,G,G,G,G,G,G,G,G,G,G,G,G,G,G,G,G,G,G,G,G,G,G,G,G,G,G,G,G,G,G,G,G,G,G,G,G,G,G,G,G,G,G,G,G,G,G,G,G,G,G,G,G,G,G,G,#,.,.,.,.,.,.,.,.,.,.,.,.,.,.,.,.,.,.,.,.,.,.,#,_,_,_,_,_,_,_,_,_,_,_,#,.,.,.,.,.,.,.,.,.,.,#,_,_,_,_,_,_,_,_,_,_,_,_,_,#,.,.,.,.,.,.,.,.,.,#,_,_,_,_,_,_,_,_,_,_,_,#,.,.,.,.,#,G,G,G,G,@,.,.,.,.,.,.,.,.,.,.,.,.,.,.,.,.,.,.,.,.,.,@,G,G,G,G,G,G,G,G,G,G,G,G,G,@,.,.,.,.,.,.,.,.,.,.,.,.,.,.,@,G,G,G,G,G,G,G,G,G,G,G,G,G,G,G,G,G,G,G,G,G,G,G,G,G,G,G,G,G,m,m,m,m,m,m,m,m,m,m,m,m,m,m,m,m,m
m,m,m,m,m,m,m,m,m,m,m,m,m,G,G,G,G,G,G,G,G,G,G,G,G,G,G,G,G,G,G,G,G,G,G,G,G,G,G,G,G,G,G,G,G,G,G,G,G,G,G,G,G,G,G,G,G,G,G,G,G,G,G,G,G,G,G,G,G,G,G,G,G,G,G,G,G,G,G,G,G,G,G,G,G,G,G,G,G,G,G,G,G,G,G,G,G,G,G,G,G,G,G,G,G,G,G,G,G,G,#,.,.,.,.,.,.,.,.,.,.,.,.,.,.,.,.,.,.,.,.,.,.,#,_,_,_,_,_,_,_,_,_,_,_,#,.,.,.,.,.,.,.,.,.,.,#,_,_,_,_,_,_,_,_,_,_,_,_,_,#,.,.,.,.,.,.,.,.,.,#,_,_,_,_,_,_,_,_,_,_,_,#,.,.,.,.,#,G,G,G,G,G,.,.,.,.,.,.,.,.,.,.,.,.,.,.,.,.,.,.,.,.,.,@,G,G,G,G,G,G,G,G,G,G,G,G,G,@,.,.,.,.,.,.,.,.,.,.,.,.,.,.,G,G,G,G,G,G,G,G,G,G,G,G,G,G,G,G,G,G,G,G,G,G,G,G,G,G,G,G,G,G,m,m,m,m,m,m,m,m,m,m,m,m,m,m,m,m,m
m,m,m,m,m,m,m,m,m,m,m,m,m,G,G,G,G,G,G,G,G,G,G,G,G,G,G,G,G,G,G,G,G,G,G,G,G,G,G,G,G,G,G,G,G,G,G,G,G,G,G,G,G,G,G,G,G,G,G,G,G,G,G,G,G,G,G,G,G,G,G,G,G,G,G,G,G,G,G,G,G,G,G,G,G,G,G,G,G,G,G,G,G,G,G,G,G,G,G,G,G,G,G,G,G,G,G,G,G,G,#,.,.,.,.,.,.,.,.,.,.,.,.,.,.,.,.,.,.,.,.,.,.,#,_,_,_,_,_,_,_,_,_,_,_,#,.,.,.,.,.,.,.,.,.,.,#,_,_,_,_,_,_,_,_,_,_,_,_,_,#,.,.,.,.,.,.,.,.,.,#,_,_,_,_,_,_,_,_,_,_,_,#,.,.,.,.,#,G,G,G,G,G,.,.,.,.,.,.,.,.,.,.,.,.,.,.,.,.,.,.,.,.,.,@,G,G,G,G,G,G,G,G,G,G,G,G,G,@,.,.,.,.,.,.,.,.,.,.,.,.,.,.,@,G,G,G,G,G,G,G,G,G,G,G,G,G,G,G,G,G,G,G,G,G,G,G,G,G,G,G,G,G,G,m,m,m,m,m,m,m,m,m,m,m,m,m,m,m,m
m,m,m,m,m,m,m,m,m,m,m,m,m,m,G,G,G,G,G,G,G,G,G,G,G,G,G,G,G,G,G,G,G,G,G,G,G,G,G,G,G,G,G,G,G,G,G,G,G,G,G,G,G,G,G,G,G,G,G,G,G,G,G,G,G,G,G,G,G,G,G,G,G,G,G,G,G,G,G,G,G,G,G,G,G,G,G,G,G,G,G,G,G,G,G,G,G,G,G,G,G,G,G,G,G,G,G,G,G,G,#,.,.,.,.,.,.,.,.,.,.,.,.,.,.,.,.,.,.,.,.,.,.,#,_,_,_,_,_,_,_,_,_,_,_,#,.,.,.,.,.,.,.,.,.,.,#,_,_,_,_,_,_,_,_,_,_,_,_,_,#,.,.,.,.,.,.,.,.,.,#,_,_,_,_,_,_,_,_,_,_,_,#,.,.,.,.,#,G,G,G,G,G,.,.,.,.,.,.,.,.,.,.,.,.,.,.,.,.,.,.,.,.,.,@,G,G,G,G,G,G,G,G,G,G,G,G,G,@,.,.,.,.,.,.,.,.,.,.,.,.,.,.,G,G,G,G,G,G,G,G,G,G,G,G,G,G,G,G,G,G,G,G,G,G,G,G,G,G,G,G,G,G,G,m,m,m,m,m,m,m,m,m,m,m,m,m,m,m,m
m,m,m,m,m,m,m,m,m,m,m,m,m,m,G,G,G,G,G,G,G,G,G,G,G,G,G,G,G,G,G,G,G,G,G,G,G,G,G,G,G,G,G,G,G,G,G,G,G,G,G,G,G,G,G,G,G,G,G,G,G,G,G,G,G,G,G,G,G,G,G,G,G,G,G,G,G,G,G,G,G,G,G,G,G,G,G,G,G,G,G,G,G,G,G,G,G,G,G,G,G,G,G,G,G,G,G,G,G,G,#,.,.,.,.,.,.,.,.,.,.,.,.,.,.,.,.,.,.,.,.,.,.,#,_,_,_,_,_,_,_,_,_,_,_,#,.,.,.,.,.,.,.,.,.,.,#,_,_,_,_,_,_,_,_,_,_,_,_,_,#,.,.,.,.,.,.,.,.,.,#,_,_,_,_,_,_,_,_,_,_,_,#,.,.,.,.,#,G,G,G,G,@,@,G,@,G,G,G,@,@,@,@,@,@,@,@,@,G,G,@,G,@,@,@,G,G,G,G,G,G,G,G,G,G,G,G,G,@,.,.,.,.,.,.,.,.,.,.,.,.,.,.,G,G,G,G,G,G,G,G,G,G,G,G,G,G,G,G,G,G,G,G,G,G,G,G,G,G,G,G,G,G,G,m,m,m,m,m,m,m,m,m,m,m,m,m,m,m,m
m,m,m,m,m,m,m,m,m,m,m,m,m,m,G,G,G,G,G,G,G,G,G,G,G,G,G,G,G,G,G,G,G,G,G,G,G,G,G,G,G,G,G,G,G,G,G,G,G,G,G,G,G,G,G,G,G,G,G,G,G,G,G,G,G,G,G,G,G,G,G,G,G,G,G,G,G,G,G,G,G,G,G,G,G,G,G,G,G,G,G,G,G,G,G,G,G,G,G,G,G,G,G,G,G,G,G,G,G,G,#,.,.,.,.,.,.,.,.,.,.,.,.,.,.,.,.,.,.,.,.,.,.,#,_,_,_,_,_,_,_,_,_,_,_,#,.,.,.,.,.,.,.,.,.,.,#,_,_,_,_,_,_,_,_,_,_,_,_,_,#,.,.,.,.,.,.,.,.,.,#,_,_,_,_,_,_,_,_,_,_,_,#,.,.,.,.,#,G,G,G,G,G,G,G,G,G,G,G,G,G,G,G,G,G,G,G,G,G,G,G,G,G,G,G,G,G,G,G,G,G,G,G,G,G,G,G,G,G,.,.,.,.,.,.,.,.,.,.,.,.,.,.,G,G,G,G,G,G,G,G,G,G,G,G,G,G,G,G,G,G,G,G,G,G,G,G,G,G,G,G,G,G,G,m,m,m,m,m,m,m,m,m,m,m,m,m,m,m,m
m,m,m,m,m,m,m,m,m,m,m,m,m,m,G,G,G,G,G,G,G,G,G,G,G,G,G,G,G,G,G,G,G,G,G,G,G,G,G,G,G,G,G,G,G,G,G,G,G,G,G,G,G,G,G,G,G,G,G,G,G,G,G,G,G,G,G,G,G,G,G,G,G,G,G,G,G,G,G,G,G,G,G,G,G,G,G,G,G,G,G,G,G,G,G,G,G,G,G,G,G,G,G,G,G,G,G,G,G,G,#,.,.,.,.,.,.,.,.,.,.,.,.,.,.,.,.,.,.,.,.,.,.,#,#,#,#,#,#,.,#,#,#,#,#,#,.,.,.,.,.,.,.,.,.,.,#,#,#,#,#,#,#,.,#,#,#,#,#,#,#,.,.,.,.,.,.,.,.,.,#,#,#,#,#,#,.,#,#,#,#,#,#,.,.,.,.,#,G,G,G,G,G,G,G,G,G,G,G,G,G,G,G,G,G,G,G,G,G,G,G,G,G,G,G,G,G,G,G,G,G,G,G,G,G,G,G,G,@,.,.,.,.,.,.,.,.,.,.,.,.,.,.,@,G,G,G,G,G,G,G,G,G,G,G,G,G,G,G,G,G,G,G,G,G,G,G,G,G,G,G,G,G,G,G,m,m,m,m,m,m,m,m,m,m,m,m,m,m,m
m,m,m,m,m,m,m,m,m,m,m,m,m,m,m,G,G,G,G,G,G,G,G,G,G,G,G,G,G,G,G,G,G,G,G,G,G,G,G,G,G,G,G,G,G,G,G,G,G,G,G,G,G,G,G,G,G,G,G,G,G,G,G,G,G,G,G,G,G,G,G,G,G,G,G,G,G,G,G,G,G,G,G,G,G,G,G,G,G,G,G,G,G,G,G,G,G,G,G,G,G,G,G,G,G,G,G,G,G,G,#,.,.,.,.,.,.,.,.,.,.,.,.,.,.,.,.,.,.,.,.,.,.,.,.,.,.,.,.,.,.,.,.,.,.,.,.,.,.,.,.,.,.,.,.,.,.,.,.,.,.,.,.,.,.,.,.,.,.,.,.,.,.,.,.,.,.,.,.,.,.,.,.,.,.,.,.,.,.,.,.,.,.,.,.,.,.,#,G,G,G,G,G,G,G,G,G,G,G,G,G,G,G,G,G,G,G,G,G,G,G,G,G,G,G,G,G,G,G,G,G,G,G,G,G,G,G,G,@,@,@,@,@,@,@,G,@,@,@,@,G,@,@,@,G,G,G,G,G,G,G,G,G,G,G,G,G,G,G,G,G,G,G,G,G,G,G,G,G,G,G,G,G,G,G,m,m,m,m,m,m,m,m,m,m,m,m,m,m,m
m,m,m,m,m,m,m,m,m,m,m,m,m,m,m,G,G,G,G,G,G,G,G,G,G,G,G,G,G,G,G,G,G,G,G,G,G,G,G,G,G,G,G,G,G,G,G,G,G,G,G,G,G,G,G,G,G,G,G,G,G,G,G,G,G,G,G,G,G,G,G,G,G,G,G,G,G,G,G,G,G,G,G,G,G,G,G,G,G,G,G,G,G,G,G,G,G,G,G,G,G,G,G,G,G,G,G,G,G,G,#,.,.,.,.,.,.,.,.,.,.,.,.,.,.,.,.,.,.,.,.,.,.,.,.,.,.,.,.,.,.,.,.,.,.,.,.,.,.,.,.,.,.,.,.,.,.,.,.,.,.,.,.,.,.,.,.,.,.,.,.,.,.,.,.,.,.,.,.,.,.,.,.,.,.,.,.,.,.,.,.,.,.,.,.,.,.,#,G,G,G,G,G,G,G,G,G,G,G,G,G,G,G,G,G,G,G,G,G,G,G,G,G,G,G,G,G,G,G,G,G,G,G,G,G,G,G,G,G,G,G,G,G,G,G,G,G,G,G,G,G,G,G,G,G,G,G,G,G,G,G,G,G,G,G,G,G,G,G,G,G,G,G,G,G,G,G,G,G,G,G,G,G,G,G,m,m,m,m,m,m,m,m,m,m,m,m,m,m,m
m,m,m,m,m,m,m,m,m,m,m,m,m,m,m,G,G,G,G,G,G,G,G,G,G,G,G,G,G,G,G,G,G,G,G,G,G,G,G,G,G,G,G,G,G,G,G,G,G,G,G,G,G,G,G,G,G,G,G,G,G,G,G,G,G,G,G,G,G,G,G,G,G,G,G,G,G,G,G,G,G,G,G,G,G,G,G,G,G,G,G,G,G,G,G,G,G,G,G,G,G,G,G,G,G,G,G,G,G,G,#,.,.,.,.,.,.,.,.,.,.,.,.,.,.,.,.,.,.,.,.,.,.,.,.,.,.,.,.,.,.,.,.,.,.,.,.,.,.,.,.,.,.,.,.,.,.,.,.,.,.,.,.,.,.,.,.,.,.,.,.,.,.,.,.,.,.,.,.,.,.,.,.,.,.,.,.,.,.,.,.,.,.,.,.,.,.,#,G,G,G,G,G,G,G,G,G,G,G,G,G,G,G,G,G,G,G,G,G,G,G,G,G,G,G,G,G,G,G,G,G,G,G,G,G,G,G,G,G,G,G,G,G,G,G,G,G,G,G,G,G,G,G,G,G,G,G,G,G,G,G,G,G,G,G,G,G,G,G,G,G,G,G,G,G,G,G,G,G,G,G,G,G,G,G,m,m,m,m,m,m,m,m,m,m,m,m,m,m,m
m,m,m,m,m,m,m,m,m,m,m,m,m,m,m,G,G,G,G,G,G,G,G,G,G,G,G,G,G,G,G,G,G,G,G,G,G,G,G,G,G,G,G,G,G,G,G,G,G,G,G,G,G,G,G,G,G,G,G,G,G,G,G,G,G,G,G,G,G,G,G,G,G,G,G,G,G,G,G,G,G,G,G,G,G,G,G,G,G,G,G,G,G,G,G,G,G,G,G,G,G,G,G,G,G,G,G,G,G,G,#,.,.,.,.,.,.,.,.,.,.,.,.,.,.,.,.,.,.,.,.,.,.,#,#,#,#,#,#,#,#,#,#,#,#,#,.,.,.,.,.,.,.,.,.,.,#,#,#,#,#,#,#,#,#,#,#,#,#,#,#,.,.,.,.,.,.,.,.,.,#,#,#,#,#,#,#,#,#,#,#,#,#,.,.,.,.,#,G,G,G,G,G,G,G,G,G,G,G,G,G,G,G,G,G,G,G,G,G,G,G,G,G,G,G,G,G,G,G,G,G,G,G,G,G,G,G,G,G,G,G,G,G,G,G,G,G,G,G,G,G,G,G,G,G,G,G,G,G,G,G,G,G,G,G,G,G,G,G,G,G,G,G,G,G,G,G,G,G,G,G,G,G,G,G,m,m,m,m,m,m,m,m,m,m,m,m,m,m,m
m,m,m,m,m,m,m,m,m,m,m,m,m,m,m,G,G,G,G,G,G,G,G,G,G,G,G,G,G,G,G,G,G,G,G,G,G,G,G,G,G,G,G,G,G,G,G,G,G,G,G,G,G,G,G,G,G,G,G,G,G,G,G,G,G,G,G,G,G,G,G,G,G,G,G,G,G,G,G,G,G,G,G,G,G,G,G,G,G,G,G,G,G,G,G,G,G,G,G,G,G,G,G,G,G,G,G,G,G,G,#,.,.,.,.,.,.,.,.,.,.,.,.,.,.,.,.,.,.,.,.,.,.,#,_,_,_,_,_,_,_,_,_,_,_,#,.,.,.,.,.,.,.,.,.,.,#,_,_,_,_,_,_,_,_,_,_,_,_,_,#,.,.,.,.,.,.,.,.,.,#,_,_,_,_,_,_,_,_,_,_,_,#,.,.,.,.,#,G,G,G,G,G,G,G,G,G,G,G,G,G,G,G,G,G,G,G,G,G,G,G,G,G,G,G,G,G,G,G,G,G,G,G,G,G,G,G,G,G,G,G,G,G,G,G,G,G,G,G,G,G,G,G,G,G,G,G,G,G,G,G,G,G,G,G,G,G,G,G,G,G,G,G,G,G,G,G,G,G,G,G,G,G,G,G,m,m,m,m,m,m,m,m,m,m,m,m,m,m,m
m,m,m,m,m,m,m,m,m,m,m,m,m,m,m,G,G,G,G,G,G,G,G,G,G,G,G,G,G,G,G,G,G,G,G,G,G,G,G,G,G,G,G,G,G,G,G,G,G,G,G,G,G,G,G,G,G,G,G,G,G,G,G,G,G,G,G,G,G,G,G,G,G,G,G,G,G,G,G,G,G,G,G,G,G,G,G,G,G,G,G,G,G,G,G,G,G,G,G,G,G,G,G,G,G,G,G,G,G,G,#,.,.,.,.,.,.,.,.,.,.,.,.,.,.,.,.,.,.,.,.,.,.,#,_,_,_,_,_,_,_,_,_,_,_,#,.,.,.,.,.,.,.,.,.,.,#,_,_,_,_,_,_,_,_,_,_,_,_,_,#,.,.,.,.,.,.,.,.,.,#,_,_,_,_,_,_,_,_,_,_,_,#,.,.,.,.,#,G,G,G,G,G,G,G,G,G,G,@,@,@,@,@,@,@,@,G,@,@,@,G,@,G,@,@,@,G,G,G,G,G,G,G,G,G,G,G,G,G,G,G,G,G,G,G,G,G,@,@,G,G,@,@,@,@,@,G,G,G,@,G,G,G,G,G,G,G,G,G,G,G,G,G,G,G,G,G,G,G,G,G,G,G,G,m,m,m,m,m,m,m,m,m,m,m,m,m,m,m,m
m,m,m,m,m,m,m,m,m,m,m,m,m,m,m,m,G,G,G,G,G,G,G,G,G,G,G,G,G,G,G,G,G,G,G,G,G,G,G,G,G,G,G,G,G,G,G,G,G,G,G,G,G,G,G,G,G,G,G,G,G,G,G,G,G,G,G,G,G,G,G,G,G,G,G,G,G,G,G,G,G,G,G,G,G,G,G,G,G,G,G,G,G,G,G,G,G,G,G,G,G,G,G,G,G,G,G,G,G,G,#,.,.,.,.,.,.,.,.,.,.,.,.,.,.,.,.,.,.,.,.,.,.,#,_,_,_,_,_,_,_,_,_,_,_,#,.,.,.,.,.,.,.,.,.,.,#,_,_,_,_,_,_,_,_,_,_,_,_,_,#,.,.,.,.,.,.,.,.,.,#,_,_,_,_,_,_,_,_,_,_,_,#,.,.,.,.,#,G,G,G,G,G,G,G,G,G,G,@,.,.,.,.,.,.,.,.,.,.,.,.,.,.,.,.,G,G,G,G,G,G,G,G,G,G,G,G,G,G,G,G,G,G,.,.,.,.,.,.,.,.,.,.,.,.,.,.,.,.,G,G,G,G,G,G,G,G,G,G,G,G,G,G,G,G,G,G,G,G,G,G,G,G,G,G,m,m,m,m,m,m,m,m,m,m,m,m,m,m,m
m,m,m,m,m,m,m,m,m,m,m,m,m,m,m,m,m,G,G,G,G,G,G,G,G,G,G,G,G,G,G,G,G,G,G,G,G,G,G,G,G,G,G,G,G,G,G,G,G,G,G,G,G,G,G,G,G,G,G,G,G,G,G,G,G,G,G,G,G,G,G,G,G,G,G,G,G,G,G,G,G,G,G,G,G,G,G,G,G,G,G,G,G,G,G,G,G,G,G,G,G,G,G,G,G,G,G,G,G,G,#,.,.,.,.,.,.,.,.,.,.,.,.,.,.,.,.,.,.,.,.,.,.,#,_,_,_,_,_,_,_,_,_,_,_,#,.,.,.,.,.,.,.,.,.,.,#,_,_,_,_,_,_,_,_,_,_,_,_,_,#,.,.,.,.,.,.,.,.,.,#,_,_,_,_,_,_,_,_,_,_,_,#,.,.,.,.,#,G,G,G,G,G,G,G,G,G,G,@,.,.,.,.,.,.,.,.,.,.,.,.,.,.,.,.,@,G,G,G,G,G,G,G,G,G,G,G,G,G,G,G,G,@,.,.,.,.,.,.,.,.,.,.,.,.,.,.,.,.,@,G,G,G,G,G,G,G,G,G,G,G,G,G,G,G,G,G,G,G,G,G,G,G,G,m,m,m,m,m,m,m,m,m,m,m,m,m,m,m,m
m,m,m,m,m,m,m,m,m,m,m,m,m,m,m,m,m,G,G,G,G,G,G,G,G,G,G,G,G,G,G,G,G,G,G,G,G,G,G,G,G,G,G,G,G,G,G,G,G,G,G,G,G,G,G,G,G,G,G,G,G,G,G,G,G,G,G,G,G,G,G,G,G,G,G,G,G,G,G,G,G,G,G,G,G,G,G,G,G,G,G,G,G,G,G,G,G,G,G,G,G,G,G,G,G,G,G,G,G,G,#,.,.,.,.,.,.,.,.,.,.,.,.,.,.,.,.,.,.,.,.,.,.,#,_,_,_,_,_,_,_,_,_,_,_,#,.,.,.,.,.,.,.,.,.,.,#,_,_,_,_,_,_,_,_,_,_,_,_,_,#,.,.,.,.,.,.,.,.,.,#,_,_,_,_,_,_,_,_,_,_,_,#,.,.,.,.,#,G,G,G,G,G,G,G,G,G,G,@,.,.,.,.,.,.,.,.,.,.,.,.,.,.,.,.,@,G,G,G,G,G,G,G,G,G,G,G,G,G,G,G,G,@,.,.,.,.,.,.,.,.,.,.,.,.,.,.,.,.,@,G,G,G,G,G,G,G,G,G,G,G,G,G,G,G,G,G,G,G,G,G,G,G,G,m,m,m,m,m,m,m,m,m,m,m,m,m,m,m,m
m,m,m,m,m,m,m,m,m,m,m,m,m,m,m,m,m,m,m,G,G,G,G,G,G,G,G,G,G,G,G,G,G,G,G,G,G,G,G,G,G,G,G,G,G,G,G,G,G,G,G,G,G,G,G,G,G,G,G,G,G,G,G,G,G,G,G,G,G,G,G,G,G,G,G,G,G,G,G,G,G,G,G,G,G,G,G,G,G,G,G,G,G,G,G,G,G,G,G,G,G,G,G,G,G,G,G,G,G,G,#,.,.,.,.,.,.,.,.,.,.,.,.,.,.,.,.,.,.,.,.,.,.,#,_,_,_,_,_,_,_,_,_,_,_,#,.,.,.,.,.,.,.,.,.,.,#,_,_,_,_,_,_,_,_,_,_,_,_,_,#,.,.,.,.,.,.,.,.,.,#,_,_,_,_,_,_,_,_,_,_,_,#,.,.,.,.,#,G,G,G,G,G,G,G,G,G,G,@,.,.,.,.,.,.,.,.,.,.,.,.,.,.,.,.,@,G,G,G,G,G,G,G,G,G,G,G,G,G,G,G,G,@,.,.,.,.,.,.,.,.,.,.,.,.,.,.,.,.,@,G,G,G,G,G,G,G,G,G,G,G,G,G,G,G,G,G,G,G,G,G,G,G,G,m,m,m,m,m,m,m,m,m,m,m,m,m,m,m,m
m,m,m,m,m,m,m,m,m,m,m,m,m,m,m,m,m,m,m,G,G,G,G,G,G,G,G,G,G,G,G,G,G,G,G,G,G,G,G,G,G,G,G,G,G,G,G,G,G,G,G,G,G,G,G,G,G,G,G,G,G,G,G,G,G,G,G,G,G,G,G,G,G,G,G,G,G,G,G,G,G,G,G,G,G,G,G,G,G,G,G,G,G,G,G,G,G,G,G,G,G,G,G,G,G,G,G,G,G,G,#,.,.,.,.,.,.,.,.,.,.,.,.,.,.,.,.,.,.,.,.,.,.,#,_,_,_,_,_,_,_,_,_,_,_,#,.,.,.,.,.,.,.,.,.,.,#,_,_,_,_,_,_,_,_,_,_,_,_,_,#,.,.,.,.,.,.,.,.,.,#,_,_,_,_,_,_,_,_,_,_,_,#,.,.,.,.,#,G,G,G,G,G,G,G,G,G,G,@,.,.,.,.,.,.,.,.,.,.,.,.,.,.,.,.,@,G,G,G,G,G,G,G,G,G,G,G,G,G,G,G,G,@,.,.,.,.,.,.,.,.,.,.,.,.,.,.,.,.,G,G,G,G,G,G,G,G,G,G,G,G,G,G,G,G,G,G,G,G,G,G,G,G,m,m,m,m,m,m,m,m,m,m,m,m,m,m,m,m,m
m,m,m,m,m,m,m,m,m,m,m,m,m,m,m,m,m,m,m,m,G,G,G,G,G,G,G,G,G,G,G,G,G,G,G,G,G,G,G,G,G,G,G,G,G,G,G,G,G,G,G,G,G,G,G,G,G,G,G,G,G,G,G,G,G,G,G,G,G,G,G,G,G,G,G,G,G,G,G,G,G,G,G,G,G,G,G,G,G,G,G,G,G,G,G,G,G,G,G,G,G,G,G,G,G,G,G,G,G,G,#,.,.,.,.,.,.,.,.,.,.,.,.,.,.,.,.,.,.,.,.,.,.,#,_,_,_,_,_,_,_,_,_,_,_,#,.,.,.,.,.,.,.,.,.,.,#,_,_,_,_,_,_,_,_,_,_,_,_,_,#,.,.,.,.,.,.,.,.,.,#,_,_,_,_,_,_,_,_,_,_,_,#,.,.,.,.,#,G,G,G,G,G,G,G,G,G,G,G,.,.,.,.,.,.,.,.,.,.,.,.,.,.,.,.,G,G,G,G,G,G,G,G,G,G,G,G,G,G,G,G,G,@,.,.,.,.,.,.,.,.,.,.,.,.,.,.,.,.,G,G,G,G,G,G,G,G,G,G,G,G,G,G,G,G,G,G,G,G,G,G,G,G,G,m,m,m,m,m,m,m,m,m,m,m,m,m,m,m,m
m,m,m,m,m,m,m,m,m,m,m,m,m,m,m,m,m,m,m,m,G,G,G,G,G,G,G,G,G,G,G,G,G,G,G,G,G,G,G,G,G,G,G,G,G,G,G,G,G,G,G,G,G,G,G,G,G,G,G,G,G,G,G,G,G,G,G,G,G,G,G,G,G,G,G,G,G,G,G,G,G,G,G,G,G,G,G,G,G,G,G,G,G,G,G,G,G,G,G,G,G,G,G,G,G,G,G,G,G,G,#,.,.,.,.,.,.,.,.,.,.,.,.,.,.,.,.,.,.,.,.,.,.,#,_,_,_,_,_,_,_,_,_,_,_,#,.,.,.,.,.,.,.,.,.,.,#,_,_,_,_,_,_,_,_,_,_,_,_,_,#,.,.,.,.,.,.,.,.,.,#,_,_,_,_,_,_,_,_,_,_,_,#,.,.,.,.,#,G,G,G,G,G,G,G,G,G,G,@,.,.,.,.,.,.,.,.,.,.,.,.,.,.,.,.,@,G,G,G,G,G,G,G,G,G,G,G,G,G,G,G,G,G,.,.,.,.,.,.,.,.,.,.,.,.,.,.,.,.,G,G,G,G,G,G,G,G,G,G,G,G,G,G,G,G,G,G,G,G,G,G,G,G,m,m,m,m,m,m,m,m,m,m,m,m,m,m,m,m,m
m,m,m,m,m,m,m,m,m,m,m,m,m,m,m,m,m,m,m,m,m,G,G,G,G,G,G,G,G,G,G,G,G,G,G,G,G,G,G,G,G,G,G,G,G,G,G,G,G,G,G,G,G,G,G,G,G,G,G,G,G,G,G,G,G,G,G,G,G,G,G,G,G,G,G,G,G,G,G,G,G,G,G,G,G,G,G,G,G,G,G,G,G,G,G,G,G,G,G,G,G,G,G,G,G,G,G,G,G,G,#,.,.,.,.,.,.,.,.,.,.,.,.,.,.,.,.,.,.,.,.,.,.,#,#,#,#,#,#,.,#,#,#,#,#,#,.,.,.,.,.,.,.,.,.,.,#,#,#,#,#,#,#,.,#,#,#,#,#,#,#,.,.,.,.,.,.,.,.,.,#,#,#,#,#,#,.,#,#,#,#,#,#,.,.,.,.,#,G,G,G,G,G,G,G,G,G,G,@,@,G,@,@,@,@,@,@,@,@,G,@,@,@,@,G,@,G,G,G,G,G,G,G,G,G,G,G,G,G,G,G,G,@,@,G,G,@,@,@,@,@,@,@,@,G,@,@,@,G,G,G,G,G,G,G,G,G,G,G,G,G,G,G,G,G,G,G,G,G,G,G,G,G,m,m,m,m,m,m,m,m,m,m,m,m,m,m,m,m,m
m,m,m,m,m,m,m,m,m,m,m,m,m,m,m,m,m,m,m,m,m,G,G,G,G,G,G,G,G,G,G,G,G,G,G,G,G,G,G,G,G,G,G,G,G,G,G,G,G,G,G,G,G,G,G,G,G,G,G,G,G,G,G,G,G,G,G,G,G,G,G,G,G,G,G,G,G,G,G,G,G,G,G,G,G,G,G,G,G,G,G,G,G,G,G,G,G,G,G,G,G,G,G,G,G,G,G,G,G,G,#,.,.,.,.,.,.,.,.,.,.,.,.,.,.,.,.,.,.,.,.,.,.,.,.,.,.,.,.,.,.,.,.,.,.,.,.,.,.,.,.,.,.,.,.,.,.,.,.,.,.,.,.,.,.,.,.,.,.,.,.,.,.,.,.,.,.,.,.,.,.,.,.,.,.,.,.,.,.,.,.,.,.,.,.,.,.,#,G,G,G,G,G,G,G,G,G,G,G,G,G,G,G,G,G,G,G,G,G,G,G,G,G,G,G,G,G,G,G,G,G,G,G,G,G,G,G,G,G,G,G,G,G,G,G,G,G,G,G,G,G,G,G,G,G,G,G,G,G,G,G,G,G,G,G,G,G,G,G,G,G,G,G,G,G,G,G,G,G,G,G,G,G,m,m,m,m,m,m,m,m,m,m,m,m,m,m,m,m,m
m,m,m,m,m,m,m,m,m,m,m,m,m,m,m,m,m,m,m,m,m,m,G,G,G,G,G,G,G,G,G,G,G,G,G,G,G,G,G,G,G,G,G,G,G,G,G,G,G,G,G,G,G,G,G,G,G,G,G,G,G,G,G,G,G,G,G,G,G,G,G,G,G,G,G,G,G,G,G,G,G,G,G,G,G,G,G,G,G,G,G,G,G,G,G,G,G,G,G,G,G,G,G,G,G,G,G,G,G,G,#,.,.,.,.,.,.,.,.,.,.,.,.,.,.,.,.,.,.,.,.,.,.,.,.,.,.,.,.,.,.,.,.,.,.,.,.,.,.,.,.,.,.,.,.,.,.,.,.,.,.,.,.,.,.,.,.,.,.,.,.,.,.,.,.,.,.,.,.,.,.,.,.,.,.,.,.,.,.,.,.,.,.,.,.,.,.,#,G,G,G,G,G,G,G,G,G,G,G,G,G,G,G,G,G,G,G,G,G,G,G,G,G,G,G,G,G,G,G,G,G,G,G,G,G,G,G,G,G,G,G,G,G,G,G,G,G,G,G,G,G,G,G,G,G,G,G,G,G,G,G,G,G,G,G,G,G,G,G,G,G,G,G,G,G,G,G,G,G,G,G,G,m,m,m,m,m,m,m,m,m,m,m,m,m,m,m,m,m,m
m,m,m,m,m,m,m,m,m,m,m,m,m,m,m,m,m,m,m,m,m,m,G,G,G,G,G,G,G,G,G,G,G,G,G,G,G,G,G,G,G,G,G,G,G,G,G,G,G,G,G,G,G,G,G,G,G,G,G,G,G,G,G,G,G,G,G,G,G,G,G,G,G,G,G,G,G,G,G,G,G,G,G,G,G,G,G,G,G,G,G,G,G,G,G,G,G,G,G,G,G,G,G,G,G,G,G,G,G,G,#,.,.,.,.,.,.,.,.,.,.,.,.,.,.,.,.,.,.,.,.,.,.,#,#,#,#,#,#,#,#,#,#,#,#,#,.,.,.,.,.,.,.,.,.,.,#,#,#,#,#,#,#,#,#,#,#,#,#,#,#,.,.,.,.,.,.,.,.,.,#,#,#,#,#,#,#,#,#,#,#,#,#,.,.,.,.,#,G,G,G,G,G,G,G,G,G,G,G,G,G,G,G,G,G,G,G,G,G,G,G,G,G,G,G,G,G,G,G,G,G,G,G,G,G,G,G,G,G,G,G,G,G,G,G,G,G,G,G,G,G,G,G,G,G,G,G,G,G,G,G,G,G,G,G,G,G,G,G,G,G,G,G,G,G,G,G,G,G,G,G,G,m,m,m,m,m,m,m,m,m,m,m,m,m,m,m,m,m,m
m,m,m,m,m,m,m,m,m,m,m,m,m,m,m,m,m,m,m,m,m,m,m,G,G,G,G,G,G,G,G,G,G,G,G,G,G,G,G,G,G,G,G,G,G,G,G,G,G,G,G,G,G,G,G,G,G,G,G,G,G,G,G,G,G,G,G,G,G,G,G,G,G,G,G,G,G,G,G,G,G,G,G,G,G,G,G,G,G,G,G,G,G,G,G,G,G,G,G,G,G,G,G,G,G,G,G,G,G,G,#,.,.,.,.,.,.,.,.,.,.,.,.,.,.,.,.,.,.,.,.,.,.,#,_,_,_,_,_,_,_,_,_,_,_,#,.,.,.,.,.,.,.,.,.,.,#,_,_,_,_,_,_,_,_,_,_,_,_,_,#,.,.,.,.,.,.,.,.,.,#,_,_,_,_,_,_,_,_,_,_,_,#,.,.,.,.,#,G,G,G,G,G,G,G,G,G,G,G,G,G,G,G,G,G,G,G,G,G,G,G,G,G,G,G,G,G,G,G,G,G,G,G,G,G,G,G,G,G,G,G,G,G,G,G,G,G,G,G,G,G,G,G,G,G,G,G,G,G,G,G,G,G,G,G,G,G,G,G,G,G,G,G,G,G,G,G,G,G,G,G,m,m,m,m,m,m,m,m,m,m,m,m,m,m,m,m,m,m,m
m,m,m,m,m,m,m,m,m,m,m,m,m,m,m,m,m,m,m,m,m,m,m,G,G,G,G,G,G,G,G,G,G,G,G,G,G,G,G,G,G,G,G,G,G,G,G,G,G,G,G,G,G,G,G,G,G,G,G,G,G,G,G,G,G,G,G,G,G,G,G,G,G,G,G,G,G,G,G,G,G,G,G,G,G,G,G,G,G,G,G,G,G,G,G,G,G,G,G,G,G,G,G,G,G,G,G,G,G,G,#,.,.,.,.,.,.,.,.,.,.,.,.,.,.,.,.,.,.,.,.,.,.,#,_,_,_,_,_,_,_,_,_,_,_,#,.,.,.,.,.,.,.,.,.,.,#,_,_,_,_,_,_,_,_,_,_,_,_,_,#,.,.,.,.,.,.,.,.,.,#,_,_,_,_,_,_,_,_,_,_,_,#,.,.,.,.,#,G,G,G,G,G,G,G,G,G,G,G,G,G,G,G,G,G,G,G,G,G,G,G,G,G,G,G,G,G,G,G,G,G,G,G,G,G,G,G,G,G,G,G,G,G,G,G,G,G,G,G,G,G,G,G,G,G,G,G,G,G,G,G,G,G,G,G,G,G,G,G,G,G,G,G,G,G,G,G,G,G,G,G,m,m,m,m,m,m,m,m,m,m,m,m,m,m,m,m,m,m,m
m,m,m,m,m,m,m,m,m,m,m,m,m,m,m,m,m,m,m,m,m,m,m,m,G,G,G,G,G,G,G,G,G,G,G,G,G,G,G,G,G,G,G,G,G,G,G,G,G,G,G,G,G,G,G,G,G,G,G,G,G,G,G,G,G,G,G,G,G,G,G,G,G,G,G,G,G,G,G,G,G,G,G,G,G,G,G,G,G,G,G,G,G,G,G,G,G,G,G,G,G,G,G,G,G,G,G,G,G,G,#,.,.,.,.,.,.,.,.,.,.,.,.,.,.,.,.,.,.,.,.,.,.,#,_,_,_,_,_,_,_,_,_,_,_,#,.,.,.,.,.,.,.,.,.,.,#,_,_,_,_,_,_,_,_,_,_,_,_,_,#,.,.,.,.,.,.,.,.,.,#,_,_,_,_,_,_,_,_,_,_,_,#,.,.,.,.,#,G,G,G,G,G,G,G,G,G,G,G,G,G,G,G,G,G,G,G,G,G,G,G,G,G,G,G,G,G,G,G,G,G,G,G,G,G,G,G,G,G,G,G,G,G,G,G,G,G,G,G,G,G,G,G,G,G,G,G,G,G,G,G,G,G,G,G,G,G,G,G,G,G,G,G,G,G,G,G,G,G,G,m,m,m,m,m,m,m,m,m,m,m,m,m,m,m,m,m,m,m,m
m,m,m,m,m,m,m,m,m,m,m,m,m,m,m,m,m,m,m,m,m,m,m,m,G,G,G,G,G,G,G,G,G,G,G,G,G,G,G,G,G,G,G,G,G,G,G,G,G,G,G,G,G,G,G,G,G,G,G,G,G,G,G,G,G,G,G,G,G,G,G,G,G,G,G,G,G,G,G,G,G,G,G,G,G,G,G,G,G,G,G,G,G,G,G,G,G,G,G,G,G,G,G,G,G,G,G,G,G,G,#,.,.,.,.,.,.,.,.,.,.,.,.,.,.,.,.,.,.,.,.,.,.,#,_,_,_,_,_,_,_,_,_,_,_,#,.,.,.,.,.,.,.,.,.,.,#,_,_,_,_,_,_,_,_,_,_,_,_,_,#,.,.,.,.,.,.,.,.,.,#,_,_,_,_,_,_,_,_,_,_,_,#,.,.,.,.,#,G,G,G,G,G,G,G,G,G,G,G,G,G,G,G,G,G,G,G,G,G,G,G,G,G,G,G,G,G,G,G,G,G,G,G,G,G,G,G,G,G,G,G,G,G,G,G,G,G,G,G,G,G,G,G,G,G,G,G,G,G,G,G,G,G,G,G,G,G,G,G,G,G,G,G,G,G,G,G,G,G,G,m,m,m,m,m,m,m,m,m,m,m,m,m,m,m,m,m,m,m,m
m,m,m,m,m,m,m,m,m,m,m,m,m,m,m,m,m,m,m,m,m,m,m,m,m,G,G,G,G,G,G,G,G,G,G,G,G,G,G,G,G,G,G,G,G,G,G,G,G,G,G,G,G,G,G,G,G,G,G,G,G,G,G,G,G,G,G,G,G,G,G,G,G,G,G,G,G,G,G,G,G,G,G,G,G,G,G,G,G,G,G,G,G,G,G,G,G,G,G,G,G,G,G,G,G,G,G,G,G,G,#,.,.,.,.,.,.,.,.,.,.,.,.,.,.,.,.,.,.,.,.,.,.,#,_,_,_,_,_,_,_,_,_,_,_,#,.,.,.,.,.,.,.,.,.,.,#,_,_,_,_,_,_,_,_,_,_,_,_,_,#,.,.,.,.,.,.,.,.,.,#,_,_,_,_,_,_,_,_,_,_,_,#,.,.,.,.,#,G,G,G,G,G,G,G,G,G,G,G,G,G,G,G,G,G,G,G,G,G,G,G,G,G,G,G,G,G,G,G,G,G,G,G,G,G,G,G,G,G,G,G,G,G,G,G,G,G,G,G,G,G,G,G,G,G,G,G,G,G,G,G,G,G,G,G,G,G,G,G,G,G,G,G,G,G,G,G,G,G,G,m,m,m,m,m,m,m,m,m,m,m,m,m,m,m,m,m,m,m,m
m,m,m,m,m,m,m,m,m,m,m,m,m,m,m,m,m,m,m,m,m,m,m,m,m,G,G,G,G,G,G,G,G,G,G,G,G,G,G,G,G,G,G,G,G,G,G,G,G,G,G,G,G,G,G,G,G,G,G,G,G,G,G,G,G,G,G,G,G,G,G,G,G,G,G,G,G,G,G,G,G,G,G,G,G,G,G,G,G,G,G,G,G,G,G,G,G,G,G,G,G,G,G,G,G,G,G,G,G,G,#,.,.,.,.,.,.,.,.,.,.,.,.,.,.,.,.,.,.,.,.,.,.,#,_,_,_,_,_,_,_,_,_,_,_,#,.,.,.,.,.,.,.,.,.,.,#,_,_,_,_,_,_,_,_,_,_,_,_,_,#,.,.,.,.,.,.,.,.,.,#,_,_,_,_,_,_,_,_,_,_,_,#,.,.,.,.,#,G,G,G,G,@,G,@,G,G,@,@,@,@,@,@,@,G,@,G,@,G,@,G,G,G,G,G,G,G,G,G,G,G,G,G,G,@,G,@,@,@,@,@,@,@,G,@,@,@,G,@,@,@,G,G,G,G,G,G,G,G,G,G,G,G,G,G,G,G,G,G,G,G,G,G,G,G,G,G,G,G,m,m,m,m,m,m,m,m,m,m,m,m,m,m,m,m,m,m,m,m,m
m,m,m,m,m,m,m,m,m,m,m,m,m,m,m,m,m,m,m,m,m,m,m,m,m,m,G,G,G,G,G,G,G,G,G,G,G,G,G,G,G,G,G,G,G,G,G,G,G,G,G,G,G,G,G,G,G,G,G,G,G,G,G,G,G,G,G,G,G,G,G,G,G,G,G,G,G,G,G,G,G,G,G,G,G,G,G,G,G,G,G,G,G,G,G,G,G,G,G,G,G,G,G,G,G,G,G,G,G,G,#,.,.,.,.,.,.,.,.,.,.,.,.,.,.,.,.,.,.,.,.,.,.,#,_,_,_,_,_,_,_,_,_,_,_,#,.,.,.,.,.,.,.,.,.,.,#,_,_,_,_,_,_,_,_,_,_,_,_,_,#,.,.,.,.,.,.,.,.,.,#,_,_,_,_,_,_,_,_,_,_,_,#,.,.,.,.,#,G,G,G,G,@,.,.,.,.,.,.,.,.,.,.,.,.,.,.,.,.,G,G,G,G,G,G,G,G,G,G,G,G,G,G,G,@,.,.,.,.,.,.,.,.,.,.,.,.,.,.,.,.,@,G,G,G,G,G,G,G,G,G,G,G,G,G,G,G,G,G,G,G,G,G,G,G,G,G,G,G,m,m,m,m,m,m,m,m,m,m,m,m,m,m,m,m,m,m,m,m,m
m,m,m,m,m,m,m,m,m,m,m,m,m,m,m,m,m,m,m,m,m,m,m,m,m,m,G,G,G,G,G,G,G,G,G,G,G,G,G,G,G,G,G,G,G,G,G,G,G,G,G,G,G,G,G,G,G,G,G,G,G,G,G,G,G,G,G,G,G,G,G,G,G,G,G,G,G,G,G,G,G,G,G,G,G,G,G,G,G,G,G,G,G,G,G,G,G,G,G,G,G,G,G,G,G,G,G,G,G,G,#,.,.,.,.,.,.,.,.,.,.,.,.,.,.,.,.,.,.,.,.,.,.,#,_,_,_,_,_,_,_,_,_,_,_,#,.,.,.,.,.,.,.,.,.,.,#,_,_,_,_,_,_,_,_,_,_,_,_,_,#,.,.,.,.,.,.,.,.,.,#,_,_,_,_,_,_,_,_,_,_,_,#,.,.,.,.,#,G,G,G,G,@,.,.,.,.,.,.,.,.,.,.,.,.,.,.,.,.,@,G,G,G,G,G,G,G,G,G,G,G,G,G,G,@,.,.,.,.,.,.,.,.,.,.,.,.,.,.,.,.,G,G,G,G,G,G,G,G,G,G,G,G,G,G,G,G,G,G,G,G,G,G,G,G,G,G,G,m,m,m,m,m,m,m,m,m,m,m,m,m,m,m,m,m,m,m,m,m,m
m,m,m,m,m,m,m,m,m,m,m,m,m,m,m,m,m,m,m,m,m,m,m,m,m,m,G,G,G,G,G,G,G,G,G,G,G,G,G,G,G,G,G,G,G,G,G,G,G,G,G,G,G,G,G,G,G,G,G,G,G,G,G,G,G,G,G,G,G,G,G,G,G,G,G,G,G,G,G,G,G,G,G,G,G,G,G,G,G,G,G,G,G,G,G,G,G,G,G,G,G,G,G,G,G,G,G,G,G,G,#,.,.,.,.,.,.,.,.,.,.,.,.,.,.,.,.,.,.,.,.,.,.,#,_,_,_,_,_,_,_,_,_,_,_,#,.,.,.,.,.,.,.,.,.,.,#,_,_,_,_,_,_,_,_,_,_,_,_,_,#,.,.,.,.,.,.,.,.,.,#,_,_,_,_,_,_,_,_,_,_,_,#,.,.,.,.,#,G,G,G,G,@,.,.,.,.,.,.,.,.,.,.,.,.,.,.,.,.,@,G,G,G,G,G,G,G,G,G,G,G,G,G,G,@,.,.,.,.,.,.,.,.,.,.,.,.,.,.,.,.,G,G,G,G,G,G,G,G,G,G,G,G,G,G,G,G,G,G,G,G,G,G,G,G,G,G,G,m,m,m,m,m,m,m,m,m,m,m,m,m,m,m,m,m,m,m,m,m,m
m,m,m,m,m,m,m,m,m,m,m,m,m,m,m,m,m,m,m,m,m,m,m,m,m,m,G,G,G,G,G,G,G,G,G,G,G,G,G,G,G,G,G,G,G,G,G,G,G,G,G,G,G,G,G,G,G,G,G,G,G,G,G,G,G,G,G,G,G,G,G,G,G,G,G,G,G,G,G,G,G,G,G,G,G,G,G,G,G,G,G,G,G,G,G,G,G,G,G,G,G,G,G,G,G,G,G,G,G,G,#,.,.,.,.,.,.,.,.,.,.,.,.,.,.,.,.,.,.,.,.,.,.,#,#,#,#,#,#,.,#,#,#,#,#,#,.,.,.,.,.,.,.,.,.,.,#,#,#,#,#,#,#,.,#,#,#,#,#,#,#,.,.,.,.,.,.,.,.,.,#,#,#,#,#,#,.,#,#,#,#,#,#,.,.,.,.,#,G,G,G,G,@,.,.,.,.,.,.,.,.,.,.,.,.,.,.,.,.,@,G,G,G,G,G,G,G,G,G,G,G,G,G,G,@,.,.,.,.,.,.,.,.,.,.,.,.,.,.,.,.,@,G,G,G,G,G,G,G,G,G,G,G,G,G,G,G,G,G,G,G,G,G,G,G,G,G,G,m,m,m,m,m,m,m,m,m,m,m,m,m,m,m,m,m,m,m,m,m,m
m,m,m,m,m,m,m,m,m,m,m,m,m,m,m,m,m,m,m,m,m,m,m,m,m,m,m,G,G,G,G,G,G,G,G,G,G,G,G,G,G,G,G,G,G,G,G,G,G,G,G,G,G,G,G,G,G,G,G,G,G,G,G,G,G,G,G,G,G,G,G,G,G,G,G,G,G,G,G,G,G,G,G,G,G,G,G,G,G,G,G,G,G,G,G,G,G,G,G,G,G,G,G,G,G,G,G,G,G,G,#,.,.,.,.,.,.,.,.,.,.,.,.,.,.,.,.,.,.,.,.,.,.,.,.,.,.,.,.,.,.,.,.,.,.,.,.,.,.,.,.,.,.,.,.,.,.,.,.,.,.,.,.,.,.,.,.,.,.,.,.,.,.,.,.,.,.,.,.,.,.,.,.,.,.,.,.,.,.,.,.,.,.,.,.,.,.,#,G,G,G,G,G,.,.,.,.,.,.,.,.,.,.,.,.,.,.,.,.,G,G,G,G,G,G,G,G,G,G,G,G,G,G,G,G,.,.,.,.,.,.,.,.,.,.,.,.,.,.,.,.,@,G,G,G,G,G,G,G,G,G,G,G,G,G,G,G,G,G,G,G,G,G,G,G,G,G,m,m,m,m,m,m,m,m,m,m,m,m,m,m,m,m,m,m,m,m,m,m,m
m,m,m,m,m,m,m,m,m,m,m,m,m,m,m,m,m,m,m,m,m,m,m,m,m,m,G,G,G,G,G,G,G,G,G,G,G,G,G,G,G,G,G,G,G,G,G,G,G,G,G,G,G,G,G,G,G,G,G,G,G,G,G,G,G,G,G,G,G,G,G,G,G,G,G,G,G,G,G,G,G,G,G,G,G,G,G,G,G,G,G,G,G,G,G,G,G,G,G,G,G,G,G,G,G,G,G,G,G,G,#,.,.,.,.,.,.,.,.,.,.,.,.,.,.,.,.,.,.,.,.,.,.,.,.,.,.,.,.,.,.,.,.,.,.,.,.,.,.,.,.,.,.,.,.,.,.,.,.,.,.,.,.,.,.,.,.,.,.,.,.,.,.,.,.,.,.,.,.,.,.,.,.,.,.,.,.,.,.,.,.,.,.,.,.,.,.,#,G,G,G,G,@,.,.,.,.,.,.,.,.,.,.,.,.,.,.,.,.,@,G,G,G,G,G,G,G,G,G,G,G,G,G,G,@,.,.,.,.,.,.,.,.,.,.,.,.,.,.,.,.,@,G,G,G,G,G,G,G,G,G,G,G,G,G,G,G,G,G,G,G,G,G,G,G,G,G,m,m,m,m,m,m,m,m,m,m,m,m,m,m,m,m,m,m,m,m,m,m,m
m,m,m,m,m,m,m,m,m,m,m,m,m,m,m,m,m,m,m,m,m,m,m,m,m,m,m,G,G,G,G,G,G,G,G,G,G,G,G,G,G,G,G,G,G,G,G,G,G,G,G,G,G,G,G,G,G,G,G,G,G,G,G,G,G,G,G,G,G,G,G,G,G,G,G,G,G,G,G,G,G,G,G,G,G,G,G,G,G,G,G,G,G,G,G,G,G,G,G,G,G,G,G,G,G,G,G,G,G,G,#,.,.,.,.,.,.,.,.,.,.,.,.,.,.,.,.,.,.,.,.,.,.,.,.,.,.,.,.,.,.,.,.,.,.,.,.,.,.,.,.,.,.,.,.,.,.,.,.,.,.,.,.,.,.,.,.,.,.,.,.,.,.,.,.,.,.,.,.,.,.,.,.,.,.,.,.,.,.,.,.,.,.,.,.,.,.,#,G,G,G,G,@,.,.,.,.,.,.,.,.,.,.,.,.,.,.,.,.,G,G,G,G,G,G,G,G,G,G,G,G,G,G,G,@,.,.,.,.,.,.,.,.,.,.,.,.,.,.,.,.,@,G,G,G,G,G,G,G,G,G,G,G,G,G,G,G,G,G,G,G,G,G,G,G,m,m,m,m,m,m,m,m,m,m,m,m,m,m,m,m,m,m,m,m,m,m,m,m,m
m,m,m,m,m,m,m,m,m,m,m,m,m,m,m,m,m,m,m,m,m,m,m,m,m,m,m,G,G,G,G,G,G,G,G,G,G,G,G,G,G,G,G,G,G,G,G,G,G,G,G,G,G,G,G,G,G,G,G,G,G,G,G,G,G,G,G,G,G,G,G,G,G,G,G,G,G,G,G,G,G,G,G,G,G,G,G,G,G,G,G,G,G,G,G,G,G,G,G,G,G,G,G,G,G,G,G,G,G,G,#,.,.,.,.,.,.,.,.,.,.,.,.,.,.,.,.,.,.,.,.,.,.,.,.,.,.,.,.,.,.,.,.,.,.,.,.,.,.,.,.,.,.,.,.,.,.,.,.,.,.,.,.,.,.,.,.,.,.,.,.,.,.,.,.,.,.,.,.,.,.,.,.,.,.,.,.,.,.,.,.,.,.,.,.,.,.,#,G,G,G,G,G,.,.,.,.,.,.,.,.,.,.,.,.,.,.,.,.,@,G,G,G,G,G,G,G,G,G,G,G,G,G,G,@,.,.,.,.,.,.,.,.,.,.,.,.,.,.,.,.,@,G,G,G,G,G,G,G,G,G,G,G,G,G,G,G,G,G,G,G,G,G,G,G,m,m,m,m,m,m,m,m,m,m,m,m,m,m,m,m,m,m,m,m,m,m,m,m,m
m,m,m,m,m,m,m,m,m,m,m,m,m,m,m,m,m,m,m,m,m,m,m,m,m,m,m,m,G,G,G,G,G,G,G,G,G,G,G,G,G,G,G,G,G,G,G,G,G,G,G,G,G,G,G,G,G,G,G,G,G,G,G,G,G,G,G,G,G,G,G,G,G,G,G,G,G,G,G,G,G,G,G,G,G,G,G,G,G,G,G,G,G,G,G,G,G,G,G,G,G,G,G,G,G,G,G,G,G,G,#,.,.,.,.,.,.,.,.,.,.,.,.,.,.,.,.,.,.,.,.,.,.,.,.,.,.,.,.,.,.,.,.,.,.,.,.,.,.,.,.,.,.,.,.,.,.,.,.,.,.,.,.,.,.,.,.,.,.,.,.,.,.,.,.,.,.,.,.,.,.,.,.,.,.,.,.,.,.,.,.,.,.,.,.,.,.,#,G,G,G,G,@,.,.,.,.,.,.,.,.,.,.,.,.,.,.,.,.,@,G,G,G,G,G,G,G,G,G,G,G,G,G,G,@,.,.,.,.,.,.,.,.,.,.,.,.,.,.,.,.,G,G,G,G,G,G,G,G,G,G,G,G,G,G,G,G,G,G,G,G,G,G,G,G,m,m,m,m,m,m,m,m,m,m,m,m,m,m,m,m,m,m,m,m,m,m,m,m,m
m,m,m,m,m,m,m,m,m,m,m,m,m,m,m,m,m,m,m,m,m,m,m,m,m,m,m,m,G,G,G,G,G,G,G,G,G,G,G,G,G,G,G,G,G,G,G,G,G,G,G,G,G,G,G,G,G,G,G,G,G,G,G,G,G,G,G,G,G,G,G,G,G,G,G,G,G,G,G,G,G,G,G,G,G,G,G,G,G,G,G,G,G,G,G,G,G,G,G,G,G,G,G,G,G,G,G,G,G,G,#,.,.,.,.,.,.,.,.,.,.,.,.,.,.,.,.,.,.,.,.,.,.,.,.,.,.,.,.,.,.,.,.,.,.,.,.,.,.,.,.,.,.,.,.,.,.,.,.,.,.,.,.,.,.,.,.,.,.,.,.,.,.,.,.,.,.,.,.,.,.,.,.,.,.,.,.,.,.,.,.,.,.,.,.,.,.,#,G,G,G,G,@,.,.,.,.,.,.,.,.,.,.,.,.,.,.,.,.,G,G,G,G,G,G,G,G,G,G,G,G,G,G,G,@,.,.,.,.,.,.,.,.,.,.,.,.,.,.,.,.,@,G,G,G,G,G,G,G,G,G,G,G,G,G,G,G,G,G,G,G,G,G,G,m,m,m,m,m,m,m,m,m,m,m,m,m,m,m,m,m,m,m,m,m,m,m,m,m,m
m,m,m,m,m,m,m,m,m,m,m,m,m,m,m,m,m,m,m,m,m,m,m,m,m,m,m,m,m,G,G,G,G,G,G,G,G,G,G,G,G,G,G,G,G,G,G,G,G,G,G,G,G,G,G,G,G,G,G,G,G,G,G,G,G,G,G,G,G,G,G,G,G,G,G,G,G,G,G,G,G,G,G,G,G,G,G,G,G,G,G,G,G,G,G,G,G,G,G,G,G,G,G,G,G,G,G,G,G,G,#,.,#,#,#,#,#,#,#,#,#,#,#,#,#,#,#,#,.,.,.,.,#,#,#,#,#,#,#,#,#,#,#,#,#,#,#,.,.,.,.,.,.,.,.,.,.,.,.,.,.,.,.,.,.,.,.,.,.,.,.,.,.,.,.,.,.,.,.,.,.,.,.,.,.,.,.,.,.,.,.,.,.,.,.,.,.,#,G,G,G,G,@,@,G,G,@,@,@,G,@,@,@,@,G,G,G,G,G,@,G,G,G,G,G,G,G,G,G,G,G,G,G,G,@,.,.,.,.,.,.,.,.,.,.,.,.,.,.,.,.,@,G,G,G,G,G,G,G,G,G,G,G,G,G,G,G,G,G,G,G,G,G,G,m,m,m,m,m,m,m,m,m,m,m,m,m,m,m,m,m,m,m,m,m,m,m,m,m,m
m,m,m,m,m,m,m,m,m,m,m,m,m,m,m,m,m,m,m,m,m,m,m,m,m,m,m,m,G,G,G,G,G,G,G,G,G,G,G,G,G,G,G,G,G,G,G,G,G,G,G,G,G,G,G,G,G,G,G,G,G,G,G,G,G,G,G,G,G,G,G,G,G,G,G,G,G,G,G,G,G,G,G,G,G,G,G,G,G,G,G,G,G,G,G,G,G,G,G,G,G,G,G,G,G,G,G,G,G,G,#,.,#,G,G,G,G,G,G,G,G,G,G,G,G,G,G,G,.,.,.,.,G,G,G,G,G,G,G,G,G,G,G,G,G,G,#,.,.,.,.,.,.,.,.,.,#,#,#,#,#,#,#,#,#,#,#,#,#,#,#,.,.,.,.,.,.,.,.,.,#,#,#,#,#,#,#,#,#,#,#,#,#,.,.,.,.,#,G,G,G,G,G,G,G,G,G,G,G,G,G,G,G,G,G,G,G,G,G,G,G,G,G,G,G,G,G,G,G,G,G,G,G,G,@,.,.,.,.,.,.,.,.,.,.,.,.,.,.,.,.,@,G,G,G,G,G,G,G,G,G,G,G,G,G,G,G,G,G,G,G,G,m,m,m,m,m,m,m,m,m,m,m,m,m,m,m,m,m,m,m,m,m,m,m,m,m,m,m,m
m,m,m,m,m,m,m,m,m,m,m,m,m,m,m,m,m,m,m,m,m,m,m,m,m,m,m,m,m,G,G,G,G,G,G,G,G,G,G,G,G,G,G,G,G,G,G,G,G,G,G,G,G,G,G,G,G,G,G,G,G,G,G,G,G,G,G,G,G,G,G,G,G,G,G,G,G,G,G,G,G,G,G,G,G,G,G,G,G,G,G,G,G,G,G,G,G,G,G,G,G,G,G,G,G,G,G,G,G,G,#,.,#,G,G,G,G,G,G,G,G,G,G,G,G,G,G,G,.,.,.,.,G,G,G,G,G,G,G,G,G,G,G,G,G,G,#,.,.,.,.,.,.,.,.,.,#,_,_,_,_,_,_,_,_,_,_,_,_,_,#,.,.,.,.,.,.,.,.,.,#,_,_,_,_,_,_,_,_,_,_,_,#,.,.,.,.,#,G,G,G,G,G,G,G,G,G,G,G,G,G,G,G,G,G,G,G,G,G,G,G,G,G,G,G,G,G,G,G,G,G,G,G,G,G,.,.,.,.,.,.,.,.,.,.,.,.,.,.,.,.,G,G,G,G,G,G,G,G,G,G,G,G,G,G,G,G,G,G,G,G,G,m,m,m,m,m,m,m,m,m,m,m,m,m,m,m,m,m,m,m,m,m,m,m,m,m,m,m,m
m,m,m,m,m,m,m,m,m,m,m,m,m,m,m,m,m,m,m,m,m,m,m,m,m,m,m,m,m,G,G,G,G,G,G,G,G,G,G,G,G,G,G,G,G,G,G,G,G,G,G,G,G,G,G,G,G,G,G,G,G,G,G,G,G,G,G,G,G,G,G,G,G,G,G,G,G,G,G,G,G,G,G,G,G,G,G,G,G,G,G,G,G,G,G,G,G,G,G,G,G,G,G,G,G,G,G,G,G,G,#,.,#,G,G,k,G,G,G,G,k,G,G,G,G,k,G,G,.,.,.,.,G,G,G,k,G,G,G,G,k,G,G,G,G,k,#,.,.,.,.,.,.,.,.,.,#,_,_,_,_,_,_,_,_,_,_,_,_,_,#,.,.,.,.,.,.,.,.,.,#,_,_,_,_,_,_,_,_,_,_,_,#,.,.,.,.,#,G,G,G,G,G,G,G,G,G,G,G,G,G,G,G,G,G,G,G,G,G,G,G,G,G,G,G,G,G,G,G,G,G,G,G,G,@,.,.,.,.,.,.,.,.,.,.,.,.,.,.,.,.,@,G,G,G,G,G,G,G,G,G,G,G,G,G,G,G,G,G,G,G,m,m,m,m,m,m,m,m,m,m,m,m,m,m,m,m,m,m,m,m,m,m,m,m,m,m,m,m,m
m,m,m,m,m,m,m,m,m,m,m,m,m,m,m,m,m,m,m,m,m,m,m,m,m,m,m,m,m,G,G,G,G,G,G,G,G,G,G,G,G,G,G,G,G,G,G,G,G,G,G,G,G,G,G,G,G,G,G,G,G,G,G,G,G,G,G,G,G,G,G,G,G,G,G,G,G,G,G,G,G,G,G,G,G,G,G,G,G,G,G,G,G,G,G,G,G,G,G,G,G,G,G,G,G,G,G,G,G,G,#,.,#,G,G,G,G,G,G,G,G,G,G,G,G,G,G,G,.,.,.,.,G,G,G,G,G,G,G,G,G,G,G,G,G,G,#,.,.,.,.,.,.,.,.,.,#,_,_,_,_,_,_,_,_,_,_,_,_,_,#,.,.,.,.,.,.,.,.,.,#,_,_,_,_,_,_,_,_,_,_,_,#,.,.,.,.,#,G,G,G,G,G,G,G,G,G,G,G,G,G,G,G,G,G,G,G,G,G,G,G,G,G,G,G,G,G,G,G,G,G,G,G,G,G,@,G,G,@,G,@,G,@,@,G,G,@,@,G,G,G,@,G,G,G,G,G,G,G,G,G,G,G,G,G,G,G,G,G,G,G,m,m,m,m,m,m,m,m,m,m,m,m,m,m,m,m,m,m,m,m,m,m,m,m,m,m,m,m,m
m,m,m,m,m,m,m,m,m,m,m,m,m,m,m,m,m,m,m,m,m,m,m,m,m,m,m,m,m,G,G,G,G,G,G,G,G,G,G,G,G,G,G,G,G,G,G,G,G,G,G,G,G,G,G,G,G,G,G,G,G,G,G,G,G,G,G,G,G,G,G,G,G,G,G,G,G,G,G,G,G,G,G,G,G,G,G,G,G,G,G,G,G,G,G,G,G,G,G,G,G,G,G,G,G,G,G,G,G,G,#,.,#,G,G,G,G,G,G,G,G,G,G,G,G,G,G,G,.,.,.,.,G,G,G,G,G,G,G,G,G,G,G,G,G,G,#,.,.,.,.,.,.,.,.,.,#,_,_,_,_,_,_,_,_,_,_,_,_,_,#,.,.,.,.,.,.,.,.,.,#,_,_,_,_,_,_,_,_,_,_,_,#,.,.,.,.,#,G,G,G,G,G,G,G,G,G,G,G,G,G,G,G,G,G,G,G,G,G,G,G,G,G,G,G,G,G,G,G,G,G,G,G,G,G,G,G,G,G,G,G,G,G,G,G,G,G,G,G,G,G,G,G,G,G,G,G,G,G,G,G,G,G,G,G,G,G,G,G,G,G,m,m,m,m,m,m,m,m,m,m,m,m,m,m,m,m,m,m,m,m,m,m,m,m,m,m,m,m,m
m,m,m,m,m,m,m,m,m,m,m,m,m,m,m,m,m,m,m,m,m,m,m,m,m,m,m,m,m,G,G,G,G,G,G,G,G,G,G,G,G,G,G,G,G,G,G,G,G,G,G,G,G,G,G,G,G,G,G,G,G,G,G,G,G,G,G,G,G,G,G,G,G,G,G,G,G,G,G,G,G,G,G,G,G,G,G,G,G,G,G,G,G,G,G,G,G,G,G,G,G,G,G,G,G,G,G,G,G,G,#,.,#,G,G,G,G,G,G,G,G,G,G,G,G,G,G,G,.,.,.,.,G,G,G,G,G,G,G,G,G,G,G,G,G,G,#,.,.,.,.,.,.,.,.,.,#,_,_,_,_,_,_,_,_,_,_,_,_,_,#,.,.,.,.,.,.,.,.,.,#,_,_,_,_,_,_,_,_,_,_,_,#,.,.,.,.,#,G,G,G,G,G,G,G,G,G,G,G,G,G,G,G,G,G,G,G,G,G,G,G,G,G,G,G,G,G,G,G,G,G,G,G,G,G,G,G,G,G,G,G,G,G,G,G,G,G,G,G,G,G,G,G,G,G,G,G,G,G,G,G,G,G,G,G,G,G,G,G,G,m,m,m,m,m,m,m,m,m,m,m,m,m,m,m,m,m,m,m,m,m,m,m,m,m,m,m,m,m,m
m,m,m,m,m,m,m,m,m,m,m,m,m,m,m,m,m,m,m,m,m,m,m,m,m,m,m,m,m,m,G,G,G,G,G,G,G,G,G,G,G,G,G,G,G,G,G,G,G,G,G,G,G,G,G,G,G,G,G,G,G,G,G,G,G,G,G,G,G,G,G,G,G,G,G,G,G,G,G,G,G,G,G,G,G,G,G,G,G,G,G,G,G,G,G,G,G,G,G,G,G,G,G,G,G,G,G,G,G,G,#,.,#,G,G,k,G,G,G,G,k,G,G,G,G,k,G,G,.,.,.,.,G,G,G,k,G,G,G,G,k,G,G,G,G,k,#,.,.,.,.,.,.,.,.,.,#,_,_,_,_,_,_,_,_,_,_,_,_,_,#,.,.,.,.,.,.,.,.,.,#,_,_,_,_,_,_,_,_,_,_,_,#,.,.,.,.,#,G,G,G,G,G,G,G,G,@,@,G,@,G,G,G,G,@,@,@,@,@,G,G,G,@,@,@,@,@,G,G,G,G,G,G,G,G,G,G,G,G,G,G,G,@,@,G,@,@,@,G,G,@,G,@,@,@,@,@,@,@,G,G,G,G,G,G,G,G,G,G,G,m,m,m,m,m,m,m,m,m,m,m,m,m,m,m,m,m,m,m,m,m,m,m,m,m,m,m,m,m,m
m,m,m,m,m,m,m,m,m,m,m,m,m,m,m,m,m,m,m,m,m,m,m,m,m,m,m,m,m,m,G,G,G,G,G,G,G,G,G,G,G,G,G,G,G,G,G,G,G,G,G,G,G,G,G,G,G,G,G,G,G,G,G,G,G,G,G,G,G,G,G,G,G,G,G,G,G,G,G,G,G,G,G,G,G,G,G,G,G,G,G,G,G,G,G,G,G,G,G,G,G,G,G,G,G,G,G,G,G,G,#,.,#,G,G,G,G,G,G,G,G,G,G,G,G,G,G,G,.,.,.,.,G,G,G,G,G,G,G,G,G,G,G,G,G,G,#,.,.,.,.,.,.,.,.,.,#,_,_,_,_,_,_,_,_,_,_,_,_,_,#,.,.,.,.,.,.,.,.,.,#,_,_,_,_,_,_,_,_,_,_,_,#,.,.,.,.,#,G,G,G,G,G,G,G,G,@,.,.,.,.,.,.,.,.,.,.,.,.,.,.,.,.,.,.,.,.,.,@,G,G,G,G,G,G,G,G,G,G,G,G,G,@,.,.,.,.,.,.,.,.,.,.,.,.,.,.,.,G,G,G,G,G,G,G,G,G,G,m,m,m,m,m,m,m,m,m,m,m,m,m,m,m,m,m,m,m,m,m,m,m,m,m,m,m,m,m,m,m,m
m,m,m,m,m,m,m,m,m,m,m,m,m,m,m,m,m,m,m,m,m,m,m,m,m,m,m,m,m,m,m,G,G,G,G,G,G,G,G,G,G,G,G,G,G,G,G,G,G,G,G,G,G,G,G,G,G,G,G,G,G,G,G,G,G,G,G,G,G,G,G,G,G,G,G,G,G,G,G,G,G,G,G,G,G,G,G,G,G,G,G,G,G,G,G,G,G,G,G,G,G,G,G,G,G,G,G,G,G,G,#,.,#,G,G,G,G,G,G,G,G,G,G,G,G,G,G,G,.,.,.,.,G,G,G,G,G,G,G,G,G,G,G,G,G,G,#,.,.,.,.,.,.,.,.,.,#,_,_,_,_,_,_,_,_,_,_,_,_,_,#,.,.,.,.,.,.,.,.,.,#,_,_,_,_,_,_,_,_,_,_,_,#,.,.,.,.,#,G,G,G,G,G,G,G,G,G,.,.,.,.,.,.,.,.,.,.,.,.,.,.,.,.,.,.,.,.,.,@,G,G,G,G,G,G,G,G,G,G,G,G,G,@,.,.,.,.,.,.,.,.,.,.,.,.,.,.,.,@,G,G,G,G,G,G,G,G,G,m,m,m,m,m,m,m,m,m,m,m,m,m,m,m,m,m,m,m,m,m,m,m,m,m,m,m,m,m,m,m,m
m,m,m,m,m,m,m,m,m,m,m,m,m,m,m,m,m,m,m,m,m,m,m,m,m,m,m,m,m,m,m,G,G,G,G,G,G,G,G,G,G,G,G,G,G,G,G,G,G,G,G,G,G,G,G,G,G,G,G,G,G,G,G,G,G,G,G,G,G,G,G,G,G,G,G,G,G,G,G,G,G,G,G,G,G,G,G,G,G,G,G,G,G,G,G,G,G,G,G,G,G,G,G,G,G,G,G,G,G,G,#,.,#,G,G,G,G,G,G,G,G,G,G,G,G,G,G,G,.,.,.,.,G,G,G,G,G,G,G,G,G,G,G,G,G,G,#,.,.,.,.,.,.,.,.,.,#,_,_,_,_,_,_,_,_,_,_,_,_,_,#,.,.,.,.,.,.,.,.,.,#,_,_,_,_,_,_,_,_,_,_,_,#,.,.,.,.,#,G,G,G,G,G,G,G,G,@,.,.,.,.,.,.,.,.,.,.,.,.,.,.,.,.,.,.,.,.,.,@,G,G,G,G,G,G,G,G,G,G,G,G,G,@,.,.,.,.,.,.,.,.,.,.,.,.,.,.,.,G,G,G,G,G,G,G,G,G,G,m,m,m,m,m,m,m,m,m,m,m,m,m,m,m,m,m,m,m,m,m,m,m,m,m,m,m,m,m,m,m,m
m,m,m,m,m,m,m,m,m,m,m,m,m,m,m,m,m,m,m,m,m,m,m,m,m,m,m,m,m,m,m,m,G,G,G,G,G,G,G,G,G,G,G,G,G,G,G,G,G,G,G,G,G,G,G,G,G,G,G,G,G,G,G,G,G,G,G,G,G,G,G,G,G,G,G,G,G,G,G,G,G,G,G,G,G,G,G,G,G,G,G,G,G,G,G,G,G,G,G,G,G,G,G,G,G,G,G,G,G,G,#,.,#,G,G,k,G,G,G,G,k,G,G,G,G,k,G,G,.,.,.,.,G,G,G,k,G,G,G,G,k,G,G,G,G,k,#,.,.,.,.,.,.,.,.,.,#,#,#,#,#,#,#,.,#,#,#,#,#,#,#,.,.,.,.,.,.,.,.,.,#,#,#,#,#,#,.,#,#,#,#,#,#,.,.,.,.,#,G,G,G,G,G,G,G,G,@,.,.,.,.,.,.,.,.,.,.,.,.,.,.,.,.,.,.,.,.,.,@,G,G,G,G,G,G,G,G,G,G,G,G,G,@,.,.,.,.,.,.,.,.,.,.,.,.,.,.,.,G,G,G,G,G,G,G,G,G,m,m,m,m,m,m,m,m,m,m,m,m,m,m,m,m,m,m,m,m,m,m,m,m,m,m,m,m,m,m,m,m,m
m,m,m,m,m,m,m,m,m,m,m,m,m,m,m,m,m,m,m,m,m,m,m,m,m,m,m,m,m,m,m,m,G,G,G,G,G,G,G,G,G,G,G,G,G,G,G,G,G,G,G,G,G,G,G,G,G,G,G,G,G,G,G,G,G,G,G,G,G,G,G,G,G,G,G,G,G,G,G,G,G,G,G,G,G,G,G,G,G,G,G,G,G,G,G,G,G,G,G,G,G,G,G,G,G,G,G,G,G,G,#,.,#,G,G,G,G,G,G,G,G,G,G,G,G,G,G,G,.,.,.,.,G,G,G,G,G,G,G,G,G,G,G,G,G,G,#,.,.,.,.,.,.,.,.,.,.,.,.,.,.,.,.,.,.,.,.,.,.,.,.,.,.,.,.,.,.,.,.,.,.,.,.,.,.,.,.,.,.,.,.,.,.,.,.,.,.,#,G,G,G,G,G,G,G,G,@,.,.,.,.,.,.,.,.,.,.,.,.,.,.,.,.,.,.,.,.,.,G,G,G,G,G,G,G,G,G,G,G,G,G,G,@,.,.,.,.,.,.,.,.,.,.,.,.,.,.,.,@,G,G,G,G,G,G,G,G,m,m,m,m,m,m,m,m,m,m,m,m,m,m,m,m,m,m,m,m,m,m,m,m,m,m,m,m,m,m,m,m,m
m,m,m,m,m,m,m,m,m,m,m,m,m,m,m,m,m,m,m,m,m,m,m,m,m,m,m,m,m,m,m,m,m,G,G,G,G,G,G,G,G,G,G,G,G,G,G,G,G,G,G,G,G,G,G,G,G,G,G,G,G,G,G,G,G,G,G,G,G,G,G,G,G,G,G,G,G,G,G,G,G,G,G,G,G,G,G,G,G,G,G,G,G,G,G,G,G,G,G,G,G,G,G,G,G,G,G,G,G,G,#,.,#,G,G,G,G,G,G,G,G,G,G,G,G,G,G,G,.,.,.,.,G,G,G,G,G,G,G,G,G,G,G,G,G,G,#,.,.,.,.,.,.,.,.,.,.,.,.,.,.,.,.,.,.,.,.,.,.,.,.,.,.,.,.,.,.,.,.,.,.,.,.,.,.,.,.,.,.,.,.,.,.,.,.,.,.,#,G,G,G,G,G,G,G,G,G,.,.,.,.,.,.,.,.,.,.,.,.,.,.,.,.,.,.,.,.,.,@,G,G,G,G,G,G,G,G,G,G,G,G,G,@,.,.,.,.,.,.,.,.,.,.,.,.,.,.,.,@,G,G,G,G,G,G,m,m,m,m,m,m,m,m,m,m,m,m,m,m,m,m,m,m,m,m,m,m,m,m,m,m,m,m,m,m,m,m,m,m,m
m,m,m,m,m,m,m,m,m,m,m,m,m,m,m,m,m,m,m,m,m,m,m,m,m,m,m,m,m,m,m,m,m,G,G,G,G,G,G,G,G,G,G,G,G,G,G,G,G,G,G,G,G,G,G,G,G,G,G,G,G,G,G,G,G,G,G,G,G,G,G,G,G,G,G,G,G,G,G,G,G,G,G,G,G,G,G,G,G,G,G,G,G,G,G,G,G,G,G,G,G,G,G,G,G,G,G,G,G,G,#,.,#,G,G,G,G,G,G,G,G,G,G,G,G,G,G,G,.,.,.,.,G,G,G,G,G,G,G,G,G,G,G,G,G,G,#,.,.,.,.,.,.,.,.,.,.,.,.,.,.,.,.,.,.,.,.,.,.,.,.,.,.,.,.,.,.,.,.,.,.,.,.,.,.,.,.,.,.,.,.,.,.,.,.,.,.,#,G,G,G,G,G,G,G,G,G,.,.,.,.,.,.,.,.,.,.,.,.,.,.,.,.,.,.,.,.,.,@,G,G,G,G,G,G,G,G,G,G,G,G,G,G,G,@,@,@,@,G,@,G,G,@,@,@,G,@,@,@,G,G,G,G,G,G,m,m,m,m,m,m,m,m,m,m,m,m,m,m,m,m,m,m,m,m,m,m,m,m,m,m,m,m,m,m,m,m,m,m,m
m,m,m,m,m,m,m,m,m,m,m,m,m,m,m,m,m,m,m,m,m,m,m,m,m,m,m,m,m,m,m,m,m,m,G,G,G,G,G,G,G,G,G,G,G,G,G,G,G,G,G,G,G,G,G,G,G,G,G,G,G,G,G,G,G,G,G,G,G,G,G,G,G,G,G,G,G,G,G,G,G,G,G,G,G,G,G,G,G,G,G,G,G,G,G,G,G,G,G,G,G,G,G,G,G,G,G,G,G,G,#,.,#,G,G,k,G,G,G,G,k,G,G,G,G,k,G,G,.,.,.,.,G,G,G,k,G,G,G,G,k,G,G,G,G,k,#,.,.,.,.,.,.,.,.,.,#,#,#,#,#,#,#,#,#,#,#,#,#,#,#,.,.,.,.,.,.,.,.,.,#,#,#,#,#,#,#,#,#,#,#,#,#,.,.,.,.,#,G,G,G,G,G,G,G,G,@,.,.,.,.,.,.,.,.,.,.,.,.,.,.,.,.,.,.,.,.,.,G,G,G,G,G,G,G,G,G,G,G,G,G,G,G,G,G,G,G,G,G,G,G,G,G,G,G,G,G,G,G,G,G,G,G,G,G,m,m,m,m,m,m,m,m,m,m,m,m,m,m,m,m,m,m,m,m,m,m,m,m,m,m,m,m,m,m,m,m,m,m,m
m,m,m,m,m,m,m,m,m,m,m,m,m,m,m,m,m,m,m,m,m,m,m,m,m,m,m,m,m,m,m,m,m,m,G,G,G,G,G,G,G,G,G,G,G,G,G,G,G,G,G,G,G,G,G,G,G,G,G,G,G,G,G,G,G,G,G,G,G,G,G,G,G,G,G,G,G,G,G,G,G,G,G,G,G,G,G,G,G,G,G,G,G,G,G,G,G,G,G,G,G,G,G,G,G,G,G,G,G,G,#,.,#,G,G,G,G,G,G,G,G,G,G,G,G,G,G,G,.,.,.,.,G,G,G,G,G,G,G,G,G,G,G,G,G,G,#,.,.,.,.,.,.,.,.,.,#,_,_,_,_,_,_,_,_,_,_,_,_,_,#,.,.,.,.,.,.,.,.,.,#,_,_,_,_,_,_,_,_,_,_,_,#,.,.,.,.,#,G,G,G,G,G,G,G,G,@,@,@,@,@,@,@,G,@,@,@,G,G,@,@,@,@,@,G,G,G,G,@,G,G,G,G,G,G,G,G,G,G,G,G,G,G,G,G,G,G,G,G,G,G,G,G,G,G,G,G,G,G,G,G,G,G,G,m,m,m,m,m,m,m,m,m,m,m,m,m,m,m,m,m,m,m,m,m,m,m,m,m,m,m,m,m,m,m,m,m,m,m,m
m,m,m,m,m,m,m,m,m,m,m,m,m,m,m,m,m,m,m,m,m,m,m,m,m,m,m,m,m,m,m,m,m,m,m,G,G,G,G,G,G,G,G,G,G,G,G,G,G,G,G,G,G,G,G,G,G,G,G,G,G,G,G,G,G,G,G,G,G,G,G,G,G,G,G,G,G,G,G,G,G,G,G,G,G,G,G,G,G,G,G,G,G,G,G,G,G,G,G,G,G,G,G,G,G,G,G,G,G,G,#,.,#,G,G,G,G,G,G,G,G,G,G,G,G,G,G,G,.,.,.,.,G,G,G,G,G,G,G,G,G,G,G,G,G,G,#,.,.,.,.,.,.,.,.,.,#,_,_,_,_,_,_,_,_,_,_,_,_,_,#,.,.,.,.,.,.,.,.,.,#,_,_,_,_,_,_,_,_,_,_,_,#,.,.,.,.,#,G,G,G,G,G,G,G,G,G,G,G,G,G,G,G,G,G,G,G,G,G,G,G,G,G,G,G,G,G,G,G,G,G,G,G,G,G,G,G,G,G,G,G,G,G,G,G,G,G,G,G,G,G,G,G,G,G,G,G,G,G,G,G,G,G,G,m,m,m,m,m,m,m,m,m,m,m,m,m,m,m,m,m,m,m,m,m,m,m,m,m,m,m,m,m,m,m,m,m,m,m,m
m,m,m,m,m,m,m,m,m,m,m,m,m,m,m,m,m,m,m,m,m,m,m,m,m,m,m,m,m,m,m,m,m,m,m,G,G,G,G,G,G,G,G,G,G,G,G,G,G,G,G,G,G,G,G,G,G,G,G,G,G,G,G,G,G,G,G,G,G,G,G,G,G,G,G,G,G,G,G,G,G,G,G,G,G,G,G,G,G,G,G,G,G,G,G,G,G,G,G,G,G,G,G,G,G,G,G,G,G,G,#,.,#,G,G,G,G,G,G,G,G,G,G,G,G,G,G,G,.,.,.,.,G,G,G,G,G,G,G,G,G,G,G,G,G,G,#,.,.,.,.,.,.,.,.,.,#,_,_,_,_,_,_,_,_,_,_,_,_,_,#,.,.,.,.,.,.,.,.,.,#,_,_,_,_,_,_,_,_,_,_,_,#,.,.,.,.,#,G,G,G,G,G,G,G,G,G,G,G,G,G,G,G,G,G,G,G,G,G,G,G,G,G,G,G,G,G,G,G,G,G,G,G,G,G,G,G,G,G,G,G,G,G,G,G,G,G,G,G,G,G,G,G,G,G,G,G,G,G,G,G,G,G,m,m,m,m,m,m,m,m,m,m,m,m,m,m,m,m,m,m,m,m,m,m,m,m,m,m,m,m,m,m,m,m,m,m,m,m,m
m,m,m,m,m,m,m,m,m,m,m,m,m,m,m,m,m,m,m,m,m,m,m,m,m,m,m,m,m,m,m,m,m,m,m,m,G,G,G,G,G,G,G,G,G,G,G,G,G,G,G,G,G,G,G,G,G,G,G,G,G,G,G,G,G,G,G,G,G,G,G,G,G,G,G,G,G,G,G,G,G,G,G,G,G,G,G,G,G,G,G,G,G,G,G,G,G,G,G,G,G,G,G,G,G,G,G,G,G,G,#,.,#,G,G,k,G,G,G,G,k,G,G,G,G,k,G,G,.,.,.,.,G,G,G,k,G,G,G,G,k,G,G,G,G,k,#,.,.,.,.,.,.,.,.,.,#,_,_,_,_,_,_,_,_,_,_,_,_,_,#,.,.,.,.,.,.,.,.,.,#,_,_,_,_,_,_,_,_,_,_,_,#,.,.,.,.,#,G,G,G,G,G,G,G,G,G,G,G,G,G,G,G,G,G,G,G,G,G,G,G,G,G,G,G,G,G,G,G,G,G,G,G,G,G,G,G,G,G,G,G,G,G,G,G,G,G,G,G,G,G,G,G,G,G,G,G,G,G,G,G,G,G,m,m,m,m,m,m,m,m,m,m,m,m,m,m,m,m,m,m,m,m,m,m,m,m,m,m,m,m,m,m,m,m,m,m,m,m,m
m,m,m,m,m,m,m,m,m,m,m,m,m,m,m,m,m,m,m,m,m,m,m,m,m,m,m,m,m,m,m,m,m,m,m,m,m,G,G,G,G,G,G,G,G,G,G,G,G,G,G,G,G,G,G,G,G,G,G,G,G,G,G,G,G,G,G,G,G,G,G,G,G,G,G,G,G,G,G,G,G,G,G,G,G,G,G,G,G,G,G,G,G,G,G,G,G,G,G,G,G,G,G,G,G,G,G,G,G,G,#,.,#,G,G,G,G,G,G,G,G,G,G,G,G,G,G,G,.,.,.,.,G,G,G,G,G,G,G,G,G,G,G,G,G,G,#,.,.,.,.,.,.,.,.,.,#,_,_,_,_,_,_,_,_,_,_,_,_,_,#,.,.,.,.,.,.,.,.,.,#,_,_,_,_,_,_,_,_,_,_,_,#,.,.,.,.,#,G,G,G,G,G,G,G,G,G,G,G,G,G,G,G,G,G,G,G,G,G,G,G,G,G,G,G,G,G,G,G,G,G,G,G,G,G,G,G,G,G,G,G,G,G,G,G,G,G,G,G,G,G,G,G,G,G,G,G,G,G,G,G,G,m,m,m,m,m,m,m,m,m,m,m,m,m,m,m,m,m,m,m,m,m,m,m,m,m,m,m,m,m,m,m,m,m,m,m,m,m,m
m,m,m,m,m,m,m,m,m,m,m,m,m,m,m,m,m,m,m,m,m,m,m,m,m,m,m,m,m,m,m,m,m,m,m,m,m,m,G,G,G,G,G,G,G,G,G,G,G,G,G,G,G,G,G,G,G,G,G,G,G,G,G,G,G,G,G,G,G,G,G,G,G,G,G,G,G,G,G,G,G,G,G,G,G,G,G,G,G,G,G,G,G,G,G,G,G,G,G,G,G,G,G,G,G,G,G,G,G,G,#,.,#,G,G,G,G,G,G,G,G,G,G,G,G,G,G,G,.,.,.,.,G,G,G,G,G,G,G,G,G,G,G,G,G,G,#,.,.,.,.,.,.,.,.,.,#,_,_,_,_,_,_,_,_,_,_,_,_,_,#,.,.,.,.,.,.,.,.,.,#,_,_,_,_,_,_,_,_,_,_,_,#,.,.,.,.,#,G,G,G,G,G,G,G,G,G,G,G,G,G,G,G,G,G,G,G,G,G,G,G,G,G,G,G,G,G,G,G,G,G,G,G,G,G,G,G,G,G,G,G,G,G,G,G,G,G,G,G,G,G,G,G,G,G,G,G,G,G,G,G,G,m,m,m,m,m,m,m,m,m,m,m,m,m,m,m,m,m,m,m,m,m,m,m,m,m,m,m,m,m,m,m,m,m,m,m,m,m,m
m,m,m,m,m,m,m,m,m,m,m,m,m,m,m,m,m,m,m,m,m,m,m,m,m,m,m,m,m,m,m,m,m,m,m,m,m,m,G,G,G,G,G,G,G,G,G,G,G,G,G,G,G,G,G,G,G,G,G,G,G,G,G,G,G,G,G,G,G,G,G,G,G,G,G,G,G,G,G,G,G,G,G,G,G,G,G,G,G,G,G,G,G,G,G,G,G,G,G,G,G,G,G,G,G,G,G,G,G,G,#,.,#,G,G,G,G,G,G,G,G,G,G,G,G,G,G,G,.,.,.,.,G,G,G,G,G,G,G,G,G,G,G,G,G,G,#,.,.,.,.,.,.,.,.,.,#,_,_,_,_,_,_,_,_,_,_,_,_,_,#,.,.,.,.,.,.,.,.,.,#,_,_,_,_,_,_,_,_,_,_,_,#,.,.,.,.,#,G,G,G,G,@,@,@,@,@,@,@,@,@,G,G,@,G,@,G,G,@,@,@,@,@,@,@,G,G,G,G,G,G,G,G,G,G,G,G,G,G,G,@,@,G,@,G,@,G,G,@,@,@,@,@,@,G,G,G,G,G,G,G,G,m,m,m,m,m,m,m,m,m,m,m,m,m,m,m,m,m,m,m,m,m,m,m,m,m,m,m,m,m,m,m,m,m,m,m,m,m,m
m,m,m,m,m,m,m,m,m,m,m,m,m,m,m,m,m,m,m,m,m,m,m,m,m,m,m,m,m,m,m,m,m,m,m,m,m,m,m,G,G,G,G,G,G,G,G,G,G,G,G,G,G,G,G,G,G,G,G,G,G,G,G,G,G,G,G,G,G,G,G,G,G,G,G,G,G,G,G,G,G,G,G,G,G,G,G,G,G,G,G,G,G,G,G,G,G,G,G,G,G,G,G,G,G,G,G,G,G,G,#,.,#,G,G,k,G,G,G,G,k,G,G,G,G,k,G,G,.,.,.,.,G,G,G,k,G,G,G,G,k,G,G,G,G,k,#,.,.,.,.,.,.,.,.,.,#,_,_,_,_,_,_,_,_,_,_,_,_,_,#,.,.,.,.,.,.,.,.,.,#,_,_,_,_,_,_,_,_,_,_,_,#,.,.,.,.,#,G,G,G,G,@,.,.,.,.,.,.,.,.,.,.,.,.,.,.,.,.,.,.,.,.,.,@,G,G,G,G,G,G,G,G,G,G,G,G,G,G,.,.,.,.,.,.,.,.,.,.,.,.,.,.,.,@,G,G,G,G,G,G,m,m,m,m,m,m,m,m,m,m,m,m,m,m,m,m,m,m,m,m,m,m,m,m,m,m,m,m,m,m,m,m,m,m,m,m,m,m,m
m,m,m,m,m,m,m,m,m,m,m,m,m,m,m,m,m,m,m,m,m,m,m,m,m,m,m,m,m,m,m,m,m,m,m,m,m,m,m,m,G,G,G,G,G,G,G,G,G,G,G,G,G,G,G,G,G,G,G,G,G,G,G,G,G,G,G,G,G,G,G,G,G,G,G,G,G,G,G,G,G,G,G,G,G,G,G,G,G,G,G,G,G,G,G,G,G,G,G,G,G,G,G,G,G,G,G,G,G,G,#,.,#,G,G,G,G,G,G,G,G,G,G,G,G,G,G,G,.,.,.,.,G,G,G,G,G,G,G,G,G,G,G,G,G,G,#,.,.,.,.,.,.,.,.,.,#,_,_,_,_,_,_,_,_,_,_,_,_,_,#,.,.,.,.,.,.,.,.,.,#,_,_,_,_,_,_,_,_,_,_,_,#,.,.,.,.,#,G,G,G,G,G,.,.,.,.,.,.,.,.,.,.,.,.,.,.,.,.,.,.,.,.,.,@,G,G,G,G,G,G,G,G,G,G,G,G,G,@,.,.,.,.,.,.,.,.,.,.,.,.,.,.,.,G,G,G,G,G,G,G,m,m,m,m,m,m,m,m,m,m,m,m,m,m,m,m,m,m,m,m,m,m,m,m,m,m,m,m,m,m,m,m,m,m,m,m,m,m,m
m,m,m,m,m,m,m,m,m,m,m,m,m,m,m,m,m,m,m,m,m,m,m,m,m,m,m,m,m,m,m,m,m,m,m,m,m,m,m,m,m,G,G,G,G,G,G,G,G,G,G,G,G,G,G,G,G,G,G,G,G,G,G,G,G,G,G,G,G,G,G,G,G,G,G,G,G,G,G,G,G,G,G,G,G,G,G,G,G,G,G,G,G,G,G,G,G,G,G,G,G,G,G,G,G,G,G,G,G,G,#,.,#,G,G,G,G,G,G,G,G,G,G,G,G,G,G,G,.,.,.,.,G,G,G,G,G,G,G,G,G,G,G,G,G,G,#,.,.,.,.,.,.,.,.,.,#,#,#,#,#,#,#,.,#,#,#,#,#,#,#,.,.,.,.,.,.,.,.,.,#,#,#,#,#,#,.,#,#,#,#,#,#,.,.,.,.,#,G,G,G,G,G,.,.,.,.,.,.,.,.,.,.,.,.,.,.,.,.,.,.,.,.,.,G,G,G,G,G,G,G,G,G,G,G,G,G,G,G,.,.,.,.,.,.,.,.,.,.,.,.,.,.,.,@,G,G,G,G,G,m,m,m,m,m,m,m,m,m,m,m,m,m,m,m,m,m,m,m,m,m,m,m,m,m,m,m,m,m,m,m,m,m,m,m,m,m,m,m,m
m,m,m,m,m,m,m,m,m,m,m,m,m,m,m,m,m,m,m,m,m,m,m,m,m,m,m,m,m,m,m,m,m,m,m,m,m,m,m,m,m,G,G,G,G,G,G,G,G,G,G,G,G,G,G,G,G,G,G,G,G,G,G,G,G,G,G,G,G,G,G,G,G,G,G,G,G,G,G,G,G,G,G,G,G,G,G,G,G,G,G,G,G,G,G,G,G,G,G,G,G,G,G,G,G,G,G,G,G,G,#,.,#,G,G,G,G,G,G,G,G,G,G,G,G,G,G,G,.,.,.,.,G,G,G,G,G,G,G,G,G,G,G,G,G,G,#,.,.,.,.,.,.,.,.,.,.,.,.,.,.,.,.,.,.,.,.,.,.,.,.,.,.,.,.,.,.,.,.,.,.,.,.,.,.,.,.,.,.,.,.,.,.,.,.,.,.,#,G,G,G,G,G,.,.,.,.,.,.,.,.,.,.,.,.,.,.,.,.,.,.,.,.,.,G,G,G,G,G,G,G,G,G,G,G,G,G,G,G,.,.,.,.,.,.,.,.,.,.,.,.,.,.,.,@,G,G,G,G,G,m,m,m,m,m,m,m,m,m,m,m,m,m,m,m,m,m,m,m,m,m,m,m,m,m,m,m,m,m,m,m,m,m,m,m,m,m,m,m,m
m,m,m,m,m,m,m,m,m,m,m,m,m,m,m,m,m,m,m,m,m,m,m,m,m,m,m,m,m,m,m,m,m,m,m,m,m,m,m,m,m,m,G,G,G,G,G,G,G,G,G,G,G,G,G,G,G,G,G,G,G,G,G,G,G,G,G,G,G,G,G,G,G,G,G,G,G,G,G,G,G,G,G,G,G,G,G,G,G,G,G,G,G,G,G,G,G,G,G,G,G,G,G,G,G,G,G,G,G,G,#,.,#,G,G,k,G,G,G,G,k,G,G,G,G,k,G,G,.,.,.,.,G,G,G,k,G,G,G,G,k,G,G,G,G,k,#,.,.,.,.,.,.,.,.,.,.,.,.,.,.,.,.,.,.,.,.,.,.,.,.,.,.,.,.,.,.,.,.,.,.,.,.,.,.,.,.,.,.,.,.,.,.,.,.,.,.,#,G,G,G,G,@,.,.,.,.,.,.,.,.,.,.,.,.,.,.,.,.,.,.,.,.,.,G,G,G,G,G,G,G,G,G,G,G,G,G,G,@,.,.,.,.,.,.,.,.,.,.,.,.,.,.,.,@,G,G,G,G,G,m,m,m,m,m,m,m,m,m,m,m,m,m,m,m,m,m,m,m,m,m,m,m,m,m,m,m,m,m,m,m,m,m,m,m,m,m,m,m,m
m,m,m,m,m,m,m,m,m,m,m,m,m,m,m,m,m,m,m,m,m,m,m,m,m,m,m,m,m,m,m,m,m,m,m,m,m,m,m,m,m,m,G,G,G,G,G,G,G,G,G,G,G,G,G,G,G,G,G,G,G,G,G,G,G,G,G,G,G,G,G,G,G,G,G,G,G,G,G,G,G,G,G,G,G,G,G,G,G,G,G,G,G,G,G,G,G,G,G,G,G,G,G,G,G,G,G,G,G,G,#,.,#,G,G,G,G,G,G,G,G,G,G,G,G,G,G,G,.,.,P,.,G,G,G,G,G,G,G,G,G,G,G,G,G,G,#,.,.,.,.,.,.,.,.,.,.,.,.,.,.,.,.,.,.,.,.,.,.,.,.,.,.,.,.,.,.,.,.,.,.,.,.,.,.,.,.,.,.,.,.,.,.,.,.,.,.,#,G,G,G,G,G,.,.,.,.,.,.,.,.,.,.,.,.,.,.,.,.,.,.,.,.,.,@,G,G,G,G,G,G,G,G,G,G,G,G,G,G,.,.,.,.,.,.,.,.,.,.,.,.,.,.,.,@,G,G,G,G,m,m,m,m,m,m,m,m,m,m,m,m,m,m,m,m,m,m,m,m,m,m,m,m,m,m,m,m,m,m,m,m,m,m,m,m,m,m,m,m,m
m,m,m,m,m,m,m,m,m,m,m,m,m,m,m,m,m,m,m,m,m,m,m,m,m,m,m,m,m,m,m,m,m,m,m,m,m,m,m,m,m,m,m,G,G,G,G,G,G,G,G,G,G,G,G,G,G,G,G,G,G,G,G,G,G,G,G,G,G,G,G,G,G,G,G,G,G,G,G,G,G,G,G,G,G,G,G,G,G,G,G,G,G,G,G,G,G,G,G,G,G,G,G,G,G,G,G,G,G,G,#,.,#,G,G,G,G,G,G,G,G,G,G,G,G,G,G,G,.,.,.,.,G,G,G,G,G,G,G,G,G,G,G,G,G,G,#,.,.,.,.,.,.,.,.,.,.,.,.,.,.,.,.,.,.,.,.,.,.,.,.,.,.,.,.,.,.,.,.,.,.,.,.,.,.,.,.,.,.,.,.,.,.,.,.,.,.,#,G,G,G,G,@,.,.,.,.,.,.,.,.,.,.,.,.,.,.,.,.,.,.,.,.,.,@,G,G,G,G,G,G,G,G,G,G,G,G,G,@,.,.,.,.,.,.,.,.,.,.,.,.,.,.,.,@,G,G,G,G,m,m,m,m,m,m,m,m,m,m,m,m,m,m,m,m,m,m,m,m,m,m,m,m,m,m,m,m,m,m,m,m,m,m,m,m,m,m,m,m,m
m,m,m,m,m,m,m,m,m,m,m,m,m,m,m,m,m,m,m,m,m,m,m,m,m,m,m,m,m,m,m,m,m,m,m,m,m,m,m,m,m,m,m,m,G,G,G,G,G,G,G,G,G,G,G,G,G,G,G,G,G,G,G,G,G,G,G,G,G,G,G,G,G,G,G,G,G,G,G,G,G,G,G,G,G,G,G,G,G,G,G,G,G,G,G,G,G,G,G,G,G,G,G,G,G,G,G,G,G,G,#,.,#,G,G,G,G,G,G,G,G,G,G,G,G,G,G,G,.,.,.,.,G,G,G,G,G,G,G,G,G,G,G,G,G,G,#,.,.,.,.,.,.,.,.,.,.,.,.,.,.,.,.,.,.,.,.,.,.,.,.,.,.,.,.,.,.,.,.,.,.,.,.,.,.,.,.,.,.,.,.,.,.,.,.,.,.,#,G,G,G,G,@,G,G,@,G,@,@,@,@,@,G,@,@,G,@,@,@,@,@,@,@,@,G,G,G,G,G,G,G,G,G,G,G,G,G,G,@,.,.,.,.,.,.,.,.,.,.,.,.,.,.,.,@,G,G,G,m,m,m,m,m,m,m,m,m,m,m,m,m,m,m,m,m,m,m,m,m,m,m,m,m,m,m,m,m,m,m,m,m,m,m,m,m,m,m,m,m,m
m,m,m,m,m,m,m,m,m,m,m,m,m,m,m,m,m,m,m,m,m,m,m,m,m,m,m,m,m,m,m,m,m,m,m,m,m,m,m,m,m,m,m,m,m,G,G,G,G,G,G,G,G,G,G,G,G,G,G,G,G,G,G,G,G,G,G,G,G,G,G,G,G,G,G,G,G,G,G,G,G,G,G,G,G,G,G,G,G,G,G,G,G,G,G,G,G,G,G,G,G,G,G,G,G,G,G,G,G,G,#,.,#,G,G,G,G,G,G,G,G,G,G,G,G,G,G,G,.,.,.,.,G,G,G,G,G,G,G,G,G,G,G,G,G,G,#,.,.,.,.,.,.,.,.,.,.,.,.,.,.,.,.,.,.,.,.,.,.,.,.,.,.,.,.,.,.,.,.,.,.,.,.,.,.,.,.,.,.,.,.,.,.,.,.,.,.,#,G,G,G,G,G,G,G,G,G,G,G,G,G,G,G,G,G,G,G,G,G,G,G,G,G,G,G,G,G,G,G,G,G,G,G,G,G,G,G,G,G,.,.,.,.,.,.,.,.,.,.,.,.,.,.,.,@,G,G,G,G,m,m,m,m,m,m,m,m,m,m,m,m,m,m,m,m,m,m,m,m,m,m,m,m,m,m,m,m,m,m,m,m,m,m,m,m,m,m,m,m,m
m,m,m,m,m,m,m,m,m,m,m,m,m,m,m,m,m,m,m,m,m,m,m,m,m,m,m,m,m,m,m,m,m,m,m,m,m,m,m,m,m,m,m,m,m,G,G,G,G,G,G,G,G,G,G,G,G,G,G,G,G,G,G,G,G,G,G,G,G,G,G,G,G,G,G,G,G,G,G,G,G,G,G,G,G,G,G,G,G,G,G,G,G,G,G,G,G,G,G,G,G,G,G,G,G,G,G,G,G,G,#,.,#,#,#,#,#,#,#,#,#,#,#,#,#,#,#,#,#,#,#,#,#,#,#,#,#,#,#,#,#,#,#,#,#,#,#,.,.,.,.,.,.,.,.,.,.,.,.,.,.,.,.,.,.,.,.,.,.,.,.,.,.,.,.,.,.,.,.,.,.,.,.,.,.,.,.,.,.,.,.,.,.,.,.,.,.,#,G,G,G,G,G,G,G,G,G,G,G,G,G,G,G,G,G,G,G,G,G,G,G,G,G,G,G,G,G,G,G,G,G,G,G,G,G,G,G,G,@,@,@,@,@,@,G,G,@,@,@,G,@,@,@,@,G,G,G,G,G,m,m,m,m,m,m,m,m,m,m,m,m,m,m,m,m,m,m,m,m,m,m,m,m,m,m,m,m,m,m,m,m,m,m,m,m,m,m,m,m,m
m,m,m,m,m,m,m,m,m,m,m,m,m,m,m,m,m,m,m,m,m,m,m,m,m,m,m,m,m,m,m,m,m,m,m,m,m,m,m,m,m,m,m,m,m,m,G,G,G,G,G,G,G,G,G,G,G,G,G,G,G,G,G,G,G,G,G,G,G,G,G,G,G,G,G,G,G,G,G,G,G,G,G,G,G,G,G,G,G,G,G,G,G,G,G,G,G,G,G,G,G,G,G,G,G,G,G,G,G,G,#,.,.,.,.,.,.,.,.,.,.,.,.,.,.,.,.,.,.,.,.,.,.,.,.,.,.,.,.,.,.,.,.,.,.,.,.,.,.,.,.,.,.,.,.,.,.,.,.,.,.,.,.,.,.,.,.,.,.,.,.,.,.,.,.,.,.,.,.,.,.,.,.,.,.,.,.,.,.,.,.,.,.,.,.,.,.,#,G,G,G,G,G,G,G,G,G,G,G,G,G,G,G,G,G,G,G,G,G,G,G,G,G,G,G,G,G,G,G,G,G,G,G,G,G,G,G,G,G,G,G,G,G,G,G,G,G,G,G,G,G,G,G,G,G,G,G,G,m,m,m,m,m,m,m,m,m,m,m,m,m,m,m,m,m,m,m,m,m,m,m,m,m,m,m,m,m,m,m,m,m,m,m,m,m,m,m,m,m,m
m,m,m,m,m,m,m,m,m,m,m,m,m,m,m,m,m,m,m,m,m,m,m,m,m,m,m,m,m,m,m,m,m,m,m,m,m,m,m,m,m,m,m,m,m,m,m,G,G,G,G,G,G,G,G,G,G,G,G,G,G,G,G,G,G,G,G,G,G,G,G,G,G,G,G,G,G,G,G,G,G,G,G,G,G,G,G,G,G,G,G,G,G,G,G,G,G,G,G,G,G,G,G,G,G,G,G,G,G,G,#,#,#,#,#,#,#,#,#,#,#,#,#,#,#,#,#,#,#,#,#,#,#,#,#,#,#,#,#,#,#,#,#,#,#,#,#,#,.,.,.,.,.,.,.,#,#,#,#,#,#,#,#,#,#,#,#,#,#,#,#,#,#,#,#,#,#,#,#,#,#,#,#,#,#,#,#,#,#,#,#,#,#,#,#,#,#,#,G,G,G,G,G,G,G,G,G,G,G,G,G,G,G,G,G,G,G,G,G,G,G,G,G,G,G,G,G,G,G,G,G,G,G,G,G,G,G,G,G,G,G,G,G,G,G,G,G,G,G,G,G,G,G,G,G,G,G,G,m,m,m,m,m,m,m,m,m,m,m,m,m,m,m,m,m,m,m,m,m,m,m,m,m,m,m,m,m,m,m,m,m,m,m,m,m,m,m,m,m,m
m,m,m,m,m,m,m,m,m,m,m,m,m,m,m,m,m,m,m,m,m,m,m,m,m,m,m,m,m,m,m,m,m,m,m,m,m,m,m,m,m,m,m,m,m,m,m,m,G,G,G,G,G,G,G,G,G,G,G,G,G,G,G,G,G,G,G,G,G,G,G,G,G,G,G,G,G,G,G,G,G,G,G,G,G,G,G,G,G,G,G,G,G,G,G,G,G,G,G,G,G,G,G,G,G,G,G,G,G,G,G,G,G,G,G,G,G,G,G,G,G,G,G,G,G,G,G,G,G,G,G,G,G,G,G,G,G,G,G,G,G,G,G,G,G,G,G,G,G,G,G,G,G,G,G,G,G,G,G,G,G,G,G,G,G,G,G,G,G,G,G,G,G,G,G,G,G,G,G,G,G,G,G,G,G,G,G,G,G,G,G,G,G,G,G,G,G,G,G,G,G,G,G,G,G,G,G,G,G,G,G,G,G,G,G,G,G,G,G,G,G,G,G,G,G,G,G,G,G,G,G,G,G,G,G,G,G,G,G,G,G,G,G,G,G,G,G,G,G,G,G,G,G,G,G,G,G,m,m,m,m,m,m,m,m,m,m,m,m,m,m,m,m,m,m,m,m,m,m,m,m,m,m,m,m,m,m,m,m,m,m,m,m,m,m,m,m,m,m,m
m,m,m,m,m,m,m,m,m,m,m,m,m,m,m,m,m,m,m,m,m,m,m,m,m,m,m,m,m,m,m,m,m,m,m,m,m,m,m,m,m,m,m,m,m,m,m,m,G,G,G,G,G,G,G,G,G,G,G,G,G,G,G,G,G,G,G,G,G,G,G,G,G,G,G,G,G,G,G,G,G,G,G,G,G,G,G,G,G,G,G,G,G,G,G,G,G,G,G,G,G,G,G,G,G,G,G,G,G,G,G,G,G,G,G,G,G,G,G,G,G,G,G,G,G,G,G,G,G,G,G,G,G,G,G,G,G,G,G,G,G,G,G,G,G,G,G,G,G,G,G,G,G,G,G,G,G,G,G,G,G,G,G,G,G,G,G,G,G,G,G,G,G,G,G,G,G,G,G,G,G,G,G,G,G,G,G,G,G,G,G,G,G,G,G,G,G,G,G,G,G,G,G,G,G,G,G,G,G,G,G,G,G,G,G,G,G,G,G,G,G,G,G,G,G,G,G,G,G,G,G,G,G,G,G,G,G,G,G,G,G,G,G,G,G,G,G,G,G,G,G,G,G,G,G,G,G,G,m,m,m,m,m,m,m,m,m,m,m,m,m,m,m,m,m,m,m,m,m,m,m,m,m,m,m,m,m,m,m,m,m,m,m,m,m,m,m,m,m,m
m,m,m,m,m,m,m,m,m,m,m,m,m,m,m,m,m,m,m,m,m,m,m,m,m,m,m,m,m,m,m,m,m,m,m,m,m,m,m,m,m,m,m,m,m,m,m,m,m,G,G,t,G,G,G,G,G,G,t,G,t,G,G,G,G,G,G,t,G,G,G,G,G,G,b,G,G,b,t,G,G,G,G,G,b,b,t,G,t,G,G,G,G,G,b,G,b,G,G,G,b,G,t,G,G,G,b,G,b,G,G,G,G,G,G,G,b,G,G,G,t,G,t,G,G,G,t,G,G,G,t,G,t,G,G,G,G,G,b,G,t,G,G,G,G,G,G,G,t,G,G,G,G,G,G,G,t,t,G,G,G,G,G,G,G,G,G,G,t,G,b,b,t,t,G,G,G,G,G,G,t,t,G,G,G,G,G,G,G,t,G,b,t,G,b,t,G,G,t,G,t,G,t,G,G,G,@,@,G,@,@,@,@,G,@,@,@,t,G,@,t,@,@,G,G,G,G,G,G,t,b,G,G,G,G,t,@,G,@,G,@,@,@,G,@,@,b,@,@,G,t,@,G,G,G,G,G,m,m,m,m,m,m,m,m,m,m,m,m,m,m,m,m,m,m,m,m,m,m,m,m,m,m,m,m,m,m,m,m,m,m,m,m,m,m,m,m,m,m,m
m,m,m,m,m,m,m,m,m,m,m,m,m,m,m,m,m,m,m,m,m,m,m,m,m,m,m,m,m,m,m,m,m,m,m,m,m,m,m,m,m,m,m,m,m,m,m,m,m,G,G,G,G,G,b,t,t,G,G,G,G,G,G,G,G,b,G,t,G,t,G,G,t,t,t,G,G,G,t,t,t,G,t,t,G,G,G,G,G,G,G,t,t,G,t,G,G,b,G,G,G,t,t,t,G,G,t,G,t,t,t,G,G,G,G,t,G,b,G,b,G,t,G,G,G,G,G,G,G,t,G,G,G,G,G,G,b,t,t,G,t,G,G,b,t,G,t,b,G,G,G,G,G,G,G,G,t,b,G,G,G,G,t,G,G,G,G,G,G,t,G,t,G,G,G,G,t,G,t,G,G,t,G,G,G,t,G,G,G,G,t,G,G,b,G,G,b,G,G,t,G,G,G,b,t,G,@,.,.,.,.,.,.,.,.,.,.,.,.,.,.,.,@,G,G,G,t,t,t,G,t,G,G,G,t,G,@,.,.,.,.,.,.,.,.,.,.,.,.,.,.,.,@,G,G,G,G,m,m,m,m,m,m,m,m,m,m,m,m,m,m,m,m,m,m,m,m,m,m,m,m,m,m,m,m,m,m,m,m,m,m,m,m,m,m,m,m,m,m,m
m,m,m,m,m,m,m,m,m,m,m,m,m,m,m,m,m,m,m,m,m,m,m,m,m,m,m,m,m,m,m,m,m,m,m,m,m,m,m,m,m,m,m,m,m,m,m,m,m,m,b,t,b,G,t,b,G,G,t,t,t,t,G,t,G,G,G,G,G,t,G,b,G,G,G,G,b,G,G,G,G,G,t,t,G,t,t,G,G,t,G,t,G,G,G,G,G,t,G,G,G,t,G,t,G,G,G,G,G,G,G,t,b,G,t,G,b,G,t,G,G,G,G,G,G,G,G,G,t,t,G,t,b,G,b,G,G,G,b,b,G,G,G,b,t,G,G,G,G,G,G,G,G,G,G,G,t,G,t,G,G,b,G,b,t,G,t,G,G,G,b,b,G,t,G,t,b,G,G,G,G,G,t,G,G,G,G,G,t,t,G,G,b,G,G,G,G,G,G,G,b,G,G,G,G,G,@,.,.,.,.,.,.,.,.,.,.,.,.,.,.,.,@,t,t,b,t,G,G,G,G,G,t,G,G,G,@,.,.,.,.,.,.,.,.,.,.,.,.,.,.,.,@,G,b,G,G,m,m,m,m,m,m,m,m,m,m,m,m,m,m,m,m,m,m,m,m,m,m,m,m,m,m,m,m,m,m,m,m,m,m,m,m,m,m,m,m,m,m,m
m,m,m,m,m,m,m,m,m,m,m,m,m,m,m,m,m,m,m,m,m,m,m,m,m,m,m,m,m,m,m,m,m,m,m,m,m,m,m,m,m,m,m,m,m,m,m,m,m,m,G,G,G,G,G,G,G,G,G,G,t,G,t,G,G,t,G,t,b,t,G,G,G,t,G,t,t,t,G,G,G,G,G,G,G,G,G,G,G,t,G,G,G,t,G,G,b,b,b,G,G,G,G,G,G,G,G,t,G,b,G,G,G,G,G,t,t,G,G,t,b,t,G,t,t,G,t,G,t,b,G,t,G,G,t,t,G,G,t,G,t,G,G,G,G,G,t,G,G,G,G,G,G,G,G,t,G,G,t,G,b,t,b,t,G,G,G,G,t,G,t,G,t,G,G,b,t,G,t,t,t,G,G,b,G,t,t,G,G,G,G,G,G,t,G,t,b,b,G,t,b,G,t,G,G,G,@,.,.,.,.,.,.,.,.,.,.,.,.,.,.,.,@,G,G,G,G,G,t,b,t,G,b,t,b,G,@,.,.,.,.,.,.,.,.,.,.,.,.,.,.,.,t,G,t,G,m,m,m,m,m,m,m,m,m,m,m,m,m,m,m,m,m,m,m,m,m,m,m,m,m,m,m,m,m,m,m,m,m,m,m,m,m,m,m,m,m,m,m,m
m,m,m,m,m,m,m,m,m,m,m,m,m,m,m,m,m,m,m,m,m,m,m,m,m,m,m,m,m,m,m,m,m,m,m,m,m,m,m,m,m,m,m,m,m,m,m,m,m,m,m,G,G,G,G,b,G,G,t,G,G,G,b,G,t,G,t,G,t,G,G,b,G,G,t,G,G,G,G,G,G,t,G,b,G,G,t,G,G,b,G,b,G,b,G,G,G,b,G,G,G,b,G,G,G,G,G,G,G,G,b,G,G,G,G,b,G,G,G,t,G,G,t,G,G,G,t,t,G,G,t,G,t,G,G,G,G,G,G,b,b,G,G,t,G,b,b,b,G,G,G,G,G,G,G,t,G,G,G,t,G,G,G,t,G,t,t,G,G,G,G,G,G,G,G,G,G,t,G,G,G,t,G,t,G,b,G,G,G,G,G,G,G,G,b,G,G,t,G,b,t,G,G,t,G,G,@,.,.,.,.,.,.,.,.,.,.,.,.,.,.,.,@,G,G,G,G,G,t,G,t,t,t,G,G,G,@,.,.,.,.,.,.,.,.,.,.,.,.,.,.,.,G,t,t,G,m,m,m,m,m,m,m,m,m,m,m,m,m,m,m,m,m,m,m,m,m,m,m,m,m,m,m,m,m,m,m,m,m,m,m,m,m,m,m,m,m,m,m,m
m,m,m,m,m,m,m,m,m,m,m,m,m,m,m,m,m,m,m,m,m,m,m,m,m,m,m,m,m,m,m,m,m,m,m,m,m,m,m,m,m,m,m,m,m,m,m,m,m,m,m,G,G,G,G,G,G,G,t,t,t,G,G,G,G,b,t,G,G,G,G,b,b,G,b,t,G,G,G,G,G,t,G,G,b,G,G,t,b,G,G,G,t,G,t,G,G,G,t,b,G,t,G,b,G,G,b,G,G,G,G,G,G,t,G,t,G,G,t,G,G,b,b,t,G,G,G,G,G,t,G,b,G,G,G,G,G,t,t,G,G,t,t,G,t,G,t,G,t,G,G,G,G,G,G,G,G,G,G,t,t,t,t,G,G,G,G,G,G,G,G,G,t,t,G,G,G,G,G,G,b,t,G,G,G,t,G,G,G,t,G,G,t,t,t,t,G,G,G,G,G,G,G,G,b,t,G,.,.,.,.,.,.,.,.,.,.,.,.,.,.,.,@,G,G,G,G,G,G,G,t,t,G,b,G,G,@,.,.,.,.,.,.,.,.,.,.,.,.,.,.,.,@,b,G,m,m,m,m,m,m,m,m,m,m,m,m,m,m,m,m,m,m,m,m,m,m,m,m,m,m,m,m,m,m,m,m,m,m,m,m,m,m,m,m,m,m,m,m,m
m,m,m,m,m,m,m,m,m,m,m,m,m,m,m,m,m,m,m,m,m,m,m,m,m,m,m,m,m,m,m,m,m,m,m,m,m,m,m,m,m,m,m,m,m,m,m,m,m,m,m,m,G,G,t,t,G,G,G,b,t,G,G,G,G,G,b,G,G,t,G,b,G,t,G,G,t,G,G,G,G,t,G,G,G,G,G,G,G,G,b,G,G,t,G,G,G,G,G,b,G,G,G,G,b,t,G,G,G,G,G,G,t,G,G,G,G,G,G,t,t,b,G,G,t,G,G,t,G,t,G,G,G,t,G,G,G,G,G,G,t,G,G,G,G,t,G,G,G,G,G,G,G,G,G,G,G,G,t,G,G,b,b,G,t,G,G,G,G,t,t,G,t,G,t,G,G,t,G,b,t,G,G,G,t,G,G,t,G,G,G,G,G,G,G,t,t,t,G,G,t,G,G,t,G,G,G,.,.,.,.,.,.,.,.,.,.,.,.,.,.,.,G,G,t,G,G,t,G,G,G,G,t,t,G,b,@,.,.,.,.,.,.,.,.,.,.,.,.,.,.,.,G,G,G,G,m,m,m,m,m,m,m,m,m,m,m,m,m,m,m,m,m,m,m,m,m,m,m,m,m,m,m,m,m,m,m,m,m,m,m,m,m,m,m,m,m,m,m,m
m,m,m,m,m,m,m,m,m,m,m,m,m,m,m,m,m,m,m,m,m,m,m,m,m,m,m,m,m,m,m,m,m,m,m,m,m,m,m,m,m,m,m,m,m,m,m,m,m,m,m,m,G,G,b,G,G,G,G,G,G,G,G,t,G,G,G,G,t,G,b,G,G,G,t,G,G,G,t,G,G,G,G,G,t,b,G,G,t,t,b,t,t,G,b,G,t,G,G,G,t,G,G,b,t,G,G,G,t,G,G,G,G,t,t,G,t,t,b,t,b,G,b,G,G,t,b,G,G,G,G,t,b,G,G,G,G,G,G,G,G,G,G,G,G,G,G,t,G,G,G,G,G,G,G,t,G,G,b,G,G,t,G,G,G,t,G,G,G,G,G,G,b,G,G,G,b,G,G,t,G,G,t,t,b,G,t,b,G,t,b,t,G,G,G,G,t,G,t,t,G,G,G,G,t,G,G,@,@,G,@,G,@,G,@,G,G,t,@,@,G,@,@,G,t,G,G,G,G,G,G,G,t,t,b,G,@,t,@,@,@,@,t,@,@,@,@,t,@,@,@,G,b,G,G,G,m,m,m,m,m,m,m,m,m,m,m,m,m,m,m,m,m,m,m,m,m,m,m,m,m,m,m,m,m,m,m,m,m,m,m,m,m,m,m,m,m,m,m,m
m,m,m,m,m,m,m,m,m,m,m,m,m,m,m,m,m,m,m,m,m,m,m,m,m,m,m,m,m,m,m,m,m,m,m,m,m,m,m,m,m,m,m,m,m,m,m,m,m,m,m,m,m,t,G,G,t,G,G,G,G,G,t,G,t,G,t,G,G,G,G,G,t,t,G,t,G,t,G,b,G,t,t,G,t,t,G,G,b,G,G,G,t,b,G,G,t,G,b,G,b,G,G,t,G,G,G,G,G,t,G,b,G,G,G,G,G,G,G,G,G,t,G,b,G,G,G,G,G,t,G,G,b,t,G,G,G,t,G,G,G,G,G,t,G,G,t,t,G,G,G,G,G,G,G,t,G,b,t,G,t,G,G,G,G,t,G,G,t,t,G,G,G,G,G,G,G,G,b,t,G,t,G,t,G,G,t,G,G,G,G,b,G,G,G,G,t,b,G,G,b,b,G,G,t,t,G,G,G,G,G,t,G,G,G,G,G,G,G,G,t,G,G,b,G,t,G,G,G,G,b,G,G,b,G,t,G,G,t,t,G,t,G,t,G,t,t,G,G,G,t,G,t,G,G,m,m,m,m,m,m,m,m,m,m,m,m,m,m,m,m,m,m,m,m,m,m,m,m,m,m,m,m,m,m,m,m,m,m,m,m,m,m,m,m,m,m,m,m,m
m,m,m,m,m,m,m,m,m,m,m,m,m,m,m,m,m,m,m,m,m,m,m,m,m,m,m,m,m,m,m,m,m,m,m,m,m,m,m,m,m,m,m,m,m,m,m,m,m,m,m,m,m,G,t,t,b,t,b,G,G,b,G,G,G,G,t,G,G,G,G,t,G,t,G,t,G,G,G,G,G,G,G,G,t,G,G,G,t,G,G,b,G,G,G,t,G,t,t,b,G,G,G,G,G,b,t,G,G,t,G,G,b,t,G,G,G,G,G,t,G,G,b,t,G,G,G,G,G,G,G,G,G,G,t,t,G,b,G,t,G,G,G,t,b,t,G,b,G,G,G,G,G,G,t,G,b,G,G,b,t,b,G,G,G,G,t,G,G,G,t,G,G,t,G,G,G,G,G,G,t,G,t,t,G,G,G,t,t,G,G,G,G,G,G,G,t,G,G,G,G,t,G,G,G,t,G,t,G,t,G,t,G,t,G,b,G,t,G,G,G,b,t,G,b,G,G,G,G,G,G,G,G,G,G,G,t,G,b,G,G,G,G,G,G,G,G,b,G,t,G,b,G,G,t,m,m,m,m,m,m,m,m,m,m,m,m,m,m,m,m,m,m,m,m,m,m,m,m,m,m,m,m,m,m,m,m,m,m,m,m,m,m,m,m,m,m,m,m,m
m,m,m,m,m,m,m,m,m,m,m,m,m,m,m,m,m,m,m,m,m,m,m,m,m,m,m,m,m,m,m,m,m,m,m,m,m,m,m,m,m,m,m,m,m,m,m,m,m,m,m,m,m,m,G,t,G,G,G,G,G,G,G,G,t,G,G,G,G,G,b,b,G,G,G,t,G,G,G,t,t,b,G,G,t,t,G,G,G,G,G,G,G,G,b,G,b,t,G,t,G,G,G,G,t,t,G,G,G,G,b,G,G,t,G,G,G,G,G,G,G,G,t,G,G,G,t,G,G,b,G,t,G,G,t,G,G,G,b,G,G,G,G,b,t,G,G,G,G,G,G,G,G,G,G,G,t,G,b,t,G,G,t,G,t,G,t,G,G,G,t,t,G,G,G,G,G,b,G,G,G,G,G,G,G,t,G,b,G,t,t,G,G,G,G,G,t,G,G,G,G,G,t,G,G,b,G,G,G,b,t,G,t,G,G,G,t,G,G,G,G,G,G,G,G,t,G,G,b,G,G,G,t,G,G,t,G,G,t,G,G,G,t,G,t,G,G,G,G,G,G,G,G,G,m,m,m,m,m,m,m,m,m,m,m,m,m,m,m,m,m,m,m,m,m,m,m,m,m,m,m,m,m,m,m,m,m,m,m,m,m,m,m,m,m,m,m,m,m,m
m,m,m,m,m,m,m,m,m,m,m,m,m,m,m,m,m,m,m,m,m,m,m,m,m,m,m,m,m,m,m,m,m,m,m,m,m,m,m,m,m,m,m,m,m,m,m,m,m,m,m,m,m,m,G,G,t,b,t,G,b,t,b,t,t,G,G,G,b,G,G,G,G,G,b,b,t,G,G,G,t,G,G,t,G,b,G,G,t,b,t,G,G,G,G,b,G,t,t,b,t,t,G,G,G,G,G,G,G,t,b,G,G,b,G,G,t,t,G,G,G,G,G,G,G,G,b,G,t,G,t,G,G,G,G,G,G,G,t,G,G,G,t,G,G,G,G,t,G,G,G,G,G,G,G,G,G,G,G,G,G,G,G,G,b,t,G,G,G,b,G,G,t,G,t,t,G,b,G,G,G,G,G,G,b,G,G,t,G,G,G,G,G,G,G,G,G,G,G,G,G,G,t,G,G,b,t,G,G,G,G,G,t,G,t,G,G,t,G,t,G,G,G,G,G,t,G,t,b,G,G,G,G,G,G,G,t,G,G,t,G,G,G,G,G,t,G,G,t,G,G,G,G,G,G,m,m,m,m,m,m,m,m,m,m,m,m,m,m,m,m,m,m,m,m,m,m,m,m,m,m,m,m,m,m,m,m,m,m,m,m,m,m,m,m,m,m,m,m,m
m,m,m,m,m,m,m,m,m,m,m,m,m,m,m,m,m,m,m,m,m,m,m,m,m,m,m,m,m,m,m,m,m,m,m,m,m,m,m,m,m,m,m,m,m,m,m,m,m,m,m,m,m,m,G,t,G,G,G,G,G,G,G,t,t,G,t,G,t,G,G,G,b,b,G,G,G,G,G,G,t,G,t,G,G,G,G,G,G,G,t,G,G,G,G,G,G,G,G,G,t,G,G,G,G,G,G,G,G,G,G,G,G,G,G,b,t,G,G,t,G,b,b,G,t,G,t,t,b,G,G,t,G,G,t,G,G,G,G,t,t,G,G,G,G,t,G,b,G,G,G,G,G,G,G,G,G,G,b,G,G,b,G,G,G,G,G,G,G,t,t,t,b,t,G,G,G,G,G,G,G,t,G,G,G,b,G,G,G,t,t,G,t,G,G,G,G,G,b,t,t,G,G,t,G,G,G,G,G,t,G,t,b,G,G,b,t,t,G,G,G,G,G,G,G,G,G,G,G,G,G,G,t,G,G,G,G,G,G,t,G,b,b,G,G,t,G,G,t,G,G,t,G,G,G,m,m,m,m,m,m,m,m,m,m,m,m,m,m,m,m,m,m,m,m,m,m,m,m,m,m,m,m,m,m,m,m,m,m,m,m,m,m,m,m,m,m,m,m,m
m,m,m,m,m,m,m,m,m,m,m,m,m,m,m,m,m,m,m,m,m,m,m,m,m,m,m,m,m,m,m,m,m,m,m,m,m,m,m,m,m,m,m,m,m,m,m,m,m,m,m,m,m,m,t,G,G,G,G,G,t,t,G,G,G,G,G,G,G,G,t,G,G,G,t,G,G,G,G,t,G,G,G,b,G,G,t,G,t,G,G,b,G,t,G,t,G,G,b,G,G,G,t,G,G,G,G,b,G,b,t,t,b,G,t,b,G,G,G,t,G,G,t,G,G,t,t,G,G,G,G,G,G,G,G,t,t,G,G,G,G,b,t,t,G,G,G,G,G,G,G,G,G,G,G,G,t,G,t,G,G,G,G,b,G,G,t,G,b,t,G,b,b,b,G,G,G,t,G,b,G,t,t,b,G,G,G,G,b,t,G,t,t,G,b,G,G,t,t,G,G,G,t,@,@,G,@,@,@,@,G,@,G,@,@,@,@,@,@,@,t,t,t,t,t,b,G,G,G,G,t,G,t,G,t,G,@,G,G,@,b,@,@,G,@,@,G,@,@,@,@,@,t,G,m,m,m,m,m,m,m,m,m,m,m,m,m,m,m,m,m,m,m,m,m,m,m,m,m,m,m,m,m,m,m,m,m,m,m,m,m,m,m,m,m,m,m,m,m,m
m,m,m,m,m,m,m,m,m,m,m,m,m,m,m,m,m,m,m,m,m,m,m,m,m,m,m,m,m,m,m,m,m,m,m,m,m,m,m,m,m,m,m,m,m,m,m,m,m,m,m,m,m,m,m,G,t,G,G,G,b,G,t,G,t,G,t,t,t,t,G,G,G,G,G,G,t,G,G,t,G,t,G,t,G,t,b,b,G,G,t,G,G,G,t,G,t,t,t,t,G,b,G,t,G,t,G,G,t,G,G,t,t,G,b,b,b,t,b,t,t,G,G,G,t,G,b,G,G,b,t,b,G,b,G,G,G,t,b,G,G,b,G,G,G,G,G,G,G,G,G,G,G,G,G,G,b,G,G,G,t,G,b,G,G,G,t,G,G,G,G,G,b,G,G,t,G,G,G,G,G,b,b,G,G,b,G,G,t,G,G,G,G,G,G,G,G,G,G,G,G,G,@,.,.,.,.,.,.,.,.,.,.,.,.,.,.,.,.,G,G,G,G,t,t,G,G,G,G,t,t,G,t,G,G,G,@,.,.,.,.,.,.,.,.,.,.,.,.,.,.,.,G,G,m,m,m,m,m,m,m,m,m,m,m,m,m,m,m,m,m,m,m,m,m,m,m,m,m,m,m,m,m,m,m,m,m,m,m,m,m,m,m,m,m,m,m,m,m,m
m,m,m,m,m,m,m,m,m,m,m,m,m,m,m,m,m,m,m,m,m,m,m,m,m,m,m,m,m,m,m,m,m,m,m,m,m,m,m,m,m,m,m,m,m,m,m,m,m,m,m,m,m,m,G,b,b,G,b,G,G,G,G,t,G,G,G,b,G,G,G,G,G,G,t,t,G,G,G,t,G,G,t,G,t,t,G,G,G,G,t,G,t,t,G,G,G,G,G,G,t,G,G,t,G,G,G,t,G,G,G,t,G,G,G,G,G,G,G,G,G,G,t,t,t,G,G,G,G,t,G,G,G,G,G,t,G,G,G,b,G,G,G,G,G,G,b,G,G,G,G,G,G,G,t,G,t,G,G,t,G,G,G,b,G,G,t,b,b,b,G,G,G,G,t,G,G,t,t,G,G,b,G,G,G,G,t,t,b,G,t,t,b,G,G,G,G,t,b,G,t,G,@,.,.,.,.,.,.,.,.,.,.,.,.,.,.,.,.,t,G,G,G,G,G,G,t,G,G,G,b,t,G,G,b,G,G,.,.,.,.,.,.,.,.,.,.,.,.,.,.,.,@,m,m,m,m,m,m,m,m,m,m,m,m,m,m,m,m,m,m,m,m,m,m,m,m,m,m,m,m,m,m,m,m,m,m,m,m,m,m,m,m,m,m,m,m,m,m,m
m,m,m,m,m,m,m,m,m,m,m,m,m,m,m,m,m,m,m,m,m,m,m,m,m,m,m,m,m,m,m,m,m,m,m,m,m,m,m,m,m,m,m,m,m,m,m,m,m,m,m,m,m,m,m,b,b,t,t,b,t,t,G,G,t,G,G,t,G,G,t,G,t,G,t,G,t,t,G,G,b,G,t,t,G,G,t,G,G,G,t,t,t,G,G,b,t,G,G,G,G,G,G,G,G,b,G,G,b,G,t,G,G,G,t,G,t,G,b,b,t,G,G,t,b,G,t,t,G,G,G,G,G,b,G,t,G,G,G,b,t,t,G,G,G,G,G,G,G,G,G,G,G,G,b,G,G,G,G,G,G,G,G,t,t,G,G,G,G,G,G,t,G,G,G,G,t,G,t,t,G,G,G,G,b,G,G,G,t,G,G,b,G,t,G,G,G,G,t,t,G,G,@,.,.,.,.,.,.,.,.,.,.,.,.,.,.,.,.,@,G,G,t,G,G,G,G,G,G,G,t,t,t,G,t,G,t,.,.,.,.,.,.,.,.,.,.,.,.,.,.,.,@,m,m,m,m,m,m,m,m,m,m,m,m,m,m,m,m,m,m,m,m,m,m,m,m,m,m,m,m,m,m,m,m,m,m,m,m,m,m,m,m,m,m,m,m,m,m,m
m,m,m,m,m,m,m,m,m,m,m,m,m,m,m,m,m,m,m,m,m,m,m,m,m,m,m,m,m,m,m,m,m,m,m,m,m,m,m,m,m,m,m,m,m,m,m,m,m,m,m,m,m,m,m,G,G,t,b,G,t,G,b,G,G,G,G,G,G,G,t,b,t,G,b,G,t,G,G,G,G,G,t,G,G,t,G,G,G,t,G,G,G,t,G,b,G,G,G,G,G,G,G,b,t,G,G,t,b,G,G,G,G,b,G,G,t,G,G,t,G,b,G,G,b,G,t,t,t,G,G,G,t,b,G,G,G,G,t,G,G,G,t,t,b,G,G,G,b,G,G,G,G,G,G,b,G,G,t,G,G,G,G,G,G,b,G,G,b,G,G,G,G,G,G,G,G,t,G,G,t,t,t,G,G,b,G,G,G,t,b,G,t,b,G,t,G,G,t,t,t,b,G,.,.,.,.,.,.,.,.,.,.,.,.,.,.,.,.,@,G,G,G,G,b,b,G,G,G,G,G,t,b,t,G,G,@,.,.,.,.,.,.,.,.,.,.,.,.,.,.,.,m,m,m,m,m,m,m,m,m,m,m,m,m,m,m,m,m,m,m,m,m,m,m,m,m,m,m,m,m,m,m,m,m,m,m,m,m,m,m,m,m,m,m,m,m,m,m,m
m,m,m,m,m,m,m,m,m,m,m,m,m,m,m,m,m,m,m,m,m,m,m,m,m,m,m,m,m,m,m,m,m,m,m,m,m,m,m,m,m,m,m,m,m,m,m,m,m,m,m,m,m,m,m,m,t,b,t,t,t,G,b,G,G,G,G,t,G,b,b,G,G,G,G,G,G,t,t,G,b,G,b,t,G,G,b,t,b,t,G,G,t,G,t,t,G,G,G,G,G,G,G,t,b,t,t,t,b,G,G,G,G,G,b,t,G,G,G,G,t,b,t,G,t,t,G,G,G,b,G,G,t,t,G,G,t,G,G,t,G,G,G,G,t,G,t,G,G,G,G,G,G,G,t,t,G,G,G,b,G,G,G,G,b,G,G,G,G,b,b,G,G,G,t,b,G,G,G,G,G,t,G,b,G,G,G,G,t,b,G,t,G,G,G,G,G,G,G,G,t,t,@,.,.,.,.,.,.,.,.,.,.,.,.,.,.,.,.,@,G,G,G,t,G,t,t,G,G,G,G,t,G,t,t,t,t,.,.,.,.,.,.,.,.,.,.,.,.,.,.,.,m,m,m,m,m,m,m,m,m,m,m,m,m,m,m,m,m,m,m,m,m,m,m,m,m,m,m,m,m,m,m,m,m,m,m,m,m,m,m,m,m,m,m,m,m,m,m,m
m,m,m,m,m,m,m,m,m,m,m,m,m,m,m,m,m,m,m,m,m,m,m,m,m,m,m,m,m,m,m,m,m,m,m,m,m,m,m,m,m,m,m,m,m,m,m,m,m,m,m,m,m,m,m,m,G,G,G,t,G,G,G,G,t,t,G,G,G,t,t,G,G,b,G,G,G,t,b,t,b,t,t,G,G,G,G,G,G,G,t,b,G,t,b,G,G,G,G,G,t,G,G,G,t,G,t,G,G,G,G,G,t,G,t,t,b,G,G,G,t,G,b,G,G,G,G,G,G,G,G,b,G,G,G,G,G,G,b,G,G,G,b,G,b,G,t,G,G,G,G,G,G,G,G,G,t,G,t,t,G,t,G,G,G,G,t,G,t,G,t,G,G,G,G,b,b,t,G,G,b,G,G,t,G,b,G,G,G,t,G,b,G,G,G,G,G,G,t,G,G,G,@,.,.,.,.,.,.,.,.,.,.,.,.,.,.,.,.,G,G,G,G,b,G,G,t,G,G,t,G,G,G,G,t,b,@,.,.,.,.,.,.,.,.,.,.,.,.,.,.,.,m,m,m,m,m,m,m,m,m,m,m,m,m,m,m,m,m,m,m,m,m,m,m,m,m,m,m,m,m,m,m,m,m,m,m,m,m,m,m,m,m,m,m,m,m,m,m,m
m,m,m,m,m,m,m,m,m,m,m,m,m,m,m,m,m,m,m,m,m,m,m,m,m,m,m,m,m,m,m,m,m,m,m,m,m,m,m,m,m,m,m,m,m,m,m,m,m,m,m,m,m,m,m,m,m,G,G,t,t,G,G,b,G,G,G,G,t,t,G,G,G,G,G,G,t,t,t,G,t,G,G,G,G,G,G,b,G,b,G,G,t,G,G,G,G,t,G,t,G,G,G,G,G,G,G,G,G,b,G,G,G,G,t,G,G,b,G,t,G,t,G,G,t,G,t,t,G,G,t,t,G,G,G,G,G,G,G,t,G,t,G,G,G,G,t,b,t,G,G,G,G,G,b,b,t,G,G,G,G,G,t,G,t,G,t,b,b,G,t,G,t,G,G,b,b,t,G,G,b,t,G,t,G,G,G,G,G,G,G,t,G,G,t,G,G,G,G,G,t,G,G,.,.,.,.,.,.,.,.,.,.,.,.,.,.,.,.,@,G,G,G,G,G,t,t,G,G,G,G,G,t,t,G,G,G,@,G,@,@,@,G,@,@,@,@,@,t,G,@,m,m,m,m,m,m,m,m,m,m,m,m,m,m,m,m,m,m,m,m,m,m,m,m,m,m,m,m,m,m,m,m,m,m,m,m,m,m,m,m,m,m,m,m,m,m,m,m,m
m,m,m,m,m,m,m,m,m,m,m,m,m,m,m,m,m,m,m,m,m,m,m,m,m,m,m,m,m,m,m,m,m,m,m,m,m,m,m,m,m,m,m,m,m,m,m,m,m,m,m,m,m,m,m,m,m,G,b,b,G,G,G,b,G,G,t,G,G,G,t,G,G,b,G,G,G,t,G,G,t,G,G,t,G,t,G,G,G,G,b,t,G,G,t,b,G,G,b,t,b,G,G,t,G,G,G,G,G,G,G,G,b,G,G,G,G,G,G,G,t,G,G,t,t,G,G,G,t,G,t,G,t,t,G,G,b,t,G,G,G,G,G,G,G,G,G,G,G,G,G,G,G,G,G,G,G,G,G,G,G,G,G,G,G,G,G,b,G,G,G,G,t,G,t,G,G,t,G,b,t,G,G,G,G,G,G,t,G,G,G,b,G,t,t,G,G,b,t,t,G,G,t,.,.,.,.,.,.,.,.,.,.,.,.,.,.,.,.,@,G,G,G,t,t,G,G,G,t,t,G,G,G,G,G,G,G,G,G,t,b,G,G,G,G,G,t,G,G,t,b,m,m,m,m,m,m,m,m,m,m,m,m,m,m,m,m,m,m,m,m,m,m,m,m,m,m,m,m,m,m,m,m,m,m,m,m,m,m,m,m,m,m,m,m,m,m,m,m,m
m,m,m,m,m,m,m,m,m,m,m,m,m,m,m,m,m,m,m,m,m,m,m,m,m,m,m,m,m,m,m,m,m,m,m,m,m,m,m,m,m,m,m,m,m,m,m,m,m,m,m,m,m,m,m,m,b,G,G,G,G,G,G,b,t,G,t,G,G,t,G,G,t,G,b,G,b,G,G,G,G,t,t,G,G,G,G,t,G,t,b,G,G,b,G,G,G,t,t,G,G,G,G,G,G,t,b,G,G,G,G,G,G,t,t,G,t,t,t,G,G,t,G,t,t,G,G,G,t,G,G,b,G,b,G,G,G,t,G,G,b,G,G,G,G,t,G,G,G,G,G,G,G,G,G,G,G,t,t,G,G,G,G,G,b,G,G,b,G,t,G,G,t,G,G,t,G,G,t,G,b,G,G,G,G,G,b,t,G,G,G,t,G,b,G,G,G,t,G,G,G,G,@,@,@,@,G,@,G,@,G,@,G,@,@,@,@,@,@,@,t,G,G,t,G,G,G,G,G,t,G,G,G,t,G,t,t,G,G,G,G,t,G,t,G,t,G,G,t,G,m,m,m,m,m,m,m,m,m,m,m,m,m,m,m,m,m,m,m,m,m,m,m,m,m,m,m,m,m,m,m,m,m,m,m,m,m,m,m,m,m,m,m,m,m,m,m,m,m,m
m,m,m,m,m,m,m,m,m,m,m,m,m,m,m,m,m,m,m,m,m,m,m,m,m,m,m,m,m,m,m,m,m,m,m,m,m,m,m,m,m,m,m,m,m,m,m,m,m,m,m,m,m,m,m,m,m,G,G,G,G,t,b,G,G,G,t,G,G,G,t,G,G,G,b,G,t,G,G,G,b,G,G,G,b,G,t,G,G,G,G,G,G,t,G,G,G,G,t,G,t,t,G,G,t,G,G,t,G,t,b,G,t,G,G,G,G,G,t,b,t,t,t,t,G,t,G,t,G,G,t,b,G,G,G,G,G,G,t,G,G,t,t,G,G,G,t,G,G,G,G,G,G,G,t,t,b,t,G,G,t,G,G,G,G,G,G,G,G,G,G,G,G,G,b,G,G,G,G,G,G,t,G,G,G,G,b,G,t,G,t,G,G,G,G,G,G,G,t,G,b,t,b,G,b,G,G,G,G,t,G,G,G,G,b,b,t,G,G,G,G,t,G,G,b,G,G,G,G,t,G,b,b,G,G,G,G,G,G,G,G,b,t,G,t,t,b,G,G,t,m,m,m,m,m,m,m,m,m,m,m,m,m,m,m,m,m,m,m,m,m,m,m,m,m,m,m,m,m,m,m,m,m,m,m,m,m,m,m,m,m,m,m,m,m,m,m,m,m,m
m,m,m,m,m,m,m,m,m,m,m,m,m,m,m,m,m,m,m,m,m,m,m,m,m,m,m,m,m,m,m,m,m,m,m,m,m,m,m,m,m,m,m,m,m,m,m,m,m,m,m,m,m,m,m,m,m,G,b,G,G,G,G,G,G,G,G,t,G,b,G,G,G,G,t,G,t,G,G,G,t,t,t,G,t,G,t,t,G,b,G,G,t,G,b,G,G,b,b,G,G,G,t,G,G,t,t,G,G,b,G,G,t,G,b,G,G,G,t,G,t,t,G,b,t,G,G,b,G,b,G,G,G,G,G,G,G,t,G,G,G,G,G,t,G,t,G,t,t,G,G,G,G,G,G,G,t,G,G,G,t,t,b,G,G,G,G,G,G,b,t,G,t,b,t,G,G,G,t,G,t,G,t,G,b,G,b,G,G,t,G,G,b,t,G,G,G,t,G,G,G,G,b,G,G,G,t,G,G,G,G,G,b,G,G,G,G,t,G,G,G,G,G,t,t,G,t,b,G,G,G,G,G,t,G,b,t,b,b,G,G,G,G,b,G,G,G,t,t,G,m,m,m,m,m,m,m,m,m,m,m,m,m,m,m,m,m,m,m,m,m,m,m,m,m,m,m,m,m,m,m,m,m,m,m,m,m,m,m,m,m,m,m,m,m,m,m,m,m,m
m,m,m,m,m,m,m,m,m,m,m,m,m,m,m,m,m,m,m,m,m,m,m,m,m,m,m,m,m,m,m,m,m,m,m,m,m,m,m,m,m,m,m,m,m,m,m,m,m,m,m,m,m,m,m,m,m,t,G,G,t,G,G,G,G,t,G,G,t,G,G,G,G,t,t,t,G,G,t,t,G,b,G,t,G,b,G,t,G,t,G,G,t,t,t,G,G,t,G,G,G,G,G,G,t,b,b,t,G,t,G,G,G,b,G,G,G,G,b,G,t,G,G,G,G,b,G,b,G,G,t,G,G,G,b,t,G,t,G,G,t,t,b,G,t,t,t,G,t,G,G,G,G,G,b,G,t,b,t,t,G,G,G,b,t,G,t,G,G,G,G,G,G,b,G,b,G,G,t,G,G,b,G,t,G,G,b,G,G,t,t,t,b,G,G,G,G,G,G,b,G,G,G,G,G,G,t,G,G,t,t,G,G,G,G,b,b,G,G,t,G,G,G,G,G,G,b,G,G,t,G,G,G,t,G,G,G,t,G,G,G,G,t,t,G,t,t,G,G,m,m,m,m,m,m,m,m,m,m,m,m,m,m,m,m,m,m,m,m,m,m,m,m,m,m,m,m,m,m,m,m,m,m,m,m,m,m,m,m,m,m,m,m,m,m,m,m,m,m,m
m,m,m,m,m,m,m,m,m,m,m,m,m,m,m,m,m,m,m,m,m,m,m,m,m,m,m,m,m,m,m,m,m,m,m,m,m,m,m,m,m,m,m,m,m,m,m,m,m,m,m,m,m,m,m,m,m,G,b,G,t,t,G,G,G,b,G,t,b,G,G,G,t,t,b,G,t,G,G,G,t,G,G,b,b,G,G,G,t,G,b,t,b,b,G,G,G,G,G,t,G,G,b,t,G,G,G,G,G,b,G,G,G,t,G,G,G,G,t,G,G,t,G,b,t,G,t,G,G,G,t,G,t,t,G,G,t,G,G,G,G,G,t,G,G,G,G,G,G,G,G,G,G,G,G,G,G,b,G,G,t,t,G,t,t,b,G,G,G,G,G,G,G,t,G,G,G,G,G,G,G,G,G,b,G,t,t,G,G,G,G,G,G,G,t,G,G,t,G,G,t,G,t,G,G,G,G,t,G,G,G,t,t,G,G,G,G,t,G,t,G,G,G,G,t,G,t,G,G,b,t,G,b,G,t,G,t,G,b,G,G,b,G,G,G,b,G,G,G,m,m,m,m,m,m,m,m,m,m,m,m,m,m,m,m,m,m,m,m,m,m,m,m,m,m,m,m,m,m,m,m,m,m,m,m,m,m,m,m,m,m,m,m,m,m,m,m,m,m,m
m,m,m,m,m,m,m,m,m,m,m,m,m,m,m,m,m,m,m,m,m,m,m,m,m,m,m,m,m,m,m,m,m,m,m,m,m,m,m,m,m,m,m,m,m,m,m,m,m,m,m,m,m,m,m,m,m,m,t,G,b,G,G,t,G,G,G,t,G,t,G,G,G,G,t,G,G,G,b,G,G,t,G,G,G,G,G,t,G,G,G,b,b,G,G,G,b,t,G,G,G,t,G,G,G,G,G,G,t,G,G,b,G,G,G,G,G,t,G,G,G,G,G,G,G,G,G,G,G,G,t,t,G,G,G,G,G,t,G,b,b,t,G,b,G,G,G,G,t,G,G,G,G,G,G,G,G,b,G,G,G,t,b,b,G,t,G,G,b,b,b,G,G,b,G,G,t,b,G,G,t,G,G,G,G,t,G,G,G,G,G,b,G,G,t,G,t,G,G,G,G,b,G,t,G,G,G,G,G,G,G,t,G,G,t,t,G,G,t,G,G,t,G,b,G,G,G,G,G,t,t,G,b,G,G,t,t,G,G,t,G,G,G,G,b,b,G,t,m,m,m,m,m,m,m,m,m,m,m,m,m,m,m,m,m,m,m,m,m,m,m,m,m,m,m,m,m,m,m,m,m,m,m,m,m,m,m,m,m,m,m,m,m,m,m,m,m,m,m,m
m,m,m,m,m,m,m,m,m,m,m,m,m,m,m,m,m,m,m,m,m,m,m,m,m,m,m,m,m,m,m,m,m,m,m,m,m,m,m,m,m,m,m,m,m,m,m,m,m,m,m,m,m,m,m,m,m,m,t,G,t,G,b,t,G,G,G,b,b,t,G,G,G,G,G,b,t,G,G,G,t,b,G,G,G,t,G,t,b,G,G,G,G,G,G,G,G,G,G,G,G,G,G,G,b,G,G,G,G,G,G,t,G,G,t,G,G,G,t,G,G,G,t,G,G,G,G,G,G,G,G,G,G,G,G,b,t,G,G,G,G,G,G,G,t,G,G,G,t,G,G,G,G,G,G,t,G,G,G,G,G,G,G,G,G,G,G,t,G,G,t,t,G,b,G,G,t,b,t,G,G,G,G,G,t,G,G,G,G,G,G,G,G,G,b,G,t,G,G,b,t,G,t,G,G,t,G,G,b,t,t,t,G,G,G,G,G,G,t,G,G,G,G,G,G,b,G,G,G,G,G,t,G,G,G,t,G,t,t,G,G,G,G,t,G,G,t,b,m,m,m,m,m,m,m,m,m,m,m,m,m,m,m,m,m,m,m,m,m,m,m,m,m,m,m,m,m,m,m,m,m,m,m,m,m,m,m,m,m,m,m,m,m,m,m,m,m,m,m,m
m,m,m,m,m,m,m,m,m,m,m,m,m,m,m,m,m,m,m,m,m,m,m,m,m,m,m,m,m,m,m,m,m,m,m,m,m,m,m,m,m,m,m,m,m,m,m,m,m,m,m,m,m,m,m,m,m,m,m,G,G,t,G,G,G,G,G,t,t,G,t,G,G,t,b,b,G,b,G,G,G,G,b,G,G,t,b,G,G,G,G,G,G,t,t,G,b,G,G,G,G,G,G,G,G,b,t,G,G,G,G,G,b,G,G,G,b,b,b,b,G,G,G,G,G,G,b,G,t,G,b,G,G,G,t,G,t,G,G,G,b,G,t,t,b,G,t,G,t,G,G,G,G,G,G,G,G,t,G,G,G,G,G,G,b,b,b,b,G,G,G,G,b,G,G,G,t,G,G,G,G,G,t,G,b,t,G,G,t,G,G,G,G,G,G,t,G,G,G,G,G,G,t,t,G,G,G,G,G,G,t,G,G,G,t,G,G,G,G,b,G,G,G,G,G,G,G,G,t,G,t,G,G,G,t,G,t,G,G,G,t,t,G,G,G,G,b,m,m,m,m,m,m,m,m,m,m,m,m,m,m,m,m,m,m,m,m,m,m,m,m,m,m,m,m,m,m,m,m,m,m,m,m,m,m,m,m,m,m,m,m,m,m,m,m,m,m,m,m,m
m,m,m,m,m,m,m,m,m,m,m,m,m,m,m,m,m,m,m,m,m,m,m,m,m,m,m,m,m,m,m,m,m,m,m,m,m,m,m,m,m,m,m,m,m,m,m,m,m,m,m,m,m,m,m,m,m,m,m,G,G,G,G,G,t,t,t,G,G,G,b,b,G,t,G,t,G,G,G,b,b,b,t,t,G,b,t,G,G,t,G,G,G,b,G,t,G,G,G,G,b,G,G,b,t,G,G,t,G,t,G,G,b,G,G,b,G,G,G,G,G,G,t,t,G,G,G,G,t,G,b,G,G,t,t,G,G,G,G,G,G,t,G,G,t,G,G,t,b,G,G,G,G,G,G,G,t,G,G,G,G,G,t,b,G,b,G,G,t,G,t,G,G,G,G,G,G,G,G,t,t,b,G,t,t,t,G,t,b,G,G,G,G,G,G,t,t,b,t,G,t,G,G,G,G,G,G,b,G,b,G,G,G,G,b,G,b,G,G,t,G,t,G,G,G,G,t,b,t,G,G,t,G,t,G,G,G,G,t,t,G,G,G,G,t,G,m,m,m,m,m,m,m,m,m,m,m,m,m,m,m,m,m,m,m,m,m,m,m,m,m,m,m,m,m,m,m,m,m,m,m,m,m,m,m,m,m,m,m,m,m,m,m,m,m,m,m,m,m,m
m,m,m,m,m,m,m,m,m,m,m,m,m,m,m,m,m,m,m,m,m,m,m,m,m,m,m,m,m,m,m,m,m,m,m,m,m,m,m,m,m,m,m,m,m,m,m,m,m,m,m,m,m,m,m,m,m,m,m,m,t,G,G,t,G,G,t,t,G,G,G,t,G,G,G,G,t,G,G,G,G,G,G,t,G,t,G,G,G,G,G,G,G,G,G,t,t,G,G,G,b,G,G,t,G,G,G,t,G,b,t,G,t,G,G,G,G,G,t,G,G,t,G,b,t,G,G,b,G,G,b,G,G,G,G,G,G,G,t,G,G,G,G,G,G,G,t,t,G,G,G,G,G,G,G,G,G,b,G,G,G,G,G,G,G,G,G,G,t,G,G,G,t,G,G,t,t,t,G,t,G,G,G,G,G,G,G,G,G,t,t,G,G,G,G,G,G,G,G,G,G,G,b,G,G,b,G,G,G,b,G,G,G,G,G,G,t,t,G,G,t,G,G,G,b,G,G,G,G,G,G,G,G,t,G,G,G,G,G,G,t,G,G,G,G,t,m,m,m,m,m,m,m,m,m,m,m,m,m,m,m,m,m,m,m,m,m,m,m,m,m,m,m,m,m,m,m,m,m,m,m,m,m,m,m,m,m,m,m,m,m,m,m,m,m,m,m,m,m,m
m,m,m,m,m,m,m,m,m,m,m,m,m,m,m,m,m,m,m,m,m,m,m,m,m,m,m,m,m,m,m,m,m,m,m,m,m,m,m,m,m,m,m,m,m,m,m,m,m,m,m,m,m,m,m,m,m,m,m,m,t,b,t,G,G,G,G,b,G,G,G,G,G,G,G,G,G,G,b,b,G,G,G,t,G,t,G,G,G,G,G,G,G,G,G,G,G,b,G,t,G,G,G,G,G,G,G,t,G,t,G,G,b,b,G,G,b,G,G,G,G,G,G,G,b,G,G,t,G,G,G,t,G,G,t,t,G,G,G,G,t,b,t,b,G,G,b,G,t,G,G,G,G,G,G,G,G,G,b,G,t,t,G,G,t,t,t,G,G,t,G,G,G,b,G,G,G,G,t,G,b,G,t,b,t,G,G,G,G,G,G,G,G,G,t,G,t,G,G,b,G,t,G,G,G,G,G,G,G,G,G,t,G,G,G,G,G,G,G,G,G,G,G,G,G,G,t,t,t,b,G,G,G,G,b,G,G,G,G,G,G,t,G,G,G,m,m,m,m,m,m,m,m,m,m,m,m,m,m,m,m,m,m,m,m,m,m,m,m,m,m,m,m,m,m,m,m,m,m,m,m,m,m,m,m,m,m,m,m,m,m,m,m,m,m,m,m,m,m,m
m,m,m,m,m,m,m,m,m,m,m,m,m,m,m,m,m,m,m,m,m,m,m,m,m,m,m,m,m,m,m,m,m,m,m,m,m,m,m,m,m,m,m,m,m,m,m,m,m,m,m,m,m,m,m,m,m,m,m,m,m,t,G,G,G,t,G,G,b,G,G,t,t,t,G,G,t,G,G,G,G,G,G,G,G,G,b,G,G,G,b,G,G,G,G,b,G,G,G,G,G,G,G,G,G,G,b,G,G,G,G,G,b,t,t,G,G,G,G,t,G,G,G,G,G,G,b,G,G,G,G,G,t,G,G,G,G,t,G,G,G,G,t,G,G,G,t,G,t,G,G,G,G,G,G,G,G,G,t,G,G,G,G,G,G,G,G,G,G,G,t,G,G,G,G,t,t,t,t,G,G,G,G,b,G,b,G,G,G,G,b,G,G,G,G,G,b,b,G,G,G,G,G,t,G,G,G,t,G,t,G,t,t,G,G,G,t,t,G,G,G,G,b,t,G,G,t,G,b,t,G,t,G,G,G,b,G,G,G,G,G,G,t,G,G,m,m,m,m,m,m,m,m,m,m,m,m,m,m,m,m,m,m,m,m,m,m,m,m,m,m,m,m,m,m,m,m,m,m,m,m,m,m,m,m,m,m,m,m,m,m,m,m,m,m,m,m,m,m,m
m,m,m,m,m,m,m,m,m,m,m,m,m,m,m,m,m,m,m,m,m,m,m,m,m,m,m,m,m,m,m,m,m,m,m,m,m,m,m,m,m,m,m,m,m,m,m,m,m,m,m,m,m,m,m,m,m,m,m,m,m,G,G,G,G,G,G,G,t,G,b,t,t,G,G,G,G,t,t,G,G,b,G,b,G,G,G,G,b,G,G,G,G,G,G,b,G,t,G,G,G,G,G,G,b,G,G,G,G,t,G,G,G,G,G,G,b,G,G,G,G,G,t,G,G,G,G,t,G,G,G,G,t,b,G,G,t,G,G,G,G,G,G,t,G,G,b,G,G,G,G,G,G,G,G,b,G,G,G,t,G,G,b,G,t,t,G,G,G,G,G,t,G,t,G,G,t,t,G,G,t,G,G,G,G,b,t,G,b,G,t,G,t,t,t,G,b,b,b,t,t,t,t,t,G,t,G,G,G,b,G,t,G,G,G,G,t,G,G,G,G,G,G,G,G,t,G,G,G,t,G,G,G,t,b,G,G,b,b,G,t,G,G,m,m,m,m,m,m,m,m,m,m,m,m,m,m,m,m,m,m,m,m,m,m,m,m,m,m,m,m,m,m,m,m,m,m,m,m,m,m,m,m,m,m,m,m,m,m,m,m,m,m,m,m,m,m,m,m,m
m,m,m,m,m,m,m,m,m,m,m,m,m,m,m,m,m,m,m,m,m,m,m,m,m,m,m,m,m,m,m,m,m,m,m,m,m,m,m,m,m,m,m,m,m,m,m,m,m,m,m,m,m,m,m,m,m,m,m,m,m,m,G,b,G,b,G,t,t,G,G,b,G,G,G,G,G,G,G,G,G,b,t,G,G,G,G,G,t,t,G,G,t,G,G,G,G,t,b,t,G,b,G,G,G,t,G,G,G,t,t,G,G,G,G,G,G,b,t,G,G,b,G,G,b,G,b,G,G,t,G,G,G,G,t,b,G,G,t,G,G,t,t,t,t,G,t,G,b,G,G,G,G,G,t,G,G,G,G,G,t,b,G,G,G,G,G,G,G,t,G,G,G,G,b,t,G,G,t,t,G,G,b,G,G,G,b,G,b,G,G,G,G,G,G,t,G,b,G,G,G,G,G,G,G,G,G,G,G,b,b,t,G,G,G,G,G,G,G,G,G,G,G,b,b,G,t,b,G,G,G,G,G,G,G,G,G,t,t,G,G,G,G,m,m,m,m,m,m,m,m,m,m,m,m,m,m,m,m,m,m,m,m,m,m,m,m,m,m,m,m,m,m,m,m,m,m,m,m,m,m,m,m,m,m,m,m,m,m,m,m,m,m,m,m,m,m,m,m,m
m,m,m,m,m,m,m,m,m,m,m,m,m,m,m,m,m,m,m,m,m,m,m,m,m,m,m,m,m,m,m,m,m,m,m,m,m,m,m,m,m,m,m,m,m,m,m,m,m,m,m,m,m,m,m,m,m,m,m,m,m,m,G,G,G,G,t,t,G,G,G,b,G,b,G,G,G,G,G,t,G,G,b,G,G,G,G,G,G,b,G,G,G,G,G,G,G,G,G,G,G,G,t,t,G,G,t,G,G,G,G,G,G,G,t,G,G,t,b,G,t,G,G,G,G,t,G,G,G,t,G,G,t,G,G,G,G,t,t,b,G,G,t,t,G,G,b,G,G,G,G,G,G,G,G,G,G,G,G,G,b,b,G,G,G,t,G,G,G,G,G,t,G,b,G,t,G,G,b,G,G,G,G,G,G,t,G,G,G,G,t,t,G,b,t,G,G,G,G,G,G,G,G,G,G,G,G,G,G,G,G,t,G,G,t,b,t,G,G,t,G,G,G,G,G,G,G,G,G,G,G,G,G,G,t,G,t,G,G,G,G,t,G,m,m,m,m,m,m,m,m,m,m,m,m,m,m,m,m,m,m,m,m,m,m,m,m,m,m,m,m,m,m,m,m,m,m,m,m,m,m,m,m,m,m,m,m,m,m,m,m,m,m,m,m,m,m,m,m,m
m,m,m,m,m,m,m,m,m,m,m,m,m,m,m,m,m,m,m,m,m,m,m,m,m,m,m,m,m,m,m,m,m,m,m,m,m,m,m,m,m,m,m,m,m,m,m,m,m,m,m,m,m,m,m,m,m,m,m,m,m,m,m,G,G,G,b,G,b,G,G,G,G,t,t,t,G,b,G,t,t,G,G,G,t,G,G,b,G,t,b,G,t,G,t,G,b,G,G,b,G,G,G,G,G,G,b,G,b,G,t,G,G,b,G,G,t,t,G,G,G,G,G,t,G,G,G,G,G,G,G,t,t,G,b,G,G,G,G,G,t,t,t,G,G,G,G,t,G,G,G,G,G,G,G,G,t,G,t,G,G,b,G,G,G,t,b,G,t,G,G,t,G,G,G,G,G,G,t,G,t,G,G,b,t,t,G,G,G,b,G,G,G,G,b,G,G,G,t,t,G,G,G,G,t,G,G,G,G,G,b,G,G,G,G,G,b,t,b,G,G,b,G,G,t,G,G,G,G,G,G,b,G,G,G,G,G,G,G,b,G,G,m,m,m,m,m,m,m,m,m,m,m,m,m,m,m,m,m,m,m,m,m,m,m,m,m,m,m,m,m,m,m,m,m,m,m,m,m,m,m,m,m,m,m,m,m,m,m,m,m,m,m,m,m,m,m,m,m,m
m,m,m,m,m,m,m,m,m,m,m,m,m,m,m,m,m,m,m,m,m,m,m,m,m,m,m,m,m,m,m,m,m,m,m,m,m,m,m,m,m,m,m,m,m,m,m,m,m,m,m,m,m,m,m,m,m,m,m,m,m,m,m,m,G,t,G,G,G,G,G,G,t,t,G,G,G,t,G,G,G,G,G,t,b,t,t,G,G,t,G,G,b,G,G,G,G,t,b,G,t,G,G,G,G,b,G,G,G,G,G,G,G,t,G,b,G,G,G,b,G,t,G,G,G,G,G,G,G,G,G,G,G,t,G,G,t,t,G,G,G,G,G,G,t,G,t,G,G,G,G,G,G,G,G,G,G,G,G,G,G,b,G,G,G,G,b,G,t,G,t,b,G,G,t,G,t,G,G,G,b,G,G,b,b,G,G,b,G,G,G,G,G,G,t,G,G,G,t,G,G,t,b,t,G,b,b,G,G,t,G,G,t,t,b,G,b,G,G,t,G,t,b,G,G,t,t,b,t,t,t,G,G,G,G,G,G,G,b,G,t,m,m,m,m,m,m,m,m,m,m,m,m,m,m,m,m,m,m,m,m,m,m,m,m,m,m,m,m,m,m,m,m,m,m,m,m,m,m,m,m,m,m,m,m,m,m,m,m,m,m,m,m,m,m,m,m,m,m,m
m,m,m,m,m,m,m,m,m,m,m,m,m,m,m,m,m,m,m,m,m,m,m,m,m,m,m,m,m,m,m,m,m,m,m,m,m,m,m,m,m,m,m,m,m,m,m,m,m,m,m,m,m,m,m,m,m,m,m,m,m,m,m,m,t,G,G,G,G,G,t,G,t,G,G,t,b,G,t,G,G,G,G,G,G,G,G,G,G,G,b,G,G,G,G,G,t,G,G,b,G,t,G,G,b,G,G,t,b,b,G,G,G,t,G,G,G,G,G,G,b,t,G,t,G,t,t,t,b,G,G,G,G,G,G,G,b,G,G,G,G,G,G,G,t,t,b,G,G,G,G,G,G,G,G,G,G,G,G,G,t,G,t,G,G,G,G,b,G,G,G,G,G,t,G,G,G,G,G,G,G,G,G,G,G,t,G,G,t,G,G,t,t,G,G,G,G,b,t,t,t,G,t,G,G,G,t,G,t,G,G,G,G,G,G,G,G,G,b,G,G,G,b,G,G,G,G,G,G,G,G,G,G,t,G,G,t,G,G,G,t,m,m,m,m,m,m,m,m,m,m,m,m,m,m,m,m,m,m,m,m,m,m,m,m,m,m,m,m,m,m,m,m,m,m,m,m,m,m,m,m,m,m,m,m,m,m,m,m,m,m,m,m,m,m,m,m,m,m,m
m,m,m,m,m,m,m,m,m,m,m,m,m,m,m,m,m,m,m,m,m,m,m,m,m,m,m,m,m,m,m,m,m,m,m,m,m,m,m,m,m,m,m,m,m,m,m,m,m,m,m,m,m,m,m,m,m,m,m,m,m,m,m,m,m,m,b,G,t,t,G,G,G,t,G,t,G,G,G,G,t,G,G,G,b,G,t,G,G,t,G,G,t,b,G,t,G,t,G,t,G,G,G,t,t,G,G,t,G,G,G,G,G,t,G,G,G,G,G,b,t,t,t,G,b,G,G,t,t,t,b,t,b,G,G,G,G,b,G,G,G,G,G,G,G,G,G,t,t,G,G,G,G,G,G,G,t,t,G,G,t,t,b,t,G,b,G,G,G,G,G,t,t,G,G,t,b,G,G,t,G,G,t,t,G,t,G,t,t,G,G,G,G,G,G,G,G,t,t,t,G,G,G,G,G,b,t,t,G,b,G,b,G,G,G,b,G,G,b,t,G,G,G,G,t,t,G,G,G,G,G,G,b,G,t,t,b,G,G,G,m,m,m,m,m,m,m,m,m,m,m,m,m,m,m,m,m,m,m,m,m,m,m,m,m,m,m,m,m,m,m,m,m,m,m,m,m,m,m,m,m,m,m,m,m,m,m,m,m,m,m,m,m,m,m,m,m,m,m,m
m,m,m,m,m,m,m,m,m,m,m,m,m,m,m,m,m,m,m,m,m,m,m,m,m,m,m,m,m,m,m,m,m,m,m,m,m,m,m,m,m,m,m,m,m,m,m,m,m,m,m,m,m,m,m,m,m,m,m,m,m,m,m,m,m,m,m,G,G,G,G,G,G,G,G,G,G,G,G,G,G,G,G,b,G,b,t,t,G,G,t,G,G,G,b,G,G,t,G,t,G,G,G,t,b,t,G,t,G,G,G,G,G,b,G,G,t,t,t,G,G,G,b,G,G,t,G,G,G,G,G,b,b,G,G,b,G,G,G,G,t,G,b,t,b,G,G,b,t,G,G,G,G,G,G,G,t,G,t,t,G,G,b,t,G,t,G,G,b,G,t,t,G,G,G,G,t,G,G,G,b,t,G,G,G,G,G,G,G,G,G,b,b,t,t,G,G,t,G,G,G,G,G,G,G,G,b,G,G,b,t,t,G,t,G,t,G,G,G,G,G,G,b,t,G,b,b,G,G,G,G,G,b,b,G,b,G,G,m,m,m,m,m,m,m,m,m,m,m,m,m,m,m,m,m,m,m,m,m,m,m,m,m,m,m,m,m,m,m,m,m,m,m,m,m,m,m,m,m,m,m,m,m,m,m,m,m,m,m,m,m,m,m,m,m,m,m,m,m,m
m,m,m,m,m,m,m,m,m,m,m,m,m,m,m,m,m,m,m,m,m,m,m,m,m,m,m,m,m,m,m,m,m,m,m,m,m,m,m,m,m,m,m,m,m,m,m,m,m,m,m,m,m,m,m,m,m,m,m,m,m,m,m,m,m,m,m,G,G,G,b,G,G,G,G,G,G,G,G,G,b,G,G,t,G,G,t,G,t,G,G,G,b,G,t,G,b,G,G,b,G,G,G,t,G,G,G,G,G,G,b,G,G,G,G,G,t,G,G,G,b,t,t,G,G,G,G,G,G,G,t,G,G,G,t,G,t,t,t,G,G,G,G,G,b,b,t,G,G,G,G,G,G,G,G,t,b,G,G,G,t,G,G,b,G,G,G,t,G,G,G,G,t,G,G,G,t,t,G,G,t,t,t,G,G,G,G,t,G,t,t,G,t,b,b,G,G,G,t,t,b,t,G,G,G,t,G,G,G,G,t,G,G,G,G,G,G,t,G,t,b,b,t,G,G,G,G,G,G,G,G,b,G,G,t,t,G,G,m,m,m,m,m,m,m,m,m,m,m,m,m,m,m,m,m,m,m,m,m,m,m,m,m,m,m,m,m,m,m,m,m,m,m,m,m,m,m,m,m,m,m,m,m,m,m,m,m,m,m,m,m,m,m,m,m,m,m,m,m,m
m,m,m,m,m,m,m,m,m,m,m,m,m,m,m,m,m,m,m,m,m,m,m,m,m,m,m,m,m,m,m,m,m,m,m,m,m,m,m,m,m,m,m,m,m,m,m,m,m,m,m,m,m,m,m,m,m,m,m,m,m,m,m,m,m,m,m,m,G,t,t,t,G,G,b,G,t,G,G,b,t,t,b,t,G,G,G,t,G,G,t,G,G,t,b,b,G,t,G,b,t,G,G,G,G,G,G,G,t,G,G,G,b,G,G,G,t,t,t,G,G,b,G,b,G,G,G,G,G,G,G,G,G,t,G,b,t,b,G,G,G,G,t,G,G,G,G,G,G,G,G,G,G,G,G,G,t,G,G,G,t,G,t,t,G,b,G,b,t,G,G,G,G,t,t,G,b,G,t,G,G,G,G,G,G,G,G,G,t,G,G,G,b,G,G,G,t,G,b,t,t,G,G,G,G,t,G,t,G,G,G,G,t,G,G,G,t,t,G,G,G,G,t,G,G,G,t,b,G,t,G,G,G,t,t,G,G,m,m,m,m,m,m,m,m,m,m,m,m,m,m,m,m,m,m,m,m,m,m,m,m,m,m,m,m,m,m,m,m,m,m,m,m,m,m,m,m,m,m,m,m,m,m,m,m,m,m,m,m,m,m,m,m,m,m,m,m,m,m,m
m,m,m,m,m,m,m,m,m,m,m,m,m,m,m,m,m,m,m,m,m,m,m,m,m,m,m,m,m,m,m,m,m,m,m,m,m,m,m,m,m,m,m,m,m,m,m,m,m,m,m,m,m,m,m,m,m,m,m,m,m,m,m,m,m,m,m,m,m,m,G,t,t,G,G,G,G,b,G,t,G,t,G,G,G,t,G,G,t,G,t,G,G,G,G,G,t,G,G,G,G,t,G,G,t,t,b,G,b,t,G,t,G,t,G,G,t,b,t,G,G,t,G,G,G,G,G,t,G,G,G,G,G,t,G,t,G,G,G,b,G,G,G,G,G,G,b,b,G,G,G,G,G,G,b,b,b,G,G,G,b,G,t,G,b,G,G,t,G,t,G,t,G,G,t,t,t,t,G,b,t,G,G,G,G,G,G,G,t,G,G,G,G,G,t,G,G,t,G,G,G,G,G,b,G,G,G,G,b,G,t,G,G,t,G,G,t,G,G,G,b,G,G,G,G,G,t,t,t,G,G,t,b,b,G,G,G,m,m,m,m,m,m,m,m,m,m,m,m,m,m,m,m,m,m,m,m,m,m,m,m,m,m,m,m,m,m,m,m,m,m,m,m,m,m,m,m,m,m,m,m,m,m,m,m,m,m,m,m,m,m,m,m,m,m,m,m,m,m,m
m,m,m,m,m,m,m,m,m,m,m,m,m,m,m,m,m,m,m,m,m,m,m,m,m,m,m,m,m,m,m,m,m,m,m,m,m,m,m,m,m,m,m,m,m,m,m,m,m,m,m,m,m,m,m,m,m,m,m,m,m,m,m,m,m,m,m,m,m,m,G,t,G,G,G,G,G,G,b,G,t,G,b,G,G,G,b,G,G,t,G,G,G,G,G,G,G,t,G,G,G,G,b,G,G,G,G,G,b,G,G,t,G,G,G,G,G,G,G,t,G,G,G,G,t,G,t,G,G,G,t,G,b,G,G,t,G,G,G,G,b,G,G,b,G,G,G,G,G,G,G,G,G,G,G,G,G,G,t,t,G,G,G,t,G,G,t,G,G,G,G,G,t,G,G,G,G,G,G,t,G,b,b,G,G,b,G,G,t,t,b,G,G,G,G,G,G,b,b,G,G,G,G,b,t,G,G,G,G,G,t,G,G,b,b,G,G,G,t,G,G,G,b,G,G,t,G,G,G,G,G,t,G,G,G,m,m,m,m,m,m,m,m,m,m,m,m,m,m,m,m,m,m,m,m,m,m,m,m,m,m,m,m,m,m,m,m,m,m,m,m,m,m,m,m,m,m,m,m,m,m,m,m,m,m,m,m,m,m,m,m,m,m,m,m,m,m,m,m,m
m,m,m,m,m,m,m,m,m,m,m,m,m,m,m,m,m,m,m,m,m,m,m,m,m,m,m,m,m,m,m,m,m,m,m,m,m,m,m,m,m,m,m,m,m,m,m,m,m,m,m,m,m,m,m,m,m,m,m,m,m,m,m,m,m,m,m,m,m,m,m,G,G,b,G,b,G,G,G,G,t,G,b,G,G,G,G,G,t,G,G,t,G,G,G,t,G,G,t,G,G,t,G,t,G,t,t,G,G,t,G,G,G,G,G,G,G,G,b,G,G,G,G,G,t,G,b,G,G,t,G,t,G,t,t,t,b,G,b,G,G,t,b,G,G,G,G,t,G,G,G,G,G,G,t,G,G,t,G,b,G,G,G,G,G,t,t,G,b,G,t,G,G,G,G,G,G,G,G,G,t,t,G,G,G,G,G,b,G,G,b,t,b,G,G,G,G,t,G,G,G,G,G,G,G,b,G,b,t,G,G,G,G,b,G,t,G,G,G,G,G,G,G,t,G,G,G,t,G,t,G,G,G,t,m,m,m,m,m,m,m,m,m,m,m,m,m,m,m,m,m,m,m,m,m,m,m,m,m,m,m,m,m,m,m,m,m,m,m,m,m,m,m,m,m,m,m,m,m,m,m,m,m,m,m,m,m,m,m,m,m,m,m,m,m,m,m,m,m,m
m,m,m,m,m,m,m,m,m,m,m,m,m,m,m,m,m,m,m,m,m,m,m,m,m,m,m,m,m,m,m,m,m,m,m,m,m,m,m,m,m,m,m,m,m,m,m,m,m,m,m,m,m,m,m,m,m,m,m,m,m,m,m,m,m,m,m,m,m,m,m,m,t,G,t,G,G,t,G,G,G,t,t,G,t,b,t,G,G,t,t,t,t,G,G,G,G,G,G,G,G,t,G,G,G,t,G,b,G,t,G,t,t,G,G,G,G,G,b,G,t,b,G,G,G,G,G,G,G,t,t,t,G,G,G,t,t,G,G,G,t,b,G,G,G,G,G,b,G,G,G,G,G,G,G,G,G,t,G,G,b,t,G,G,G,t,G,G,G,b,G,G,b,G,G,G,b,b,G,G,t,G,t,G,G,G,G,G,t,G,G,t,G,t,G,G,G,G,b,G,t,t,G,G,G,t,G,G,G,t,t,G,G,G,b,G,G,G,G,t,G,t,t,t,G,b,G,G,G,G,b,G,G,t,m,m,m,m,m,m,m,m,m,m,m,m,m,m,m,m,m,m,m,m,m,m,m,m,m,m,m,m,m,m,m,m,m,m,m,m,m,m,m,m,m,m,m,m,m,m,m,m,m,m,m,m,m,m,m,m,m,m,m,m,m,m,m,m,m,m
m,m,m,m,m,m,m,m,m,m,m,m,m,m,m,m,m,m,m,m,m,m,m,m,m,m,m,m,m,m,m,m,m,m,m,m,m,m,m,m,m,m,m,m,m,m,m,m,m,m,m,m,m,m,m,m,m,m,m,m,m,m,m,m,m,m,m,m,m,m,m,m,G,G,G,b,t,G,G,t,t,G,G,G,G,t,t,G,G,G,t,G,t,b,G,G,G,G,G,G,G,b,t,t,G,t,G,G,t,G,t,t,G,G,G,t,t,G,b,G,G,G,b,G,t,t,G,t,G,G,G,G,G,G,G,G,G,G,b,G,G,G,G,G,b,G,G,G,G,G,G,G,G,G,G,G,G,t,b,G,t,G,t,b,G,G,G,t,G,t,G,G,G,b,G,G,G,G,G,G,G,G,G,G,G,t,G,G,G,G,G,G,t,G,b,G,G,t,b,G,G,t,G,G,G,b,t,G,b,G,G,G,G,t,G,b,t,G,G,t,t,G,t,G,G,G,t,G,G,G,G,G,G,m,m,m,m,m,m,m,m,m,m,m,m,m,m,m,m,m,m,m,m,m,m,m,m,m,m,m,m,m,m,m,m,m,m,m,m,m,m,m,m,m,m,m,m,m,m,m,m,m,m,m,m,m,m,m,m,m,m,m,m,m,m,m,m,m,m,m
m,m,m,m,m,m,m,m,m,m,m,m,m,m,m,m,m,m,m,m,m,m,m,m,m,m,m,m,m,m,m,m,m,m,m,m,m,m,m,m,m,m,m,m,m,m,m,m,m,m,m,m,m,m,m,m,m,m,m,m,m,m,m,m,m,m,m,m,m,m,m,m,m,G,b,t,b,G,G,G,t,G,G,G,G,G,G,t,G,G,t,G,b,G,G,G,G,t,G,b,G,G,G,G,G,G,G,G,t,t,G,b,G,b,G,b,b,t,t,b,G,t,G,G,G,G,G,t,G,G,G,G,G,G,t,G,t,G,G,G,G,G,G,G,G,G,G,b,G,G,G,G,G,G,b,G,b,t,b,t,G,G,G,G,G,t,G,G,G,G,G,G,G,G,G,G,b,G,G,t,t,b,G,b,b,G,G,G,G,t,G,G,G,G,t,t,G,G,t,G,G,G,G,b,t,b,b,G,t,t,G,b,b,t,G,G,G,G,G,G,t,G,G,b,G,G,G,G,G,t,G,t,m,m,m,m,m,m,m,m,m,m,m,m,m,m,m,m,m,m,m,m,m,m,m,m,m,m,m,m,m,m,m,m,m,m,m,m,m,m,m,m,m,m,m,m,m,m,m,m,m,m,m,m,m,m,m,m,m,m,m,m,m,m,m,m,m,m,m,m
m,m,m,m,m,m,m,m,m,m,m,m,m,m,m,m,m,m,m,m,m,m,m,m,m,m,m,m,m,m,m,m,m,m,m,m,m,m,m,m,m,m,m,m,m,m,m,m,m,m,m,m,m,m,m,m,m,m,m,m,m,m,m,m,m,m,m,m,m,m,m,m,m,m,m,G,G,G,G,G,G,t,G,t,G,b,G,G,G,G,G,G,G,t,G,t,G,G,t,t,G,G,G,G,G,t,G,G,G,G,G,G,G,t,G,t,G,G,b,G,G,t,t,b,G,G,G,G,G,G,G,t,G,G,t,G,G,G,b,G,G,G,G,t,G,G,G,t,t,G,G,G,G,G,G,G,t,b,t,G,G,G,G,G,t,G,G,G,b,b,G,G,G,G,G,G,G,G,G,t,G,G,G,G,G,G,t,G,G,G,G,t,G,G,b,G,G,t,G,G,G,G,b,t,b,G,G,G,G,G,G,G,G,b,G,G,G,G,t,t,G,G,G,G,G,G,G,G,G,G,b,G,m,m,m,m,m,m,m,m,m,m,m,m,m,m,m,m,m,m,m,m,m,m,m,m,m,m,m,m,m,m,m,m,m,m,m,m,m,m,m,m,m,m,m,m,m,m,m,m,m,m,m,m,m,m,m,m,m,m,m,m,m,m,m,m,m,m,m,m
m,m,m,m,m,m,m,m,m,m,m,m,m,m,m,m,m,m,m,m,m,m,m,m,m,m,m,m,m,m,m,m,m,m,m,m,m,m,m,m,m,m,m,m,m,m,m,m,m,m,m,m,m,m,m,m,m,m,m,m,m,m,m,m,m,m,m,m,m,m,m,m,m,m,m,G,G,G,t,G,b,G,G,G,G,G,t,G,G,t,G,b,G,G,G,G,t,G,G,t,G,b,b,G,G,b,t,b,G,t,G,G,t,t,G,b,G,G,t,t,G,G,t,G,t,b,G,G,t,G,G,G,t,G,G,G,t,G,G,t,G,t,G,G,t,G,t,b,G,G,G,G,G,G,G,G,G,G,G,G,G,G,G,G,G,G,G,G,G,G,G,G,G,G,b,G,G,G,G,G,G,G,G,t,G,G,t,G,G,G,G,G,G,G,t,G,t,t,G,t,b,G,G,G,b,t,t,G,G,G,G,G,b,t,G,G,t,G,t,G,G,b,G,t,t,G,G,b,G,t,t,m,m,m,m,m,m,m,m,m,m,m,m,m,m,m,m,m,m,m,m,m,m,m,m,m,m,m,m,m,m,m,m,m,m,m,m,m,m,m,m,m,m,m,m,m,m,m,m,m,m,m,m,m,m,m,m,m,m,m,m,m,m,m,m,m,m,m,m,m
m,m,m,m,m,m,m,m,m,m,m,m,m,m,m,m,m,m,m,m,m,m,m,m,m,m,m,m,m,m,m,m,m,m,m,m,m,m,m,m,m,m,m,m,m,m,m,m,m,m,m,m,m,m,m,m,m,m,m,m,m,m,m,m,m,m,m,m,m,m,m,m,m,m,m,m,G,b,G,G,t,b,t,G,G,G,G,G,t,G,b,G,G,b,G,G,b,t,G,b,t,b,t,G,G,G,G,t,b,G,G,b,G,G,t,t,G,G,G,G,G,G,t,b,G,t,t,t,t,t,G,t,t,b,t,G,b,t,G,G,t,G,G,t,G,G,G,t,t,G,G,G,G,G,G,G,G,t,t,G,t,G,G,G,t,G,t,G,G,G,G,G,G,G,G,t,G,t,G,G,G,t,t,G,G,b,G,G,t,G,G,t,G,b,G,b,G,t,G,b,G,G,G,G,G,G,G,G,G,G,b,G,G,t,G,G,G,G,G,t,G,G,G,G,b,G,G,G,G,G,m,m,m,m,m,m,m,m,m,m,m,m,m,m,m,m,m,m,m,m,m,m,m,m,m,m,m,m,m,m,m,m,m,m,m,m,m,m,m,m,m,m,m,m,m,m,m,m,m,m,m,m,m,m,m,m,m,m,m,m,m,m,m,m,m,m,m,m,m,m
m,m,m,m,m,m,m,m,m,m,m,m,m,m,m,m,m,m,m,m,m,m,m,m,m,m,m,m,m,m,m,m,m,m,m,m,m,m,m,m,m,m,m,m,m,m,m,m,m,m,m,m,m,m,m,m,m,m,m,m,m,m,m,m,m,m,m,m,m,m,m,m,m,m,m,m,m,G,G,G,G,t,G,G,t,G,b,G,G,G,G,G,G,t,G,t,G,t,t,G,G,t,t,G,G,b,t,G,b,t,t,t,G,G,G,G,b,G,G,G,G,G,b,G,G,G,G,t,G,G,G,G,G,G,G,b,b,G,t,G,G,G,G,G,G,G,t,G,G,G,G,G,G,G,G,G,G,G,G,G,G,t,b,t,b,b,b,G,b,G,G,G,G,G,b,G,G,t,t,b,G,G,t,G,G,t,G,b,G,t,G,b,t,G,G,G,G,G,G,t,G,t,b,G,G,G,t,G,t,G,t,G,G,G,G,G,b,G,G,b,G,b,G,G,G,b,G,G,G,t,m,m,m,m,m,m,m,m,m,m,m,m,m,m,m,m,m,m,m,m,m,m,m,m,m,m,m,m,m,m,m,m,m,m,m,m,m,m,m,m,m,m,m,m,m,m,m,m,m,m,m,m,m,m,m,m,m,m,m,m,m,m,m,m,m,m,m,m,m,m
m,m,m,m,m,m,m,m,m,m,m,m,m,m,m,m,m,m,m,m,m,m,m,m,m,m,m,m,m,m,m,m,m,m,m,m,m,m,m,m,m,m,m,m,m,m,m,m,m,m,m,m,m,m,m,m,m,m,m,m,m,m,m,m,m,m,m,m,m,m,m,m,m,m,m,m,m,m,m,G,G,G,b,G,G,G,G,G,t,G,G,t,G,G,t,G,t,b,G,G,G,b,t,t,G,G,G,G,t,G,b,G,G,t,G,G,G,t,G,t,t,G,G,G,G,G,G,t,G,G,b,G,G,t,b,G,b,b,G,G,G,t,G,t,G,G,G,G,G,G,G,G,G,G,t,G,G,G,b,G,G,G,t,t,G,G,G,G,G,G,G,t,t,t,G,G,G,G,G,t,G,t,b,G,G,G,b,t,b,t,G,t,b,t,b,G,G,G,G,G,t,t,t,G,G,t,G,b,G,G,G,G,b,G,G,G,G,b,b,G,G,t,G,G,G,b,G,G,G,m,m,m,m,m,m,m,m,m,m,m,m,m,m,m,m,m,m,m,m,m,m,m,m,m,m,m,m,m,m,m,m,m,m,m,m,m,m,m,m,m,m,m,m,m,m,m,m,m,m,m,m,m,m,m,m,m,m,m,m,m,m,m,m,m,m,m,m,m,m,m
m,m,m,m,m,m,m,m,m,m,m,m,m,m,m,m,m,m,m,m,m,m,m,m,m,m,m,m,m,m,m,m,m,m,m,m,m,m,m,m,m,m,m,m,m,m,m,m,m,m,m,m,m,m,m,m,m,m,m,m,m,m,m,m,m,m,m,m,m,m,m,m,m,m,m,m,m,m,m,G,G,t,t,t,G,G,G,G,G,G,t,t,G,G,G,b,G,G,t,t,G,t,G,G,G,G,G,G,G,G,G,t,G,t,G,t,G,t,b,G,b,G,t,t,G,G,t,G,G,b,G,b,G,t,G,G,G,G,G,G,G,b,G,G,G,G,G,G,G,G,G,G,G,G,t,G,G,G,G,t,G,t,G,G,G,t,G,G,G,G,G,G,G,G,t,G,G,G,t,G,G,G,G,t,b,G,G,t,t,G,G,t,G,G,G,G,G,t,t,b,G,t,G,G,G,G,G,G,G,b,t,G,G,G,G,G,G,b,b,t,G,G,G,G,G,G,t,G,m,m,m,m,m,m,m,m,m,m,m,m,m,m,m,m,m,m,m,m,m,m,m,m,m,m,m,m,m,m,m,m,m,m,m,m,m,m,m,m,m,m,m,m,m,m,m,m,m,m,m,m,m,m,m,m,m,m,m,m,m,m,m,m,m,m,m,m,m,m,m,m
m,m,m,m,m,m,m,m,m,m,m,m,m,m,m,m,m,m,m,m,m,m,m,m,m,m,m,m,m,m,m,m,m,m,m,m,m,m,m,m,m,m,m,m,m,m,m,m,m,m,m,m,m,m,m,m,m,m,m,m,m,m,m,m,m,m,m,m,m,m,m,m,m,m,m,m,m,m,m,m,t,G,b,G,G,G,G,G,G,G,t,G,t,t,G,b,G,G,G,G,t,G,t,t,t,G,G,G,b,t,G,G,G,b,t,G,G,b,t,G,G,G,G,G,b,G,G,b,t,G,t,t,G,G,G,t,G,t,G,G,G,t,G,G,G,G,G,G,G,G,G,G,G,G,t,G,b,G,t,G,G,G,G,G,b,t,G,G,t,G,t,G,t,t,G,G,G,G,G,t,G,G,t,t,G,t,G,t,t,b,G,G,G,G,G,t,b,G,G,t,G,G,G,G,b,t,t,G,G,G,G,G,t,G,G,G,t,G,G,b,G,G,b,G,t,G,G,G,m,m,m,m,m,m,m,m,m,m,m,m,m,m,m,m,m,m,m,m,m,m,m,m,m,m,m,m,m,m,m,m,m,m,m,m,m,m,m,m,m,m,m,m,m,m,m,m,m,m,m,m,m,m,m,m,m,m,m,m,m,m,m,m,m,m,m,m,m,m,m,m
m,m,m,m,m,m,m,m,m,m,m,m,m,m,m,m,m,m,m,m,m,m,m,m,m,m,m,m,m,m,m,m,m,m,m,m,m,m,m,m,m,m,m,m,m,m,m,m,m,m,m,m,m,m,m,m,m,m,m,m,m,m,m,m,m,m,m,m,m,m,m,m,m,m,m,m,m,m,m,m,m,b,G,t,b,G,G,G,G,G,G,G,G,G,t,G,t,G,t,G,t,G,G,G,G,G,G,t,t,G,t,t,G,G,G,G,G,G,G,G,G,t,t,G,G,G,G,G,G,G,G,G,G,G,G,G,G,G,b,G,G,G,G,t,G,t,t,G,t,G,G,G,G,G,t,G,G,b,G,b,G,G,b,G,G,G,b,t,G,G,G,G,G,G,G,t,t,G,t,t,G,t,t,G,G,t,G,b,G,t,G,G,G,G,G,t,G,b,G,b,t,G,G,G,G,G,t,t,G,G,G,G,G,t,G,t,b,G,G,G,G,G,t,G,G,G,G,m,m,m,m,m,m,m,m,m,m,m,m,m,m,m,m,m,m,m,m,m,m,m,m,m,m,m,m,m,m,m,m,m,m,m,m,m,m,m,m,m,m,m,m,m,m,m,m,m,m,m,m,m,m,m,m,m,m,m,m,m,m,m,m,m,m,m,m,m,m,m,m,m
m,m,m,m,m,m,m,m,m,m,m,m,m,m,m,m,m,m,m,m,m,m,m,m,m,m,m,m,m,m,m,m,m,m,m,m,m,m,m,m,m,m,m,m,m,m,m,m,m,m,m,m,m,m,m,m,m,m,m,m,m,m,m,m,m,m,m,m,m,m,m,m,m,m,m,m,m,m,m,m,m,t,G,G,G,G,t,t,t,G,G,G,G,G,G,t,b,G,G,G,G,G,G,b,G,t,G,b,G,G,t,G,G,G,t,G,t,G,G,G,t,t,G,G,G,G,G,G,G,b,G,b,b,t,G,G,G,G,G,G,t,b,G,G,G,G,b,G,G,G,G,G,G,G,t,G,b,G,G,G,G,t,t,G,G,G,G,G,t,G,t,G,b,G,G,t,b,G,t,G,G,G,G,G,G,G,G,t,t,G,G,b,G,G,G,G,G,G,G,G,t,G,G,t,G,t,G,b,t,t,G,G,G,t,G,G,b,t,G,t,G,G,t,G,t,G,m,m,m,m,m,m,m,m,m,m,m,m,m,m,m,m,m,m,m,m,m,m,m,m,m,m,m,m,m,m,m,m,m,m,m,m,m,m,m,m,m,m,m,m,m,m,m,m,m,m,m,m,m,m,m,m,m,m,m,m,m,m,m,m,m,m,m,m,m,m,m,m,m,m
m,m,m,m,m,m,m,m,m,m,m,m,m,m,m,m,m,m,m,m,m,m,m,m,m,m,m,m,m,m,m,m,m,m,m,m,m,m,m,m,m,m,m,m,m,m,m,m,m,m,m,m,m,m,m,m,m,m,m,m,m,m,m,m,m,m,m,m,m,m,m,m,m,m,m,m,m,m,m,m,m,m,t,t,b,G,G,G,t,G,t,G,G,t,b,G,G,t,G,G,G,G,G,G,G,G,G,G,G,G,t,G,G,t,t,t,b,G,G,t,t,G,G,G,G,G,G,G,G,G,t,G,t,G,t,t,G,b,G,G,t,G,G,G,t,t,G,t,G,G,G,G,G,G,t,G,G,G,G,t,G,G,G,t,G,G,G,G,G,G,G,G,G,G,G,G,G,G,G,t,t,G,t,G,G,G,G,t,G,G,b,G,G,G,t,t,G,G,G,G,G,t,G,t,t,b,G,G,G,G,G,G,G,G,G,G,G,G,G,G,G,G,G,t,t,t,m,m,m,m,m,m,m,m,m,m,m,m,m,m,m,m,m,m,m,m,m,m,m,m,m,m,m,m,m,m,m,m,m,m,m,m,m,m,m,m,m,m,m,m,m,m,m,m,m,m,m,m,m,m,m,m,m,m,m,m,m,m,m,m,m,m,m,m,m,m,m,m,m,m
m,m,m,m,m,m,m,m,m,m,m,m,m,m,m,m,m,m,m,m,m,m,m,m,m,m,m,m,m,m,m,m,m,m,m,m,m,m,m,m,m,m,m,m,m,m,m,m,m,m,m,m,m,m,m,m,m,m,m,m,m,m,m,m,m,m,m,m,m,m,m,m,m,m,m,m,m,m,m,m,m,m,m,t,G,G,G,b,t,G,G,t,b,G,G,t,G,t,G,G,b,G,G,b,G,G,b,G,t,G,G,G,G,G,G,t,G,G,G,G,G,G,G,G,G,G,G,G,t,G,t,t,G,t,G,G,G,G,G,t,G,G,G,b,G,G,t,G,G,G,G,G,G,G,t,G,G,b,t,G,G,G,b,G,G,G,G,t,G,G,t,G,G,t,G,G,G,G,G,G,b,G,W,G,G,G,G,G,G,G,t,G,t,G,G,G,t,t,G,G,G,t,G,t,t,t,t,t,G,G,t,G,G,G,G,G,G,G,t,G,t,G,t,G,G,m,m,m,m,m,m,m,m,m,m,m,m,m,m,m,m,m,m,m,m,m,m,m,m,m,m,m,m,m,m,m,m,m,m,m,m,m,m,m,m,m,m,m,m,m,m,m,m,m,m,m,m,m,m,m,m,m,m,m,m,m,m,m,m,m,m,m,m,m,m,m,m,m,m,m
m,m,m,m,m,m,m,m,m,m,m,m,m,m,m,m,m,m,m,m,m,m,m,m,m,m,m,m,m,m,m,m,m,m,m,m,m,m,m,m,m,m,m,m,m,m,m,m,m,m,m,m,m,m,m,m,m,m,m,m,m,m,m,m,m,m,m,m,m,m,m,m,m,m,m,m,m,m,m,m,m,m,m,b,t,t,G,G,G,G,G,G,G,b,t,t,G,G,t,t,t,G,b,b,G,G,G,b,G,G,b,t,G,G,G,b,G,G,t,G,G,G,G,G,G,b,G,t,t,G,t,t,G,G,G,G,G,G,G,G,G,G,t,b,G,G,G,G,G,G,G,G,G,G,G,t,G,G,G,b,G,G,t,t,G,G,G,t,G,G,G,t,b,G,t,G,G,t,G,W,W,t,t,t,W,W,b,G,t,G,t,G,G,G,G,G,t,t,G,G,G,G,G,t,G,t,G,t,G,G,G,G,G,t,G,G,t,t,G,t,G,G,G,b,G,m,m,m,m,m,m,m,m,m,m,m,m,m,m,m,m,m,m,m,m,m,m,m,m,m,m,m,m,m,m,m,m,m,m,m,m,m,m,m,m,m,m,m,m,m,m,m,m,m,m,m,m,m,m,m,m,m,m,m,m,m,m,m,m,m,m,m,m,m,m,m,m,m,m,m
m,m,m,m,m,m,m,m,m,m,m,m,m,m,m,m,m,m,m,m,m,m,m,m,m,m,m,m,m,m,m,m,m,m,m,m,m,m,m,m,m,m,m,m,m,m,m,m,m,m,m,m,m,m,m,m,m,m,m,m,m,m,m,m,m,m,m,m,m,m,m,m,m,m,m,m,m,m,m,m,m,m,m,m,t,G,t,G,t,G,G,G,G,G,b,G,b,G,t,G,G,G,G,G,G,b,b,b,G,G,G,G,G,t,G,G,G,b,b,G,G,G,G,G,G,G,t,G,G,G,G,G,G,G,G,t,G,G,G,b,G,G,t,t,G,G,t,G,t,G,G,G,G,G,t,t,G,G,G,G,G,b,t,t,b,G,G,G,t,G,G,G,G,G,t,t,G,G,W,W,W,t,W,W,W,t,W,G,t,G,G,G,t,G,G,G,G,G,G,G,G,G,t,b,G,G,t,t,b,G,G,G,G,t,G,G,G,G,t,b,G,b,t,b,m,m,m,m,m,m,m,m,m,m,m,m,m,m,m,m,m,m,m,m,m,m,m,m,m,m,m,m,m,m,m,m,m,m,m,m,m,m,m,m,m,m,m,m,m,m,m,m,m,m,m,m,m,m,m,m,m,m,m,m,m,m,m,m,m,m,m,m,m,m,m,m,m,m,m,m
m,m,m,m,m,m,m,m,m,m,m,m,m,m,m,m,m,m,m,m,m,m,m,m,m,m,m,m,m,m,m,m,m,m,m,m,m,m,m,m,m,m,m,m,m,m,m,m,m,m,m,m,m,m,m,m,m,m,m,m,m,m,m,m,m,m,m,m,m,m,m,m,m,m,m,m,m,m,m,m,m,m,m,m,m,G,t,G,G,b,G,G,t,G,b,G,G,t,G,t,t,G,b,G,t,G,t,G,G,b,G,G,G,t,G,G,G,G,G,G,G,G,G,t,G,G,G,G,t,G,t,G,G,G,G,G,G,G,G,t,G,G,t,G,t,b,G,G,b,G,G,G,G,G,G,G,G,G,G,t,G,G,t,G,t,G,G,t,G,t,t,b,t,b,G,b,t,t,W,W,t,t,W,W,t,W,W,W,G,G,G,G,G,G,t,G,G,G,G,t,G,G,G,G,G,G,G,G,b,G,G,G,G,t,t,t,t,b,G,t,G,G,G,m,m,m,m,m,m,m,m,m,m,m,m,m,m,m,m,m,m,m,m,m,m,m,m,m,m,m,m,m,m,m,m,m,m,m,m,m,m,m,m,m,m,m,m,m,m,m,m,m,m,m,m,m,m,m,m,m,m,m,m,m,m,m,m,m,m,m,m,m,m,m,m,m,m,m,m,m
m,m,m,m,m,m,m,m,m,m,m,m,m,m,m,m,m,m,m,m,m,m,m,m,m,m,m,m,m,m,m,m,m,m,m,m,m,m,m,m,m,m,m,m,m,m,m,m,m,m,m,m,m,m,m,m,m,m,m,m,m,m,m,m,m,m,m,m,m,m,m,m,m,m,m,m,m,m,m,m,m,m,m,m,m,G,G,G,G,G,G,G,G,G,G,t,G,G,t,t,G,G,t,G,G,t,G,G,G,t,G,G,G,G,G,G,G,G,t,G,G,G,G,G,G,G,G,G,G,G,G,G,G,G,G,b,G,t,t,G,G,G,G,G,G,G,G,b,G,G,G,G,G,G,G,G,G,b,G,b,G,t,G,G,G,b,G,b,b,t,G,b,G,b,G,G,t,W,W,W,W,W,W,W,W,t,W,W,W,G,t,G,G,G,G,t,G,G,G,t,G,b,G,b,G,t,G,G,t,b,t,G,G,t,t,G,t,G,G,G,b,t,G,t,m,m,m,m,m,m,m,m,m,m,m,m,m,m,m,m,m,m,m,m,m,m,m,m,m,m,m,m,m,m,m,m,m,m,m,m,m,m,m,m,m,m,m,m,m,m,m,m,m,m,m,m,m,m,m,m,m,m,m,m,m,m,m,m,m,m,m,m,m,m,m,m,m,m,m,m
m,m,m,m,m,m,m,m,m,m,m,m,m,m,m,m,m,m,m,m,m,m,m,m,m,m,m,m,m,m,m,m,m,m,m,m,m,m,m,m,m,m,m,m,m,m,m,m,m,m,m,m,m,m,m,m,m,m,m,m,m,m,m,m,m,m,m,m,m,m,m,m,m,m,m,m,m,m,m,m,m,m,m,m,m,m,G,b,G,G,G,t,b,G,b,G,G,G,G,G,G,t,t,G,t,G,G,G,G,t,G,G,G,G,b,G,t,t,t,G,t,G,t,G,G,G,G,b,G,G,G,t,t,b,G,G,b,t,G,G,G,G,G,G,G,t,G,G,G,G,G,G,G,G,G,t,t,G,t,G,G,G,G,t,t,G,G,G,t,t,t,G,G,t,t,t,t,W,W,W,W,W,W,W,W,W,W,W,W,t,G,G,G,G,t,t,G,G,G,t,t,G,t,t,G,t,G,G,G,G,G,t,t,b,G,G,t,G,G,b,G,G,G,m,m,m,m,m,m,m,m,m,m,m,m,m,m,m,m,m,m,m,m,m,m,m,m,m,m,m,m,m,m,m,m,m,m,m,m,m,m,m,m,m,m,m,m,m,m,m,m,m,m,m,m,m,m,m,m,m,m,m,m,m,m,m,m,m,m,m,m,m,m,m,m,m,m,m,m,m
m,m,m,m,m,m,m,m,m,m,m,m,m,m,m,m,m,m,m,m,m,m,m,m,m,m,m,m,m,m,m,m,m,m,m,m,m,m,m,m,m,m,m,m,m,m,m,m,m,m,m,m,m,m,m,m,m,m,m,m,m,m,m,m,m,m,m,m,m,m,m,m,m,m,m,m,m,m,m,m,m,m,m,m,m,m,m,G,G,G,G,t,G,G,G,b,G,G,G,b,G,G,G,G,G,G,G,G,G,G,G,G,G,G,t,G,G,t,G,G,t,G,G,G,G,t,G,t,G,G,G,G,G,G,G,t,G,G,t,b,G,G,b,t,b,G,G,t,G,G,G,G,G,G,G,G,G,G,t,t,t,G,G,G,t,G,G,t,t,t,G,t,t,G,G,G,t,W,W,W,W,t,W,W,W,W,W,W,t,G,G,G,G,G,G,G,G,b,G,G,G,G,t,G,G,G,G,t,G,t,G,G,G,G,t,G,G,G,G,G,G,G,m,m,m,m,m,m,m,m,m,m,m,m,m,m,m,m,m,m,m,m,m,m,m,m,m,m,m,m,m,m,m,m,m,m,m,m,m,m,m,m,m,m,m,m,m,m,m,m,m,m,m,m,m,m,m,m,m,m,m,m,m,m,m,m,m,m,m,m,m,m,m,m,m,m,m,m,m,m
m,m,m,m,m,m,m,m,m,m,m,m,m,m,m,m,m,m,m,m,m,m,m,m,m,m,m,m,m,m,m,m,m,m,m,m,m,m,m,m,m,m,m,m,m,m,m,m,m,m,m,m,m,m,m,m,m,m,m,m,m,m,m,m,m,m,m,m,m,m,m,m,m,m,m,m,m,m,m,m,m,m,m,m,m,m,m,G,G,G,t,t,G,G,G,G,G,G,b,G,G,G,G,G,G,G,b,G,G,G,G,G,t,b,G,b,b,G,G,G,G,G,G,G,G,G,G,G,G,G,G,G,G,G,G,b,G,G,G,G,G,G,G,G,t,t,G,G,G,G,G,G,G,G,G,b,G,G,t,t,b,G,G,G,G,b,G,G,G,G,G,t,G,t,G,W,W,W,t,W,W,W,W,W,W,W,W,t,W,W,G,G,G,G,G,t,t,b,G,t,G,b,G,G,G,t,b,G,G,G,G,G,G,G,G,G,G,G,G,G,t,G,m,m,m,m,m,m,m,m,m,m,m,m,m,m,m,m,m,m,m,m,m,m,m,m,m,m,m,m,m,m,m,m,m,m,m,m,m,m,m,m,m,m,m,m,m,m,m,m,m,m,m,m,m,m,m,m,m,m,m,m,m,m,m,m,m,m,m,m,m,m,m,m,m,m,m,m,m,m
m,m,m,m,m,m,m,m,m,m,m,m,m,m,m,m,m,m,m,m,m,m,m,m,m,m,m,m,m,m,m,m,m,m,m,m,m,m,m,m,m,m,m,m,m,m,m,m,m,m,m,m,m,m,m,m,m,m,m,m,m,m,m,m,m,m,m,m,m,m,m,m,m,m,m,m,m,m,m,m,m,m,m,m,m,m,m,m,G,G,G,G,G,G,G,G,G,t,G,G,t,G,G,t,t,G,G,G,G,G,t,G,G,G,b,G,G,G,G,G,G,G,G,G,G,G,G,G,G,t,t,G,G,G,G,t,G,t,t,G,t,G,t,G,b,t,G,b,G,G,G,G,G,G,t,t,G,b,G,G,t,G,G,G,G,G,b,G,G,G,G,G,G,G,b,G,t,t,W,W,t,W,W,W,W,W,W,W,W,t,G,G,G,G,G,G,G,b,G,G,G,G,G,G,G,b,G,b,G,G,b,G,G,G,G,G,G,b,G,G,G,m,m,m,m,m,m,m,m,m,m,m,m,m,m,m,m,m,m,m,m,m,m,m,m,m,m,m,m,m,m,m,m,m,m,m,m,m,m,m,m,m,m,m,m,m,m,m,m,m,m,m,m,m,m,m,m,m,m,m,m,m,m,m,m,m,m,m,m,m,m,m,m,m,m,m,m,m,m,m
m,m,m,m,m,m,m,m,m,m,m,m,m,m,m,m,m,m,m,m,m,m,m,m,m,m,m,m,m,m,m,m,m,m,m,m,m,m,m,m,m,m,m,m,m,m,m,m,m,m,m,m,m,m,m,m,m,m,m,m,m,m,m,m,m,m,m,m,m,m,m,m,m,m,m,m,m,m,m,m,m,m,m,m,m,m,m,m,b,t,G,t,t,G,G,G,G,G,G,b,G,G,G,G,G,G,t,G,t,t,G,t,G,G,G,G,b,G,t,G,b,t,G,G,b,G,G,t,G,G,b,G,G,G,G,t,b,G,G,G,G,G,G,G,G,G,G,G,G,G,G,G,G,G,G,G,t,G,G,G,t,G,G,G,b,b,G,t,G,b,G,G,t,G,G,G,W,t,t,t,W,W,W,W,t,W,t,W,W,t,G,G,G,t,G,G,t,b,G,G,t,t,b,t,t,t,G,G,G,G,G,t,G,G,G,t,b,t,G,t,t,m,m,m,m,m,m,m,m,m,m,m,m,m,m,m,m,m,m,m,m,m,m,m,m,m,m,m,m,m,m,m,m,m,m,m,m,m,m,m,m,m,m,m,m,m,m,m,m,m,m,m,m,m,m,m,m,m,m,m,m,m,m,m,m,m,m,m,m,m,m,m,m,m,m,m,m,m,m,m
m,m,m,m,m,m,m,m,m,m,m,m,m,m,m,m,m,m,m,m,m,m,m,m,m,m,m,m,m,m,m,m,m,m,m,m,m,m,m,m,m,m,m,m,m,m,m,m,m,m,m,m,m,m,m,m,m,m,m,m,m,m,m,m,m,m,m,m,m,m,m,m,m,m,m,m,m,m,m,m,m,m,m,m,m,m,m,m,G,G,G,t,G,t,G,t,t,b,G,G,G,G,G,G,G,G,G,t,t,t,G,G,G,G,t,G,G,t,b,G,G,G,G,G,t,t,t,G,t,G,t,G,G,b,G,t,G,b,G,G,t,b,t,t,b,G,t,G,G,G,G,G,G,G,G,t,t,t,G,G,G,G,t,G,G,t,G,t,t,b,G,G,t,G,b,t,W,W,W,W,W,W,W,W,t,W,t,t,t,G,t,G,G,G,G,G,G,G,G,b,G,b,G,G,G,G,G,G,G,G,G,t,G,b,t,t,G,t,b,G,b,m,m,m,m,m,m,m,m,m,m,m,m,m,m,m,m,m,m,m,m,m,m,m,m,m,m,m,m,m,m,m,m,m,m,m,m,m,m,m,m,m,m,m,m,m,m,m,m,m,m,m,m,m,m,m,m,m,m,m,m,m,m,m,m,m,m,m,m,m,m,m,m,m,m,m,m,m,m,m
m,m,m,m,m,m,m,m,m,m,m,m,m,m,m,m,m,m,m,m,m,m,m,m,m,m,m,m,m,m,m,m,m,m,m,m,m,m,m,m,m,m,m,m,m,m,m,m,m,m,m,m,m,m,m,m,m,m,m,m,m,m,m,m,m,m,m,m,m,m,m,m,m,m,m,m,m,m,m,m,m,m,m,m,m,m,m,m,m,G,G,G,G,G,G,t,t,t,G,G,G,b,G,G,t,G,t,G,G,b,G,t,b,b,G,G,b,G,G,t,G,G,t,G,b,G,G,G,t,G,t,G,b,t,G,G,G,G,G,G,G,G,G,G,G,G,G,G,G,G,G,G,G,G,G,t,G,G,t,G,G,G,G,G,b,G,t,t,G,G,G,t,G,G,t,G,t,W,W,W,W,t,W,W,W,t,W,W,G,G,G,G,G,G,t,G,G,G,G,G,G,t,b,t,t,G,G,G,G,G,G,G,G,G,G,G,G,G,G,G,m,m,m,m,m,m,m,m,m,m,m,m,m,m,m,m,m,m,m,m,m,m,m,m,m,m,m,m,m,m,m,m,m,m,m,m,m,m,m,m,m,m,m,m,m,m,m,m,m,m,m,m,m,m,m,m,m,m,m,m,m,m,m,m,m,m,m,m,m,m,m,m,m,m,m,m,m,m,m,m
m,m,m,m,m,m,m,m,m,m,m,m,m,m,m,m,m,m,m,m,m,m,m,m,m,m,m,m,m,m,m,m,m,m,m,m,m,m,m,m,m,m,m,m,m,m,m,m,m,m,m,m,m,m,m,m,m,m,m,m,m,m,m,m,m,m,m,m,m,m,m,m,m,m,m,m,m,m,m,m,m,m,m,m,m,m,m,m,m,t,G,G,G,G,t,G,G,b,G,G,t,b,G,G,t,G,t,t,t,G,G,G,G,G,G,G,G,G,G,G,t,G,G,G,G,G,t,G,G,G,G,G,b,t,G,t,b,G,G,G,G,G,G,t,G,G,G,G,G,G,G,G,G,G,b,G,G,G,G,G,G,G,G,G,t,G,G,G,G,G,G,G,G,t,t,t,G,b,W,W,W,W,W,W,W,W,W,G,b,G,G,G,G,G,t,t,t,t,t,G,G,G,G,t,G,t,t,G,G,t,G,G,t,t,G,G,t,G,G,m,m,m,m,m,m,m,m,m,m,m,m,m,m,m,m,m,m,m,m,m,m,m,m,m,m,m,m,m,m,m,m,m,m,m,m,m,m,m,m,m,m,m,m,m,m,m,m,m,m,m,m,m,m,m,m,m,m,m,m,m,m,m,m,m,m,m,m,m,m,m,m,m,m,m,m,m,m,m,m,m
m,m,m,m,m,m,m,m,m,m,m,m,m,m,m,m,m,m,m,m,m,m,m,m,m,m,m,m,m,m,m,m,m,m,m,m,m,m,m,m,m,m,m,m,m,m,m,m,m,m,m,m,m,m,m,m,m,m,m,m,m,m,m,m,m,m,m,m,m,m,m,m,m,m,m,m,m,m,m,m,m,m,m,m,m,m,m,m,m,t,G,G,G,b,G,G,G,t,t,G,G,G,b,G,t,G,G,G,G,b,G,G,G,t,t,G,t,G,G,G,G,G,G,b,G,G,G,G,G,b,G,G,G,G,G,t,b,t,t,b,b,b,G,G,G,t,G,G,G,G,G,G,G,G,t,G,t,G,G,G,t,G,G,G,G,G,G,b,t,t,G,G,G,G,G,G,G,G,G,W,W,W,W,W,t,W,t,t,G,G,G,G,G,G,t,G,t,G,G,G,G,G,G,G,G,t,t,G,G,b,G,G,t,b,G,G,t,G,G,m,m,m,m,m,m,m,m,m,m,m,m,m,m,m,m,m,m,m,m,m,m,m,m,m,m,m,m,m,m,m,m,m,m,m,m,m,m,m,m,m,m,m,m,m,m,m,m,m,m,m,m,m,m,m,m,m,m,m,m,m,m,m,m,m,m,m,m,m,m,m,m,m,m,m,m,m,m,m,m,m
m,m,m,m,m,m,m,m,m,m,m,m,m,m,m,m,m,m,m,m,m,m,m,m,m,m,m,m,m,m,m,m,m,m,m,m,m,m,m,m,m,m,m,m,m,m,m,m,m,m,m,m,m,m,m,m,m,m,m,m,m,m,m,m,m,m,m,m,m,m,m,m,m,m,m,m,m,m,m,m,m,m,m,m,m,m,m,m,m,m,G,b,G,t,t,G,G,G,G,t,t,G,G,G,G,t,G,G,G,G,b,G,G,t,G,G,t,G,t,G,G,b,G,G,G,G,G,G,b,G,G,t,t,G,G,G,G,t,G,G,t,t,t,b,G,t,t,G,t,G,G,G,G,G,G,G,G,G,t,G,G,G,t,G,G,b,t,G,G,G,G,t,G,G,G,t,G,G,G,G,G,G,W,G,G,G,G,t,G,G,t,G,G,G,t,b,G,G,b,t,t,t,t,G,G,G,G,G,t,t,G,G,t,G,G,G,t,G,m,m,m,m,m,m,m,m,m,m,m,m,m,m,m,m,m,m,m,m,m,m,m,m,m,m,m,m,m,m,m,m,m,m,m,m,m,m,m,m,m,m,m,m,m,m,m,m,m,m,m,m,m,m,m,m,m,m,m,m,m,m,m,m,m,m,m,m,m,m,m,m,m,m,m,m,m,m,m,m,m,m
m,m,m,m,m,m,m,m,m,m,m,m,m,m,m,m,m,m,m,m,m,m,m,m,m,m,m,m,m,m,m,m,m,m,m,m,m,m,m,m,m,m,m,m,m,m,m,m,m,m,m,m,m,m,m,m,m,m,m,m,m,m,m,m,m,m,m,m,m,m,m,m,m,m,m,m,m,m,m,m,m,m,m,m,m,m,m,m,m,m,m,G,t,G,G,b,b,G,G,G,G,G,b,t,G,G,G,G,b,G,G,G,G,t,G,G,G,G,G,G,t,t,t,G,G,t,t,b,t,t,G,G,G,G,b,t,b,G,t,t,G,G,G,G,G,G,t,b,G,G,G,G,G,G,t,t,b,G,G,b,b,G,G,G,G,t,G,G,G,G,G,G,G,G,G,G,G,G,G,t,G,G,G,G,t,t,G,t,b,G,t,G,G,G,G,t,G,G,G,G,G,G,b,G,G,G,t,G,G,G,G,G,G,t,t,G,G,m,m,m,m,m,m,m,m,m,m,m,m,m,m,m,m,m,m,m,m,m,m,m,m,m,m,m,m,m,m,m,m,m,m,m,m,m,m,m,m,m,m,m,m,m,m,m,m,m,m,m,m,m,m,m,m,m,m,m,m,m,m,m,m,m,m,m,m,m,m,m,m,m,m,m,m,m,m,m,m,m,m,m
m,m,m,m,m,m,m,m,m,m,m,m,m,m,m,m,m,m,m,m,m,m,m,m,m,m,m,m,m,m,m,m,m,m,m,m,m,m,m,m,m,m,m,m,m,m,m,m,m,m,m,m,m,m,m,m,m,m,m,m,m,m,m,m,m,m,m,m,m,m,m,m,m,m,m,m,m,m,m,m,m,m,m,m,m,m,m,m,m,m,m,G,G,G,G,b,t,G,t,G,G,G,t,G,t,G,t,G,G,G,t,G,G,t,t,G,G,G,G,b,G,G,G,t,t,G,G,t,t,t,b,G,G,G,G,G,G,t,G,t,G,G,G,G,G,G,G,G,G,G,G,G,G,G,G,G,G,G,G,b,G,G,G,G,G,G,G,G,b,t,G,G,G,t,G,t,t,G,t,b,G,t,G,t,G,G,t,G,G,G,G,G,G,G,G,G,G,G,G,t,t,b,G,G,t,b,G,G,G,G,G,G,t,G,G,G,t,G,m,m,m,m,m,m,m,m,m,m,m,m,m,m,m,m,m,m,m,m,m,m,m,m,m,m,m,m,m,m,m,m,m,m,m,m,m,m,m,m,m,m,m,m,m,m,m,m,m,m,m,m,m,m,m,m,m,m,m,m,m,m,m,m,m,m,m,m,m,m,m,m,m,m,m,m,m,m,m,m,m,m
m,m,m,m,m,m,m,m,m,m,m,m,m,m,m,m,m,m,m,m,m,m,m,m,m,m,m,m,m,m,m,m,m,m,m,m,m,m,m,m,m,m,m,m,m,m,m,m,m,m,m,m,m,m,m,m,m,m,m,m,m,m,m,m,m,m,m,m,m,m,m,m,m,m,m,m,m,m,m,m,m,m,m,m,m,m,m,m,m,m,m,m,G,t,t,t,G,G,G,G,G,G,G,G,G,G,G,t,G,t,t,G,G,G,G,G,G,t,b,G,t,G,t,t,G,G,G,t,G,G,G,G,b,G,t,G,G,G,t,G,b,G,G,G,G,t,G,b,G,G,G,G,G,G,t,t,t,G,G,t,G,G,G,G,t,G,b,G,G,G,t,G,G,b,G,G,b,G,b,t,t,G,G,G,b,G,t,G,t,t,G,G,G,G,t,G,G,G,G,t,b,G,G,G,G,t,t,G,G,G,G,G,G,G,G,G,G,m,m,m,m,m,m,m,m,m,m,m,m,m,m,m,m,m,m,m,m,m,m,m,m,m,m,m,m,m,m,m,m,m,m,m,m,m,m,m,m,m,m,m,m,m,m,m,m,m,m,m,m,m,m,m,m,m,m,m,m,m,m,m,m,m,m,m,m,m,m,m,m,m,m,m,m,m,m,m,m,m,m,m
m,m,m,m,m,m,m,m,m,m,m,m,m,m,m,m,m,m,m,m,m,m,m,m,m,m,m,m,m,m,m,m,m,m,m,m,m,m,m,m,m,m,m,m,m,m,m,m,m,m,m,m,m,m,m,m,m,m,m,m,m,m,m,m,m,m,m,m,m,m,m,m,m,m,m,m,m,m,m,m,m,m,m,m,m,m,m,m,m,m,m,m,m,G,G,G,G,G,t,G,G,t,G,G,t,G,b,G,G,t,b,G,t,G,G,b,G,G,G,G,G,G,G,b,t,G,G,G,G,G,G,G,t,G,G,G,G,b,G,t,G,G,G,G,G,G,t,G,G,G,G,G,G,G,G,G,G,G,G,b,t,G,G,G,G,t,G,G,G,t,G,G,G,t,G,G,G,G,G,t,b,b,G,t,G,G,G,G,G,G,G,G,G,G,G,G,G,t,G,t,G,G,G,t,G,G,t,G,b,G,t,t,t,G,G,G,G,m,m,m,m,m,m,m,m,m,m,m,m,m,m,m,m,m,m,m,m,m,m,m,m,m,m,m,m,m,m,m,m,m,m,m,m,m,m,m,m,m,m,m,m,m,m,m,m,m,m,m,m,m,m,m,m,m,m,m,m,m,m,m,m,m,m,m,m,m,m,m,m,m,m,m,m,m,m,m,m,m,m,m
m,m,m,m,m,m,m,m,m,m,m,m,m,m,m,m,m,m,m,m,m,m,m,m,m,m,m,m,m,m,m,m,m,m,m,m,m,m,m,m,m,m,m,m,m,m,m,m,m,m,m,m,m,m,m,m,m,m,m,m,m,m,m,m,m,m,m,m,m,m,m,m,m,m,m,m,m,m,m,m,m,m,m,m,m,m,m,m,m,m,m,m,G,G,b,G,t,G,b,G,G,G,b,b,G,t,b,G,G,t,b,G,G,t,t,t,G,G,b,t,G,t,b,b,G,t,b,b,G,G,G,G,G,G,b,G,G,G,G,t,G,b,G,G,G,G,G,G,G,G,G,G,G,G,b,G,t,G,b,G,t,G,t,t,G,G,b,b,G,G,G,G,t,G,t,G,t,G,t,b,b,G,b,G,t,G,G,G,t,G,G,G,t,t,t,G,t,t,G,b,G,t,G,G,G,t,t,t,G,G,t,G,G,t,t,G,m,m,m,m,m,m,m,m,m,m,m,m,m,m,m,m,m,m,m,m,m,m,m,m,m,m,m,m,m,m,m,m,m,m,m,m,m,m,m,m,m,m,m,m,m,m,m,m,m,m,m,m,m,m,m,m,m,m,m,m,m,m,m,m,m,m,m,m,m,m,m,m,m,m,m,m,m,m,m,m,m,m,m,m
m,m,m,m,m,m,m,m,m,m,m,m,m,m,m,m,m,m,m,m,m,m,m,m,m,m,m,m,m,m,m,m,m,m,m,m,m,m,m,m,m,m,m,m,m,m,m,m,m,m,m,m,m,m,m,m,m,m,m,m,m,m,m,m,m,m,m,m,m,m,m,m,m,m,m,m,m,m,m,m,m,m,m,m,m,m,m,m,m,m,m,m,m,b,G,G,G,G,G,G,G,t,b,t,G,t,G,t,G,G,G,G,b,G,G,G,G,G,G,t,G,G,b,G,G,t,G,G,G,b,G,G,G,G,t,t,t,G,G,G,G,G,G,G,G,G,t,G,G,G,G,G,G,G,G,G,t,G,G,t,G,G,G,G,G,G,G,G,G,b,G,G,G,b,G,G,b,G,t,G,G,t,t,G,G,G,G,G,t,G,G,G,G,G,G,G,G,G,G,G,G,G,G,t,t,G,t,t,G,G,G,t,G,t,G,G,m,m,m,m,m,m,m,m,m,m,m,m,m,m,m,m,m,m,m,m,m,m,m,m,m,m,m,m,m,m,m,m,m,m,m,m,m,m,m,m,m,m,m,m,m,m,m,m,m,m,m,m,m,m,m,m,m,m,m,m,m,m,m,m,m,m,m,m,m,m,m,m,m,m,m,m,m,m,m,m,m,m,m,m
m,m,m,m,m,m,m,m,m,m,m,m,m,m,m,m,m,m,m,m,m,m,m,m,m,m,m,m,m,m,m,m,m,m,m,m,m,m,m,m,m,m,m,m,m,m,m,m,m,m,m,m,m,m,m,m,m,m,m,m,m,m,m,m,m,m,m,m,m,m,m,m,m,m,m,m,m,m,m,m,m,m,m,m,m,m,m,m,m,m,m,m,m,m,G,G,G,t,G,b,t,G,G,t,G,G,t,G,t,G,G,t,G,G,b,G,G,G,b,G,G,G,G,G,G,G,t,G,G,G,G,G,G,G,G,G,G,G,G,G,G,G,G,t,G,G,G,G,G,G,G,G,G,G,G,G,G,t,b,G,G,b,t,t,G,G,G,t,G,G,G,b,t,G,G,b,G,G,G,t,G,b,t,t,t,t,t,G,t,G,t,G,G,G,G,G,G,G,G,G,G,G,G,G,b,t,t,G,t,G,G,G,G,G,t,G,m,m,m,m,m,m,m,m,m,m,m,m,m,m,m,m,m,m,m,m,m,m,m,m,m,m,m,m,m,m,m,m,m,m,m,m,m,m,m,m,m,m,m,m,m,m,m,m,m,m,m,m,m,m,m,m,m,m,m,m,m,m,m,m,m,m,m,m,m,m,m,m,m,m,m,m,m,m,m,m,m,m,m,m
m,m,m,m,m,m,m,m,m,m,m,m,m,m,m,m,m,m,m,m,m,m,m,m,m,m,m,m,m,m,m,m,m,m,m,m,m,m,m,m,m,m,m,m,m,m,m,m,m,m,m,m,m,m,m,m,m,m,m,m,m,m,m,m,m,m,m,m,m,m,m,m,m,m,m,m,m,m,m,m,m,m,m,m,m,m,m,m,m,m,m,m,m,m,G,G,G,G,t,G,t,t,G,G,G,t,t,G,b,G,G,G,G,G,G,G,G,G,t,G,G,t,t,t,G,G,t,G,t,G,G,t,G,G,G,G,G,t,t,G,t,G,G,G,G,t,G,t,G,G,G,G,G,G,G,G,G,G,G,G,G,G,t,t,t,t,G,G,G,G,t,G,G,b,t,G,G,G,G,t,b,t,G,G,G,G,G,G,t,G,G,t,t,t,G,G,t,G,t,G,G,G,t,G,G,t,b,t,G,G,G,G,G,G,G,m,m,m,m,m,m,m,m,m,m,m,m,m,m,m,m,m,m,m,m,m,m,m,m,m,m,m,m,m,m,m,m,m,m,m,m,m,m,m,m,m,m,m,m,m,m,m,m,m,m,m,m,m,m,m,m,m,m,m,m,m,m,m,m,m,m,m,m,m,m,m,m,m,m,m,m,m,m,m,m,m,m,m,m,m
m,m,m,m,m,m,m,m,m,m,m,m,m,m,m,m,m,m,m,m,m,m,m,m,m,m,m,m,m,m,m,m,m,m,m,m,m,m,m,m,m,m,m,m,m,m,m,m,m,m,m,m,m,m,m,m,m,m,m,m,m,m,m,m,m,m,m,m,m,m,m,m,m,m,m,m,m,m,m,m,m,m,m,m,m,m,m,m,m,m,m,m,m,m,G,G,G,G,G,t,G,b,G,G,G,G,G,G,t,t,G,G,G,t,G,t,b,G,b,G,G,G,t,G,b,G,t,G,b,t,b,G,G,G,t,G,G,G,G,G,G,G,G,G,G,G,G,G,G,G,G,G,G,G,G,G,G,G,G,G,t,G,G,G,G,G,b,t,G,b,G,G,G,t,G,t,t,G,G,t,G,G,G,G,t,G,G,G,G,t,G,b,G,G,G,t,G,G,G,G,G,G,G,t,t,G,G,G,G,G,t,G,G,G,m,m,m,m,m,m,m,m,m,m,m,m,m,m,m,m,m,m,m,m,m,m,m,m,m,m,m,m,m,m,m,m,m,m,m,m,m,m,m,m,m,m,m,m,m,m,m,m,m,m,m,m,m,m,m,m,m,m,m,m,m,m,m,m,m,m,m,m,m,m,m,m,m,m,m,m,m,m,m,m,m,m,m,m,m,m
m,m,m,m,m,m,m,m,m,m,m,m,m,m,m,m,m,m,m,m,m,m,m,m,m,m,m,m,m,m,m,m,m,m,m,m,m,m,m,m,m,m,m,m,m,m,m,m,m,m,m,m,m,m,m,m,m,m,m,m,m,m,m,m,m,m,m,m,m,m,m,m,m,m,m,m,m,m,m,m,m,m,m,m,m,m,m,m,m,m,m,m,m,m,m,t,G,G,G,G,t,b,t,G,G,G,G,G,t,b,G,t,G,G,t,G,G,t,G,G,G,t,G,t,G,t,G,b,G,G,G,G,G,t,G,G,G,b,G,G,G,G,G,G,t,G,t,t,G,G,G,G,G,G,G,t,b,b,G,t,t,b,G,G,G,G,G,b,G,G,G,G,G,G,G,G,G,G,G,G,G,G,G,G,b,G,G,G,G,b,G,G,t,t,G,G,G,b,G,G,G,t,t,b,G,t,t,t,t,G,G,G,G,G,m,m,m,m,m,m,m,m,m,m,m,m,m,m,m,m,m,m,m,m,m,m,m,m,m,m,m,m,m,m,m,m,m,m,m,m,m,m,m,m,m,m,m,m,m,m,m,m,m,m,m,m,m,m,m,m,m,m,m,m,m,m,m,m,m,m,m,m,m,m,m,m,m,m,m,m,m,m,m,m,m,m,m,m,m,m
m,m,m,m,m,m,m,m,m,m,m,m,m,m,m,m,m,m,m,m,m,m,m,m,m,m,m,m,m,m,m,m,m,m,m,m,m,m,m,m,m,m,m,m,m,m,m,m,m,m,m,m,m,m,m,m,m,m,m,m,m,m,m,m,m,m,m,m,m,m,m,m,m,m,m,m,m,m,m,m,m,m,m,m,m,m,m,m,m,m,m,m,m,m,m,m,t,G,t,G,G,t,G,G,t,G,G,b,G,G,G,G,G,G,b,G,G,G,G,b,G,G,b,t,t,G,G,G,G,G,G,G,G,G,G,G,G,G,G,G,G,G,t,G,G,G,G,G,b,G,G,G,G,G,G,G,t,G,b,G,G,G,G,G,G,G,b,b,t,G,G,G,G,G,G,G,G,G,b,G,G,b,t,G,t,G,G,t,t,t,G,b,t,t,G,G,G,b,G,G,t,t,G,b,t,G,G,G,G,b,t,b,t,m,m,m,m,m,m,m,m,m,m,m,m,m,m,m,m,m,m,m,m,m,m,m,m,m,m,m,m,m,m,m,m,m,m,m,m,m,m,m,m,m,m,m,m,m,m,m,m,m,m,m,m,m,m,m,m,m,m,m,m,m,m,m,m,m,m,m,m,m,m,m,m,m,m,m,m,m,m,m,m,m,m,m,m,m,m,m
m,m,m,m,m,m,m,m,m,m,m,m,m,m,m,m,m,m,m,m,m,m,m,m,m,m,m,m,m,m,m,m,m,m,m,m,m,m,m,m,m,m,m,m,m,m,m,m,m,m,m,m,m,m,m,m,m,m,m,m,m,m,m,m,m,m,m,m,m,m,m,m,m,m,m,m,m,m,m,m,m,m,m,m,m,m,m,m,m,m,m,m,m,m,m,m,G,G,b,G,G,b,G,G,t,t,G,G,G,G,G,G,G,G,G,G,G,G,G,G,t,G,G,G,G,G,G,b,G,G,t,G,G,t,t,G,G,t,G,G,t,G,G,b,G,G,t,t,G,G,G,G,G,G,G,G,t,G,G,t,G,G,G,G,G,G,t,G,t,G,G,G,G,G,t,G,G,G,G,G,G,t,G,G,t,t,G,G,G,G,G,G,G,G,G,G,G,G,t,t,G,G,t,G,G,G,G,G,b,G,G,G,m,m,m,m,m,m,m,m,m,m,m,m,m,m,m,m,m,m,m,m,m,m,m,m,m,m,m,m,m,m,m,m,m,m,m,m,m,m,m,m,m,m,m,m,m,m,m,m,m,m,m,m,m,m,m,m,m,m,m,m,m,m,m,m,m,m,m,m,m,m,m,m,m,m,m,m,m,m,m,m,m,m,m,m,m,m,m,m
m,m,m,m,m,m,m,m,m,m,m,m,m,m,m,m,m,m,m,m,m,m,m,m,m,m,m,m,m,m,m,m,m,m,m,m,m,m,m,m,m,m,m,m,m,m,m,m,m,m,m,m,m,m,m,m,m,m,m,m,m,m,m,m,m,m,m,m,m,m,m,m,m,m,m,m,m,m,m,m,m,m,m,m,m,m,m,m,m,m,m,m,m,m,m,m,m,G,t,b,b,G,b,G,G,G,b,G,G,t,G,G,t,G,t,b,t,G,G,G,b,t,t,G,G,G,G,t,b,t,G,t,t,G,G,t,G,b,G,G,G,t,G,G,G,G,G,b,G,G,G,G,G,G,G,G,G,b,G,G,t,G,t,G,G,t,G,b,t,G,G,t,b,G,t,t,t,t,G,t,b,G,G,G,G,G,G,G,G,G,G,G,G,G,t,G,G,G,G,G,t,G,t,G,t,G,G,G,G,b,G,t,m,m,m,m,m,m,m,m,m,m,m,m,m,m,m,m,m,m,m,m,m,m,m,m,m,m,m,m,m,m,m,m,m,m,m,m,m,m,m,m,m,m,m,m,m,m,m,m,m,m,m,m,m,m,m,m,m,m,m,m,m,m,m,m,m,m,m,m,m,m,m,m,m,m,m,m,m,m,m,m,m,m,m,m,m,m,m,m
m,m,m,m,m,m,m,m,m,m,m,m,m,m,m,m,m,m,m,m,m,m,m,m,m,m,m,m,m,m,m,m,m,m,m,m,m,m,m,m,m,m,m,m,m,m,m,m,m,m,m,m,m,m,m,m,m,m,m,m,m,m,m,m,m,m,m,m,m,m,m,m,m,m,m,m,m,m,m,m,m,m,m,m,m,m,m,m,m,m,m,m,m,m,m,m,m,m,b,t,G,t,G,t,t,G,G,G,G,G,t,t,b,b,G,G,G,b,t,t,G,G,G,t,t,G,G,G,G,G,t,G,G,G,G,b,G,t,G,G,G,G,b,G,t,G,t,G,t,G,G,G,G,G,t,G,G,G,t,G,G,G,G,G,G,G,b,G,G,G,G,b,G,t,b,G,G,b,G,G,G,G,G,G,G,b,G,t,b,G,t,t,b,t,G,G,G,G,t,G,G,G,G,G,G,G,G,G,G,t,G,m,m,m,m,m,m,m,m,m,m,m,m,m,m,m,m,m,m,m,m,m,m,m,m,m,m,m,m,m,m,m,m,m,m,m,m,m,m,m,m,m,m,m,m,m,m,m,m,m,m,m,m,m,m,m,m,m,m,m,m,m,m,m,m,m,m,m,m,m,m,m,m,m,m,m,m,m,m,m,m,m,m,m,m,m,m,m,m,m
m,m,m,m,m,m,m,m,m,m,m,m,m,m,m,m,m,m,m,m,m,m,m,m,m,m,m,m,m,m,m,m,m,m,m,m,m,m,m,m,m,m,m,m,m,m,m,m,m,m,m,m,m,m,m,m,m,m,m,m,m,m,m,m,m,m,m,m,m,m,m,m,m,m,m,m,m,m,m,m,m,m,m,m,m,m,m,m,m,m,m,m,m,m,m,m,m,m,G,G,b,t,G,t,G,G,b,b,t,t,t,G,t,t,b,G,G,G,G,t,G,b,G,t,t,t,G,t,t,G,t,t,G,t,G,t,t,G,G,G,b,G,t,t,G,G,t,G,G,G,G,G,G,G,G,G,G,G,t,G,G,G,G,t,t,G,G,t,G,b,G,G,G,t,G,G,b,G,G,G,b,G,G,G,t,G,G,t,G,t,G,G,G,G,G,t,G,G,G,G,G,G,G,t,G,t,G,G,G,G,m,m,m,m,m,m,m,m,m,m,m,m,m,m,m,m,m,m,m,m,m,m,m,m,m,m,m,m,m,m,m,m,m,m,m,m,m,m,m,m,m,m,m,m,m,m,m,m,m,m,m,m,m,m,m,m,m,m,m,m,m,m,m,m,m,m,m,m,m,m,m,m,m,m,m,m,m,m,m,m,m,m,m,m,m,m,m,m,m,m
m,m,m,m,m,m,m,m,m,m,m,m,m,m,m,m,m,m,m,m,m,m,m,m,m,m,m,m,m,m,m,m,m,m,m,m,m,m,m,m,m,m,m,m,m,m,m,m,m,m,m,m,m,m,m,m,m,m,m,m,m,m,m,m,m,m,m,m,m,m,m,m,m,m,m,m,m,m,m,m,m,m,m,m,m,m,m,m,m,m,m,m,m,m,m,m,m,m,m,b,G,G,G,G,G,G,t,G,G,t,G,b,G,G,G,G,t,G,G,b,G,G,G,G,G,G,G,G,G,G,G,G,G,G,t,G,G,G,G,G,G,G,G,G,G,G,G,G,G,G,G,G,G,G,t,G,b,G,G,b,G,G,G,G,t,G,t,G,G,G,G,G,t,G,G,G,G,G,G,t,G,t,G,t,G,t,G,t,t,t,G,G,t,G,b,G,G,G,G,b,t,G,t,G,t,t,G,G,t,G,m,m,m,m,m,m,m,m,m,m,m,m,m,m,m,m,m,m,m,m,m,m,m,m,m,m,m,m,m,m,m,m,m,m,m,m,m,m,m,m,m,m,m,m,m,m,m,m,m,m,m,m,m,m,m,m,m,m,m,m,m,m,m,m,m,m,m,m,m,m,m,m,m,m,m,m,m,m,m,m,m,m,m,m,m,m,m,m,m,m
m,m,m,m,m,m,m,m,m,m,m,m,m,m,m,m,m,m,m,m,m,m,m,m,m,m,m,m,m,m,m,m,m,m,m,m,m,m,m,m,m,m,m,m,m,m,m,m,m,m,m,m,m,m,m,m,m,m,m,m,m,m,m,m,m,m,m,m,m,m,m,m,m,m,m,m,m,m,m,m,m,m,m,m,m,m,m,m,m,m,m,m,m,m,m,m,m,m,m,m,t,G,t,G,b,G,G,G,G,G,G,t,t,t,G,G,G,G,G,G,G,t,G,G,G,G,b,t,G,G,G,G,t,b,G,G,t,G,G,G,G,G,t,t,G,G,G,t,G,G,G,G,G,G,G,G,G,G,G,G,b,G,G,t,t,t,G,t,G,G,G,t,G,G,t,G,G,G,G,G,G,t,t,b,t,G,G,b,G,G,t,G,G,t,G,t,G,t,G,G,G,G,G,G,G,t,b,G,G,m,m,m,m,m,m,m,m,m,m,m,m,m,m,m,m,m,m,m,m,m,m,m,m,m,m,m,m,m,m,m,m,m,m,m,m,m,m,m,m,m,m,m,m,m,m,m,m,m,m,m,m,m,m,m,m,m,m,m,m,m,m,m,m,m,m,m,m,m,m,m,m,m,m,m,m,m,m,m,m,m,m,m,m,m,m,m,m,m,m,m
m,m,m,m,m,m,m,m,m,m,m,m,m,m,m,m,m,m,m,m,m,m,m,m,m,m,m,m,m,m,m,m,m,m,m,m,m,m,m,m,m,m,m,m,m,m,m,m,m,m,m,m,m,m,m,m,m,m,m,m,m,m,m,m,m,m,m,m,m,m,m,m,m,m,m,m,m,m,m,m,m,m,m,m,m,m,m,m,m,m,m,m,m,m,m,m,m,m,m,m,G,G,G,b,t,t,G,b,G,G,G,t,G,b,G,G,t,G,b,t,G,t,G,b,G,G,t,b,G,G,b,G,b,G,G,G,G,G,G,G,G,G,G,G,G,G,G,t,G,G,G,G,G,G,t,t,G,G,b,G,G,G,t,G,G,t,G,t,t,G,b,G,t,G,t,G,G,G,t,t,b,t,G,G,b,G,G,G,G,G,b,G,G,G,G,G,G,t,G,t,G,G,G,G,G,t,G,G,m,m,m,m,m,m,m,m,m,m,m,m,m,m,m,m,m,m,m,m,m,m,m,m,m,m,m,m,m,m,m,m,m,m,m,m,m,m,m,m,m,m,m,m,m,m,m,m,m,m,m,m,m,m,m,m,m,m,m,m,m,m,m,m,m,m,m,m,m,m,m,m,m,m,m,m,m,m,m,m,m,m,m,m,m,m,m,m,m,m,m,m
m,m,m,m,m,m,m,m,m,m,m,m,m,m,m,m,m,m,m,m,m,m,m,m,m,m,m,m,m,m,m,m,m,m,m,m,m,m,m,m,m,m,m,m,m,m,m,m,m,m,m,m,m,m,m,m,m,m,m,m,m,m,m,m,m,m,m,m,m,m,m,m,m,m,m,m,m,m,m,m,m,m,m,m,m,m,m,m,m,m,m,m,m,m,m,m,m,m,m,m,m,t,b,G,G,G,G,t,G,G,G,G,G,G,G,G,G,G,G,b,G,t,G,G,G,G,b,t,G,G,G,G,t,t,t,t,G,G,b,G,G,G,G,G,t,t,G,G,G,G,G,G,G,G,G,G,G,G,G,G,G,t,G,t,G,G,t,G,G,G,G,t,G,t,G,b,G,G,t,G,G,G,b,b,t,G,G,b,G,G,G,t,b,t,G,G,G,t,G,G,G,G,b,b,b,t,G,t,m,m,m,m,m,m,m,m,m,m,m,m,m,m,m,m,m,m,m,m,m,m,m,m,m,m,m,m,m,m,m,m,m,m,m,m,m,m,m,m,m,m,m,m,m,m,m,m,m,m,m,m,m,m,m,m,m,m,m,m,m,m,m,m,m,m,m,m,m,m,m,m,m,m,m,m,m,m,m,m,m,m,m,m,m,m,m,m,m,m,m,m
m,m,m,m,m,m,m,m,m,m,m,m,m,m,m,m,m,m,m,m,m,m,m,m,m,m,m,m,m,m,m,m,m,m,m,m,m,m,m,m,m,m,m,m,m,m,m,m,m,m,m,m,m,m,m,m,m,m,m,m,m,m,m,m,m,m,m,m,m,m,m,m,m,m,m,m,m,m,m,m,m,m,m,m,m,m,m,m,m,m,m,m,m,m,m,m,m,m,m,m,m,m,G,G,t,b,t,b,G,t,G,t,G,G,t,G,t,t,G,G,t,t,G,t,b,G,G,t,G,G,b,b,b,t,t,G,b,G,b,G,G,b,G,t,G,G,t,G,b,G,G,G,G,G,b,t,G,t,t,G,G,G,G,t,b,G,t,G,G,G,b,G,G,G,G,G,G,G,G,t,b,t,G,G,b,G,G,G,b,b,G,t,G,b,G,G,G,t,G,t,t,G,t,b,G,G,b,m,m,m,m,m,m,m,m,m,m,m,m,m,m,m,m,m,m,m,m,m,m,m,m,m,m,m,m,m,m,m,m,m,m,m,m,m,m,m,m,m,m,m,m,m,m,m,m,m,m,m,m,m,m,m,m,m,m,m,m,m,m,m,m,m,m,m,m,m,m,m,m,m,m,m,m,m,m,m,m,m,m,m,m,m,m,m,m,m,m,m,m,m
m,m,m,m,m,m,m,m,m,m,m,m,m,m,m,m,m,m,m,m,m,m,m,m,m,m,m,m,m,m,m,m,m,m,m,m,m,m,m,m,m,m,m,m,m,m,m,m,m,m,m,m,m,m,m,m,m,m,m,m,m,m,m,m,m,m,m,m,m,m,m,m,m,m,m,m,m,m,m,m,m,m,m,m,m,m,m,m,m,m,m,m,m,m,m,m,m,m,m,m,m,m,G,G,G,G,t,t,t,G,t,b,G,G,G,G,t,t,G,G,G,G,G,G,G,t,G,t,G,G,G,t,G,G,G,b,t,G,t,G,b,t,G,t,t,G,G,t,G,G,G,G,G,G,t,G,G,G,G,G,G,G,t,t,G,G,b,G,G,t,t,G,G,G,G,G,G,G,b,t,t,t,t,G,t,G,G,b,G,b,G,G,t,G,G,t,G,G,G,G,G,G,G,G,G,G,G,m,m,m,m,m,m,m,m,m,m,m,m,m,m,m,m,m,m,m,m,m,m,m,m,m,m,m,m,m,m,m,m,m,m,m,m,m,m,m,m,m,m,m,m,m,m,m,m,m,m,m,m,m,m,m,m,m,m,m,m,m,m,m,m,m,m,m,m,m,m,m,m,m,m,m,m,m,m,m,m,m,m,m,m,m,m,m,m,m,m,m,m,m
m,m,m,m,m,m,m,m,m,m,m,m,m,m,m,m,m,m,m,m,m,m,m,m,m,m,m,m,m,m,m,m,m,m,m,m,m,m,m,m,m,m,m,m,m,m,m,m,m,m,m,m,m,m,m,m,m,m,m,m,m,m,m,m,m,m,m,m,m,m,m,m,m,m,m,m,m,m,m,m,m,m,m,m,m,m,m,m,m,m,m,m,m,m,m,m,m,m,m,m,m,m,m,G,G,t,b,G,G,G,G,G,G,G,G,G,G,G,t,G,t,b,G,t,t,b,G,G,G,G,G,G,G,G,G,G,G,G,G,t,G,t,b,G,G,t,G,G,G,G,G,G,G,G,t,t,b,G,G,G,G,b,t,t,G,G,G,b,G,G,G,b,G,b,t,b,b,G,G,G,G,G,G,G,G,G,G,G,b,G,b,G,G,G,G,t,t,t,G,G,G,b,G,G,G,t,m,m,m,m,m,m,m,m,m,m,m,m,m,m,m,m,m,m,m,m,m,m,m,m,m,m,m,m,m,m,m,m,m,m,m,m,m,m,m,m,m,m,m,m,m,m,m,m,m,m,m,m,m,m,m,m,m,m,m,m,m,m,m,m,m,m,m,m,m,m,m,m,m,m,m,m,m,m,m,m,m,m,m,m,m,m,m,m,m,m,m,m,m,m
m,m,m,m,m,m,m,m,m,m,m,m,m,m,m,m,m,m,m,m,m,m,m,m,m,m,m,m,m,m,m,m,m,m,m,m,m,m,m,m,m,m,m,m,m,m,m,m,m,m,m,m,m,m,m,m,m,m,m,m,m,m,m,m,m,m,m,m,m,m,m,m,m,m,m,m,m,m,m,m,m,m,m,m,m,m,m,m,m,m,m,m,m,m,m,m,m,m,m,m,m,m,m,m,m,G,G,t,t,G,G,G,G,G,G,G,G,t,G,G,b,G,G,G,t,t,b,G,b,G,t,b,t,G,t,t,t,G,b,G,b,G,G,G,t,G,G,G,b,G,G,G,G,G,t,b,t,t,G,t,b,G,t,G,b,b,G,t,G,G,t,t,t,G,G,G,G,G,G,t,t,G,t,t,G,G,G,t,G,G,b,G,G,b,G,b,G,G,G,G,G,G,G,t,G,m,m,m,m,m,m,m,m,m,m,m,m,m,m,m,m,m,m,m,m,m,m,m,m,m,m,m,m,m,m,m,m,m,m,m,m,m,m,m,m,m,m,m,m,m,m,m,m,m,m,m,m,m,m,m,m,m,m,m,m,m,m,m,m,m,m,m,m,m,m,m,m,m,m,m,m,m,m,m,m,m,m,m,m,m,m,m,m,m,m,m,m,m,m,m
m,m,m,m,m,m,m,m,m,m,m,m,m,m,m,m,m,m,m,m,m,m,m,m,m,m,m,m,m,m,m,m,m,m,m,m,m,m,m,m,m,m,m,m,m,m,m,m,m,m,m,m,m,m,m,m,m,m,m,m,m,m,m,m,m,m,m,m,m,m,m,m,m,m,m,m,m,m,m,m,m,m,m,m,m,m,m,m,m,m,m,m,m,m,m,m,m,m,m,m,m,m,m,m,m,G,t,t,G,t,b,G,G,G,G,G,G,G,G,G,G,G,G,b,G,t,b,G,t,G,G,b,G,G,t,G,t,G,G,G,b,t,G,G,t,b,G,G,t,G,G,G,G,G,G,G,b,G,b,G,t,t,G,t,t,G,t,G,G,b,G,G,b,G,G,t,G,G,G,b,G,G,b,t,G,G,G,b,t,b,G,G,G,t,t,t,b,G,G,G,t,G,t,G,t,m,m,m,m,m,m,m,m,m,m,m,m,m,m,m,m,m,m,m,m,m,m,m,m,m,m,m,m,m,m,m,m,m,m,m,m,m,m,m,m,m,m,m,m,m,m,m,m,m,m,m,m,m,m,m,m,m,m,m,m,m,m,m,m,m,m,m,m,m,m,m,m,m,m,m,m,m,m,m,m,m,m,m,m,m,m,m,m,m,m,m,m,m,m,m
m,m,m,m,m,m,m,m,m,m,m,m,m,m,m,m,m,m,m,m,m,m,m,m,m,m,m,m,m,m,m,m,m,m,m,m,m,m,m,m,m,m,m,m,m,m,m,m,m,m,m,m,m,m,m,m,m,m,m,m,m,m,m,m,m,m,m,m,m,m,m,m,m,m,m,m,m,m,m,m,m,m,m,m,m,m,m,m,m,m,m,m,m,m,m,m,m,m,m,m,m,m,m,m,m,m,b,G,G,G,G,G,G,G,b,G,G,G,G,G,t,G,G,b,G,G,b,b,b,G,b,G,t,t,G,b,t,G,G,G,G,G,b,G,G,G,G,G,G,G,G,G,G,G,G,t,G,G,G,G,G,G,G,t,G,G,t,t,G,t,G,b,t,G,G,G,G,b,G,t,b,G,b,b,G,G,t,G,t,G,G,G,t,G,G,G,G,G,t,t,G,G,G,m,m,m,m,m,m,m,m,m,m,m,m,m,m,m,m,m,m,m,m,m,m,m,m,m,m,m,m,m,m,m,m,m,m,m,m,m,m,m,m,m,m,m,m,m,m,m,m,m,m,m,m,m,m,m,m,m,m,m,m,m,m,m,m,m,m,m,m,m,m,m,m,m,m,m,m,m,m,m,m,m,m,m,m,m,m,m,m,m,m,m,m,m,m,m,m,m
m,m,m,m,m,m,m,m,m,m,m,m,m,m,m,m,m,m,m,m,m,m,m,m,m,m,m,m,m,m,m,m,m,m,m,m,m,m,m,m,m,m,m,m,m,m,m,m,m,m,m,m,m,m,m,m,m,m,m,m,m,m,m,m,m,m,m,m,m,m,m,m,m,m,m,m,m,m,m,m,m,m,m,m,m,m,m,m,m,m,m,m,m,m,m,m,m,m,m,m,m,m,m,m,m,m,m,G,G,G,G,G,G,G,G,G,G,t,G,G,G,t,G,G,G,b,t,b,G,b,b,G,G,G,b,G,t,G,t,G,G,t,t,G,G,G,G,G,t,G,G,G,G,G,t,G,G,G,G,G,G,G,G,G,G,G,G,G,G,G,G,G,t,G,b,G,G,t,G,G,G,G,t,G,G,t,b,b,G,t,b,G,G,t,G,t,t,G,G,G,G,G,m,m,m,m,m,m,m,m,m,m,m,m,m,m,m,m,m,m,m,m,m,m,m,m,m,m,m,m,m,m,m,m,m,m,m,m,m,m,m,m,m,m,m,m,m,m,m,m,m,m,m,m,m,m,m,m,m,m,m,m,m,m,m,m,m,m,m,m,m,m,m,m,m,m,m,m,m,m,m,m,m,m,m,m,m,m,m,m,m,m,m,m,m,m,m,m,m,m
m,m,m,m,m,m,m,m,m,m,m,m,m,m,m,m,m,m,m,m,m,m,m,m,m,m,m,m,m,m,m,m,m,m,m,m,m,m,m,m,m,m,m,m,m,m,m,m,m,m,m,m,m,m,m,m,m,m,m,m,m,m,m,m,m,m,m,m,m,m,m,m,m,m,m,m,m,m,m,m,m,m,m,m,m,m,m,m,m,m,m,m,m,m,m,m,m,m,m,m,m,m,m,m,m,m,m,m,G,t,G,G,b,G,G,t,t,G,G,G,G,G,G,G,G,t,G,b,t,G,G,G,G,t,G,G,t,G,b,G,G,b,G,G,G,G,G,b,G,G,G,G,G,G,G,t,G,G,t,b,G,t,G,G,G,G,G,G,G,t,t,G,G,G,G,G,t,G,G,t,G,G,G,t,G,G,b,G,G,b,t,t,b,G,G,G,b,t,t,G,G,G,m,m,m,m,m,m,m,m,m,m,m,m,m,m,m,m,m,m,m,m,m,m,m,m,m,m,m,m,m,m,m,m,m,m,m,m,m,m,m,m,m,m,m,m,m,m,m,m,m,m,m,m,m,m,m,m,m,m,m,m,m,m,m,m,m,m,m,m,m,m,m,m,m,m,m,m,m,m,m,m,m,m,m,m,m,m,m,m,m,m,m,m,m,m,m,m,m,m
m,m,m,m,m,m,m,m,m,m,m,m,m,m,m,m,m,m,m,m,m,m,m,m,m,m,m,m,m,m,m,m,m,m,m,m,m,m,m,m,m,m,m,m,m,m,m,m,m,m,m,m,m,m,m,m,m,m,m,m,m,m,m,m,m,m,m,m,m,m,m,m,m,m,m,m,m,m,m,m,m,m,m,m,m,m,m,m,m,m,m,m,m,m,m,m,m,m,m,m,m,m,m,m,m,m,m,m,m,G,G,G,t,b,G,G,G,G,t,t,G,G,t,G,G,G,G,t,G,t,G,G,b,G,G,G,G,t,G,G,G,b,G,b,G,t,G,G,G,G,G,G,G,G,G,G,G,G,G,t,t,G,G,G,G,b,G,G,G,G,G,G,G,G,G,G,G,G,G,G,G,G,G,G,G,G,G,b,G,t,G,G,G,b,G,G,G,G,G,b,G,m,m,m,m,m,m,m,m,m,m,m,m,m,m,m,m,m,m,m,m,m,m,m,m,m,m,m,m,m,m,m,m,m,m,m,m,m,m,m,m,m,m,m,m,m,m,m,m,m,m,m,m,m,m,m,m,m,m,m,m,m,m,m,m,m,m,m,m,m,m,m,m,m,m,m,m,m,m,m,m,m,m,m,m,m,m,m,m,m,m,m,m,m,m,m,m,m,m,m
m,m,m,m,m,m,m,m,m,m,m,m,m,m,m,m,m,m,m,m,m,m,m,m,m,m,m,m,m,m,m,m,m,m,m,m,m,m,m,m,m,m,m,m,m,m,m,m,m,m,m,m,m,m,m,m,m,m,m,m,m,m,m,m,m,m,m,m,m,m,m,m,m,m,m,m,m,m,m,m,m,m,m,m,m,m,m,m,m,m,m,m,m,m,m,m,m,m,m,m,m,m,m,m,m,m,m,m,m,m,G,G,G,G,G,G,G,G,t,G,G,G,G,t,G,G,G,G,G,G,G,G,G,t,t,G,t,G,t,G,G,G,b,t,G,G,G,G,t,G,G,G,G,G,t,G,G,G,G,G,G,G,t,G,G,G,G,G,t,t,t,G,b,G,G,G,G,G,t,G,G,G,G,G,G,G,G,G,G,G,t,b,G,t,b,G,G,t,G,m,m,m,m,m,m,m,m,m,m,m,m,m,m,m,m,m,m,m,m,m,m,m,m,m,m,m,m,m,m,m,m,m,m,m,m,m,m,m,m,m,m,m,m,m,m,m,m,m,m,m,m,m,m,m,m,m,m,m,m,m,m,m,m,m,m,m,m,m,m,m,m,m,m,m,m,m,m,m,m,m,m,m,m,m,m,m,m,m,m,m,m,m,m,m,m,m,m,m,m,m
m,m,m,m,m,m,m,m,m,m,m,m,m,m,m,m,m,m,m,m,m,m,m,m,m,m,m,m,m,m,m,m,m,m,m,m,m,m,m,m,m,m,m,m,m,m,m,m,m,m,m,m,m,m,m,m,m,m,m,m,m,m,m,m,m,m,m,m,m,m,m,m,m,m,m,m,m,m,m,m,m,m,m,m,m,m,m,m,m,m,m,m,m,m,m,m,m,m,m,m,m,m,m,m,m,m,m,m,m,m,G,b,G,G,G,G,b,G,G,G,G,G,t,t,t,t,G,G,G,G,t,b,G,G,t,t,G,t,t,t,b,t,b,G,G,t,t,G,G,G,G,G,G,G,G,G,G,G,G,b,G,G,b,b,G,b,G,G,G,G,t,G,t,t,G,G,G,t,t,t,G,G,t,G,G,G,G,G,t,t,G,G,t,G,b,G,G,t,G,m,m,m,m,m,m,m,m,m,m,m,m,m,m,m,m,m,m,m,m,m,m,m,m,m,m,m,m,m,m,m,m,m,m,m,m,m,m,m,m,m,m,m,m,m,m,m,m,m,m,m,m,m,m,m,m,m,m,m,m,m,m,m,m,m,m,m,m,m,m,m,m,m,m,m,m,m,m,m,m,m,m,m,m,m,m,m,m,m,m,m,m,m,m,m,m,m,m,m,m,m
m,m,m,m,m,m,m,m,m,m,m,m,m,m,m,m,m,m,m,m,m,m,m,m,m,m,m,m,m,m,m,m,m,m,m,m,m,m,m,m,m,m,m,m,m,m,m,m,m,m,m,m,m,m,m,m,m,m,m,m,m,m,m,m,m,m,m,m,m,m,m,m,m,m,m,m,m,m,m,m,m,m,m,m,m,m,m,m,m,m,m,m,m,m,m,m,m,m,m,m,m,m,m,m,m,m,m,m,m,m,m,t,t,G,G,G,G,G,b,G,b,G,G,G,G,G,t,G,G,G,G,G,G,G,G,G,G,t,t,G,G,G,G,b,G,G,t,t,t,G,G,G,G,G,b,G,G,t,G,G,G,t,G,G,G,G,G,G,b,t,G,b,G,t,G,G,t,G,G,G,G,G,G,G,G,G,G,G,G,t,t,G,G,b,G,t,G,G,m,m,m,m,m,m,m,m,m,m,m,m,m,m,m,m,m,m,m,m,m,m,m,m,m,m,m,m,m,m,m,m,m,m,m,m,m,m,m,m,m,m,m,m,m,m,m,m,m,m,m,m,m,m,m,m,m,m,m,m,m,m,m,m,m,m,m,m,m,m,m,m,m,m,m,m,m,m,m,m,m,m,m,m,m,m,m,m,m,m,m,m,m,m,m,m,m,m,m,m,m,m
m,m,m,m,m,m,m,m,m,m,m,m,m,m,m,m,m,m,m,m,m,m,m,m,m,m,m,m,m,m,m,m,m,m,m,m,m,m,m,m,m,m,m,m,m,m,m,m,m,m,m,m,m,m,m,m,m,m,m,m,m,m,m,m,m,m,m,m,m,m,m,m,m,m,m,m,m,m,m,m,m,m,m,m,m,m,m,m,m,m,m,m,m,m,m,m,m,m,m,m,m,m,m,m,m,m,m,m,m,m,m,m,t,G,t,G,G,G,G,G,G,b,G,G,t,G,G,G,t,G,G,G,G,G,t,G,b,G,G,G,G,G,b,G,G,G,G,G,G,G,G,G,G,G,G,G,G,t,t,G,G,G,t,t,G,G,b,b,G,t,G,b,G,G,G,t,G,G,G,t,G,t,G,G,G,b,G,G,t,G,G,G,b,G,G,G,G,m,m,m,m,m,m,m,m,m,m,m,m,m,m,m,m,m,m,m,m,m,m,m,m,m,m,m,m,m,m,m,m,m,m,m,m,m,m,m,m,m,m,m,m,m,m,m,m,m,m,m,m,m,m,m,m,m,m,m,m,m,m,m,m,m,m,m,m,m,m,m,m,m,m,m,m,m,m,m,m,m,m,m,m,m,m,m,m,m,m,m,m,m,m,m,m,m,m,m,m,m,m,m
m,m,m,m,m,m,m,m,m,m,m,m,m,m,m,m,m,m,m,m,m,m,m,m,m,m,m,m,m,m,m,m,m,m,m,m,m,m,m,m,m,m,m,m,m,m,m,m,m,m,m,m,m,m,m,m,m,m,m,m,m,m,m,m,m,m,m,m,m,m,m,m,m,m,m,m,m,m,m,m,m,m,m,m,m,m,m,m,m,m,m,m,m,m,m,m,m,m,m,m,m,m,m,m,m,m,m,m,m,m,m,m,m,G,G,G,G,b,G,G,t,G,G,G,b,G,G,G,G,G,t,t,G,G,t,t,b,G,G,t,t,t,G,G,G,G,G,G,G,G,G,G,G,G,G,G,b,G,G,G,G,G,t,G,G,G,G,G,G,G,G,t,G,t,t,G,t,G,b,G,G,t,G,b,G,G,G,G,G,t,b,G,G,t,G,b,G,m,m,m,m,m,m,m,m,m,m,m,m,m,m,m,m,m,m,m,m,m,m,m,m,m,m,m,m,m,m,m,m,m,m,m,m,m,m,m,m,m,m,m,m,m,m,m,m,m,m,m,m,m,m,m,m,m,m,m,m,m,m,m,m,m,m,m,m,m,m,m,m,m,m,m,m,m,m,m,m,m,m,m,m,m,m,m,m,m,m,m,m,m,m,m,m,m,m,m,m,m,m,m
m,m,m,m,m,m,m,m,m,m,m,m,m,m,m,m,m,m,m,m,m,m,m,m,m,m,m,m,m,m,m,m,m,m,m,m,m,m,m,m,m,m,m,m,m,m,m,m,m,m,m,m,m,m,m,m,m,m,m,m,m,m,m,m,m,m,m,m,m,m,m,m,m,m,m,m,m,m,m,m,m,m,m,m,m,m,m,m,m,m,m,m,m,m,m,m,m,m,m,m,m,m,m,m,m,m,m,m,m,m,m,m,m,m,t,G,t,G,G,G,b,b,t,G,G,b,t,G,G,G,t,G,G,t,G,G,G,G,G,t,G,G,G,G,t,t,G,G,G,G,G,G,G,G,t,G,G,b,b,G,b,G,G,G,G,G,t,G,G,G,t,G,G,b,G,G,t,t,G,b,G,b,t,G,G,G,t,G,b,t,G,b,t,G,b,G,m,m,m,m,m,m,m,m,m,m,m,m,m,m,m,m,m,m,m,m,m,m,m,m,m,m,m,m,m,m,m,m,m,m,m,m,m,m,m,m,m,m,m,m,m,m,m,m,m,m,m,m,m,m,m,m,m,m,m,m,m,m,m,m,m,m,m,m,m,m,m,m,m,m,m,m,m,m,m,m,m,m,m,m,m,m,m,m,m,m,m,m,m,m,m,m,m,m,m,m,m,m,m,m
m,m,m,m,m,m,m,m,m,m,m,m,m,m,m,m,m,m,m,m,m,m,m,m,m,m,m,m,m,m,m,m,m,m,m,m,m,m,m,m,m,m,m,m,m,m,m,m,m,m,m,m,m,m,m,m,m,m,m,m,m,m,m,m,m,m,m,m,m,m,m,m,m,m,m,m,m,m,m,m,m,m,m,m,m,m,m,m,m,m,m,m,m,m,m,m,m,m,m,m,m,m,m,m,m,m,m,m,m,m,m,m,m,m,m,G,G,G,G,G,b,G,b,G,t,G,t,G,t,G,G,G,G,G,G,G,b,t,G,G,G,G,G,G,t,G,G,G,t,G,G,G,G,G,t,b,G,t,G,G,G,G,G,t,G,t,G,t,t,b,G,t,G,G,G,G,G,t,b,t,t,G,G,G,b,G,G,G,t,t,G,G,G,b,G,m,m,m,m,m,m,m,m,m,m,m,m,m,m,m,m,m,m,m,m,m,m,m,m,m,m,m,m,m,m,m,m,m,m,m,m,m,m,m,m,m,m,m,m,m,m,m,m,m,m,m,m,m,m,m,m,m,m,m,m,m,m,m,m,m,m,m,m,m,m,m,m,m,m,m,m,m,m,m,m,m,m,m,m,m,m,m,m,m,m,m,m,m,m,m,m,m,m,m,m,m,m,m,m,m
m,m,m,m,m,m,m,m,m,m,m,m,m,m,m,m,m,m,m,m,m,m,m,m,m,m,m,m,m,m,m,m,m,m,m,m,m,m,m,m,m,m,m,m,m,m,m,m,m,m,m,m,m,m,m,m,m,m,m,m,m,m,m,m,m,m,m,m,m,m,m,m,m,m,m,m,m,m,m,m,m,m,m,m,m,m,m,m,m,m,m,m,m,m,m,m,m,m,m,m,m,m,m,m,m,m,m,m,m,m,m,m,m,m,m,G,G,G,G,G,t,t,t,G,G,G,G,G,t,G,t,G,G,t,G,G,b,G,G,G,G,G,t,G,G,G,G,t,G,G,G,G,G,G,G,G,t,G,G,t,G,t,G,G,t,G,t,G,G,G,t,G,G,G,t,G,G,G,G,t,G,t,G,G,t,G,G,b,G,b,b,G,G,G,G,m,m,m,m,m,m,m,m,m,m,m,m,m,m,m,m,m,m,m,m,m,m,m,m,m,m,m,m,m,m,m,m,m,m,m,m,m,m,m,m,m,m,m,m,m,m,m,m,m,m,m,m,m,m,m,m,m,m,m,m,m,m,m,m,m,m,m,m,m,m,m,m,m,m,m,m,m,m,m,m,m,m,m,m,m,m,m,m,m,m,m,m,m,m,m,m,m,m,m,m,m,m,m,m,m
m,m,m,m,m,m,m,m,m,m,m,m,m,m,m,m,m,m,m,m,m,m,m,m,m,m,m,m,m,m,m,m,m,m,m,m,m,m,m,m,m,m,m,m,m,m,m,m,m,m,m,m,m,m,m,m,m,m,m,m,m,m,m,m,m,m,m,m,m,m,m,m,m,m,m,m,m,m,m,m,m,m,m,m,m,m,m,m,m,m,m,m,m,m,m,m,m,m,m,m,m,m,m,m,m,m,m,m,m,m,m,m,m,m,m,m,m,t,b,G,t,G,G,G,b,t,G,G,G,G,G,G,b,G,G,t,G,G,G,t,b,t,G,b,t,G,G,G,G,G,G,G,G,G,t,b,t,G,G,b,G,G,G,G,t,b,G,G,G,t,t,t,b,b,G,b,t,t,t,G,G,t,t,b,G,G,G,b,G,G,G,G,t,m,m,m,m,m,m,m,m,m,m,m,m,m,m,m,m,m,m,m,m,m,m,m,m,m,m,m,m,m,m,m,m,m,m,m,m,m,m,m,m,m,m,m,m,m,m,m,m,m,m,m,m,m,m,m,m,m,m,m,m,m,m,m,m,m,m,m,m,m,m,m,m,m,m,m,m,m,m,m,m,m,m,m,m,m,m,m,m,m,m,m,m,m,m,m,m,m,m,m,m,m,m,m,m,m,m,m
m,m,m,m,m,m,m,m,m,m,m,m,m,m,m,m,m,m,m,m,m,m,m,m,m,m,m,m,m,m,m,m,m,m,m,m,m,m,m,m,m,m,m,m,m,m,m,m,m,m,m,m,m,m,m,m,m,m,m,m,m,m,m,m,m,m,m,m,m,m,m,m,m,m,m,m,m,m,m,m,m,m,m,m,m,m,m,m,m,m,m,m,m,m,m,m,m,m,m,m,m,m,m,m,m,m,m,m,m,m,m,m,m,m,m,m,m,m,b,b,G,G,t,t,G,G,G,G,G,b,t,G,G,t,G,t,G,G,G,G,G,G,b,b,G,G,t,t,G,G,G,G,G,G,G,G,G,G,G,G,G,G,G,t,G,G,G,G,G,t,G,G,b,b,G,b,G,G,G,G,b,t,G,G,b,G,G,G,G,G,G,G,t,m,m,m,m,m,m,m,m,m,m,m,m,m,m,m,m,m,m,m,m,m,m,m,m,m,m,m,m,m,m,m,m,m,m,m,m,m,m,m,m,m,m,m,m,m,m,m,m,m,m,m,m,m,m,m,m,m,m,m,m,m,m,m,m,m,m,m,m,m,m,m,m,m,m,m,m,m,m,m,m,m,m,m,m,m,m,m,m,m,m,m,m,m,m,m,m,m,m,m,m,m,m,m,m,m,m,m
m,m,m,m,m,m,m,m,m,m,m,m,m,m,m,m,m,m,m,m,m,m,m,m,m,m,m,m,m,m,m,m,m,m,m,m,m,m,m,m,m,m,m,m,m,m,m,m,m,m,m,m,m,m,m,m,m,m,m,m,m,m,m,m,m,m,m,m,m,m,m,m,m,m,m,m,m,m,m,m,m,m,m,m,m,m,m,m,m,m,m,m,m,m,m,m,m,m,m,m,m,m,m,m,m,m,m,m,m,m,m,m,m,m,m,m,m,m,m,G,G,G,b,G,t,b,G,G,G,G,G,G,t,G,G,G,b,G,G,G,G,G,G,G,G,G,G,G,G,G,G,G,G,G,G,t,G,G,G,b,G,t,G,G,G,G,G,G,G,b,t,G,G,b,G,b,t,G,G,t,t,G,G,G,G,G,G,G,G,G,G,G,m,m,m,m,m,m,m,m,m,m,m,m,m,m,m,m,m,m,m,m,m,m,m,m,m,m,m,m,m,m,m,m,m,m,m,m,m,m,m,m,m,m,m,m,m,m,m,m,m,m,m,m,m,m,m,m,m,m,m,m,m,m,m,m,m,m,m,m,m,m,m,m,m,m,m,m,m,m,m,m,m,m,m,m,m,m,m,m,m,m,m,m,m,m,m,m,m,m,m,m,m,m,m,m,m,m,m,m
m,m,m,m,m,m,m,m,m,m,m,m,m,m,m,m,m,m,m,m,m,m,m,m,m,m,m,m,m,m,m,m,m,m,m,m,m,m,m,m,m,m,m,m,m,m,m,m,m,m,m,m,m,m,m,m,m,m,m,m,m,m,m,m,m,m,m,m,m,m,m,m,m,m,m,m,m,m,m,m,m,m,m,m,m,m,m,m,m,m,m,m,m,m,m,m,m,m,m,m,m,m,m,m,m,m,m,m,m,m,m,m,m,m,m,m,m,m,m,t,G,b,t,t,G,G,G,G,G,G,t,t,G,G,t,G,G,t,G,G,t,G,G,G,G,G,G,b,G,G,G,G,G,G,G,G,G,G,b,G,G,G,G,G,t,G,t,G,t,G,t,G,G,G,G,G,t,G,G,b,G,G,b,b,t,G,b,G,G,t,b,m,m,m,m,m,m,m,m,m,m,m,m,m,m,m,m,m,m,m,m,m,m,m,m,m,m,m,m,m,m,m,m,m,m,m,m,m,m,m,m,m,m,m,m,m,m,m,m,m,m,m,m,m,m,m,m,m,m,m,m,m,m,m,m,m,m,m,m,m,m,m,m,m,m,m,m,m,m,m,m,m,m,m,m,m,m,m,m,m,m,m,m,m,m,m,m,m,m,m,m,m,m,m,m,m,m,m,m,m
m,m,m,m,m,m,m,m,m,m,m,m,m,m,m,m,m,m,m,m,m,m,m,m,m,m,m,m,m,m,m,m,m,m,m,m,m,m,m,m,m,m,m,m,m,m,m,m,m,m,m,m,m,m,m,m,m,m,m,m,m,m,m,m,m,m,m,m,m,m,m,m,m,m,m,m,m,m,m,m,m,m,m,m,m,m,m,m,m,m,m,m,m,m,m,m,m,m,m,m,m,m,m,m,m,m,m,m,m,m,m,m,m,m,m,m,m,m,m,m,G,t,G,b,G,G,G,G,G,G,t,G,G,G,G,b,G,t,b,G,G,G,G,t,G,t,G,G,G,G,G,G,G,G,t,G,G,G,G,G,G,G,G,G,G,G,G,b,G,G,G,G,G,G,G,t,G,G,G,G,G,t,G,G,t,G,G,G,G,b,m,m,m,m,m,m,m,m,m,m,m,m,m,m,m,m,m,m,m,m,m,m,m,m,m,m,m,m,m,m,m,m,m,m,m,m,m,m,m,m,m,m,m,m,m,m,m,m,m,m,m,m,m,m,m,m,m,m,m,m,m,m,m,m,m,m,m,m,m,m,m,m,m,m,m,m,m,m,m,m,m,m,m,m,m,m,m,m,m,m,m,m,m,m,m,m,m,m,m,m,m,m,m,m,m,m,m,m,m,m
m,m,m,m,m,m,m,m,m,m,m,m,m,m,m,m,m,m,m,m,m,m,m,m,m,m,m,m,m,m,m,m,m,m,m,m,m,m,m,m,m,m,m,m,m,m,m,m,m,m,m,m,m,m,m,m,m,m,m,m,m,m,m,m,m,m,m,m,m,m,m,m,m,m,m,m,m,m,m,m,m,m,m,m,m,m,m,m,m,m,m,m,m,m,m,m,m,m,m,m,m,m,m,m,m,m,m,m,m,m,m,m,m,m,m,m,m,m,m,m,m,G,t,G,G,t,t,G,G,G,G,G,G,G,G,G,G,G,G,G,t,G,G,G,G,G,b,G,G,G,G,G,G,G,G,G,t,b,G,G,G,G,G,t,G,G,G,t,G,b,t,G,G,G,b,b,G,G,t,G,G,G,G,G,t,G,G,G,t,m,m,m,m,m,m,m,m,m,m,m,m,m,m,m,m,m,m,m,m,m,m,m,m,m,m,m,m,m,m,m,m,m,m,m,m,m,m,m,m,m,m,m,m,m,m,m,m,m,m,m,m,m,m,m,m,m,m,m,m,m,m,m,m,m,m,m,m,m,m,m,m,m,m,m,m,m,m,m,m,m,m,m,m,m,m,m,m,m,m,m,m,m,m,m,m,m,m,m,m,m,m,m,m,m,m,m,m,m,m,m
m,m,m,m,m,m,m,m,m,m,m,m,m,m,m,m,m,m,m,m,m,m,m,m,m,m,m,m,m,m,m,m,m,m,m,m,m,m,m,m,m,m,m,m,m,m,m,m,m,m,m,m,m,m,m,m,m,m,m,m,m,m,m,m,m,m,m,m,m,m,m,m,m,m,m,m,m,m,m,m,m,m,m,m,m,m,m,m,m,m,m,m,m,m,m,m,m,m,m,m,m,m,m,m,m,m,m,m,m,m,m,m,m,m,m,m,m,m,m,m,m,G,t,G,G,t,G,G,t,b,G,G,G,t,t,G,G,G,G,G,G,G,b,t,b,G,b,G,G,G,G,G,G,G,G,G,G,b,b,t,G,G,G,G,G,G,G,b,G,t,G,b,t,G,G,G,G,G,G,b,G,G,G,b,t,t,G,G,m,m,m,m,m,m,m,m,m,m,m,m,m,m,m,m,m,m,m,m,m,m,m,m,m,m,m,m,m,m,m,m,m,m,m,m,m,m,m,m,m,m,m,m,m,m,m,m,m,m,m,m,m,m,m,m,m,m,m,m,m,m,m,m,m,m,m,m,m,m,m,m,m,m,m,m,m,m,m,m,m,m,m,m,m,m,m,m,m,m,m,m,m,m,m,m,m,m,m,m,m,m,m,m,m,m,m,m,m,m,m,m
m,m,m,m,m,m,m,m,m,m,m,m,m,m,m,m,m,m,m,m,m,m,m,m,m,m,m,m,m,m,m,m,m,m,m,m,m,m,m,m,m,m,m,m,m,m,m,m,m,m,m,m,m,m,m,m,m,m,m,m,m,m,m,m,m,m,m,m,m,m,m,m,m,m,m,m,m,m,m,m,m,m,m,m,m,m,m,m,m,m,m,m,m,m,m,m,m,m,m,m,m,m,m,m,m,m,m,m,m,m,m,m,m,m,m,m,m,m,m,m,m,m,G,t,G,t,G,t,G,G,G,b,t,t,G,G,G,G,G,G,t,G,G,G,G,b,G,t,G,G,G,G,G,G,G,G,G,G,G,G,G,G,G,G,t,G,b,G,t,G,G,t,G,b,G,G,t,t,G,G,t,t,b,G,G,G,t,t,m,m,m,m,m,m,m,m,m,m,m,m,m,m,m,m,m,m,m,m,m,m,m,m,m,m,m,m,m,m,m,m,m,m,m,m,m,m,m,m,m,m,m,m,m,m,m,m,m,m,m,m,m,m,m,m,m,m,m,m,m,m,m,m,m,m,m,m,m,m,m,m,m,m,m,m,m,m,m,m,m,m,m,m,m,m,m,m,m,m,m,m,m,m,m,m,m,m,m,m,m,m,m,m,m,m,m,m,m,m,m,m
m,m,m,m,m,m,m,m,m,m,m,m,m,m,m,m,m,m,m,m,m,m,m,m,m,m,m,m,m,m,m,m,m,m,m,m,m,m,m,m,m,m,m,m,m,m,m,m,m,m,m,m,m,m,m,m,m,m,m,m,m,m,m,m,m,m,m,m,m,m,m,m,m,m,m,m,m,m,m,m,m,m,m,m,m,m,m,m,m,m,m,m,m,m,m,m,m,m,m,m,m,m,m,m,m,m,m,m,m,m,m,m,m,m,m,m,m,m,m,m,m,m,m,G,G,G,b,G,t,G,b,G,G,G,G,G,t,b,G,t,G,t,G,b,G,G,G,G,b,G,G,G,G,G,G,G,G,G,G,G,G,t,t,G,t,G,G,t,t,G,G,G,G,G,G,G,G,t,t,t,t,G,t,G,G,G,G,m,m,m,m,m,m,m,m,m,m,m,m,m,m,m,m,m,m,m,m,m,m,m,m,m,m,m,m,m,m,m,m,m,m,m,m,m,m,m,m,m,m,m,m,m,m,m,m,m,m,m,m,m,m,m,m,m,m,m,m,m,m,m,m,m,m,m,m,m,m,m,m,m,m,m,m,m,m,m,m,m,m,m,m,m,m,m,m,m,m,m,m,m,m,m,m,m,m,m,m,m,m,m,m,m,m,m,m,m,m,m,m,m
m,m,m,m,m,m,m,m,m,m,m,m,m,m,m,m,m,m,m,m,m,m,m,m,m,m,m,m,m,m,m,m,m,m,m,m,m,m,m,m,m,m,m,m,m,m,m,m,m,m,m,m,m,m,m,m,m,m,m,m,m,m,m,m,m,m,m,m,m,m,m,m,m,m,m,m,m,m,m,m,m,m,m,m,m,m,m,m,m,m,m,m,m,m,m,m,m,m,m,m,m,m,m,m,m,m,m,m,m,m,m,m,m,m,m,m,m,m,m,m,m,m,m,G,G,G,G,G,G,G,G,G,G,t,t,t,b,t,G,G,b,t,t,G,t,G,b,G,G,G,G,G,G,G,G,b,G,t,G,G,G,G,G,t,G,G,G,G,G,b,G,G,G,G,G,G,t,b,t,G,G,G,G,G,G,G,m,m,m,m,m,m,m,m,m,m,m,m,m,m,m,m,m,m,m,m,m,m,m,m,m,m,m,m,m,m,m,m,m,m,m,m,m,m,m,m,m,m,m,m,m,m,m,m,m,m,m,m,m,m,m,m,m,m,m,m,m,m,m,m,m,m,m,m,m,m,m,m,m,m,m,m,m,m,m,m,m,m,m,m,m,m,m,m,m,m,m,m,m,m,m,m,m,m,m,m,m,m,m,m,m,m,m,m,m,m,m,m,m,m
m,m,m,m,m,m,m,m,m,m,m,m,m,m,m,m,m,m,m,m,m,m,m,m,m,m,m,m,m,m,m,m,m,m,m,m,m,m,m,m,m,m,m,m,m,m,m,m,m,m,m,m,m,m,m,m,m,m,m,m,m,m,m,m,m,m,m,m,m,m,m,m,m,m,m,m,m,m,m,m,m,m,m,m,m,m,m,m,m,m,m,m,m,m,m,m,m,m,m,m,m,m,m,m,m,m,m,m,m,m,m,m,m,m,m,m,m,m,m,m,m,m,m,m,G,G,G,G,G,t,t,G,G,G,b,G,G,G,b,t,b,t,G,G,G,G,G,G,t,G,G,G,G,G,t,b,G,t,b,G,G,G,G,t,t,t,t,G,G,G,G,G,G,G,G,t,G,G,G,b,G,G,G,G,G,G,m,m,m,m,m,m,m,m,m,m,m,m,m,m,m,m,m,m,m,m,m,m,m,m,m,m,m,m,m,m,m,m,m,m,m,m,m,m,m,m,m,m,m,m,m,m,m,m,m,m,m,m,m,m,m,m,m,m,m,m,m,m,m,m,m,m,m,m,m,m,m,m,m,m,m,m,m,m,m,m,m,m,m,m,m,m,m,m,m,m,m,m,m,m,m,m,m,m,m,m,m,m,m,m,m,m,m,m,m,m,m,m,m,m
m,m,m,m,m,m,m,m,m,m,m,m,m,m,m,m,m,m,m,m,m,m,m,m,m,m,m,m,m,m,m,m,m,m,m,m,m,m,m,m,m,m,m,m,m,m,m,m,m,m,m,m,m,m,m,m,m,m,m,m,m,m,m,m,m,m,m,m,m,m,m,m,m,m,m,m,m,m,m,m,m,m,m,m,m,m,m,m,m,m,m,m,m,m,m,m,m,m,m,m,m,m,m,m,m,m,m,m,m,m,m,m,m,m,m,m,m,m,m,m,m,m,m,m,m,G,G,G,G,G,t,t,G,G,G,t,G,G,G,t,G,G,t,G,b,G,G,b,b,G,G,G,G,G,G,G,G,G,G,G,G,G,G,G,t,G,G,G,G,G,t,G,G,G,t,t,b,G,t,G,G,G,b,b,G,m,m,m,m,m,m,m,m,m,m,m,m,m,m,m,m,m,m,m,m,m,m,m,m,m,m,m,m,m,m,m,m,m,m,m,m,m,m,m,m,m,m,m,m,m,m,m,m,m,m,m,m,m,m,m,m,m,m,m,m,m,m,m,m,m,m,m,m,m,m,m,m,m,m,m,m,m,m,m,m,m,m,m,m,m,m,m,m,m,m,m,m,m,m,m,m,m,m,m,m,m,m,m,m,m,m,m,m,m,m,m,m,m,m,m
m,m,m,m,m,m,m,m,m,m,m,m,m,m,m,m,m,m,m,m,m,m,m,m,m,m,m,m,m,m,m,m,m,m,m,m,m,m,m,m,m,m,m,m,m,m,m,m,m,m,m,m,m,m,m,m,m,m,m,m,m,m,m,m,m,m,m,m,m,m,m,m,m,m,m,m,m,m,m,m,m,m,m,m,m,m,m,m,m,m,m,m,m,m,m,m,m,m,m,m,m,m,m,m,m,m,m,m,m,m,m,m,m,m,m,m,m,m,m,m,m,m,m,m,m,t,t,G,G,G,G,t,t,G,G,t,G,G,G,G,G,G,G,G,G,G,G,G,t,G,G,G,G,G,t,G,t,G,b,G,G,b,G,G,G,G,G,G,G,G,G,G,t,G,G,t,G,G,G,t,b,G,G,G,m,m,m,m,m,m,m,m,m,m,m,m,m,m,m,m,m,m,m,m,m,m,m,m,m,m,m,m,m,m,m,m,m,m,m,m,m,m,m,m,m,m,m,m,m,m,m,m,m,m,m,m,m,m,m,m,m,m,m,m,m,m,m,m,m,m,m,m,m,m,m,m,m,m,m,m,m,m,m,m,m,m,m,m,m,m,m,m,m,m,m,m,m,m,m,m,m,m,m,m,m,m,m,m,m,m,m,m,m,m,m,m,m,m,m,m
m,m,m,m,m,m,m,m,m,m,m,m,m,m,m,m,m,m,m,m,m,m,m,m,m,m,m,m,m,m,m,m,m,m,m,m,m,m,m,m,m,m,m,m,m,m,m,m,m,m,m,m,m,m,m,m,m,m,m,m,m,m,m,m,m,m,m,m,m,m,m,m,m,m,m,m,m,m,m,m,m,m,m,m,m,m,m,m,m,m,m,m,m,m,m,m,m,m,m,m,m,m,m,m,m,m,m,m,m,m,m,m,m,m,m,m,m,m,m,m,m,m,m,m,m,m,G,G,b,G,G,t,t,G,G,G,t,G,b,b,G,b,G,G,G,G,G,G,G,G,G,G,G,G,G,t,G,G,G,b,G,G,G,G,G,G,G,G,G,G,G,G,G,G,G,t,G,t,G,t,G,b,G,G,m,m,m,m,m,m,m,m,m,m,m,m,m,m,m,m,m,m,m,m,m,m,m,m,m,m,m,m,m,m,m,m,m,m,m,m,m,m,m,m,m,m,m,m,m,m,m,m,m,m,m,m,m,m,m,m,m,m,m,m,m,m,m,m,m,m,m,m,m,m,m,m,m,m,m,m,m,m,m,m,m,m,m,m,m,m,m,m,m,m,m,m,m,m,m,m,m,m,m,m,m,m,m,m,m,m,m,m,m,m,m,m,m,m,m,m
m,m,m,m,m,m,m,m,m,m,m,m,m,m,m,m,m,m,m,m,m,m,m,m,m,m,m,m,m,m,m,m,m,m,m,m,m,m,m,m,m,m,m,m,m,m,m,m,m,m,m,m,m,m,m,m,m,m,m,m,m,m,m,m,m,m,m,m,m,m,m,m,m,m,m,m,m,m,m,m,m,m,m,m,m,m,m,m,m,m,m,m,m,m,m,m,m,m,m,m,m,m,m,m,m,m,m,m,m,m,m,m,m,m,m,m,m,m,m,m,m,m,m,m,m,m,m,G,G,G,G,G,G,G,G,G,G,G,G,G,G,G,t,b,G,G,b,G,G,G,G,G,G,G,G,G,t,G,G,G,b,G,G,t,G,G,G,G,t,G,G,G,G,G,b,G,G,G,G,G,G,G,G,m,m,m,m,m,m,m,m,m,m,m,m,m,m,m,m,m,m,m,m,m,m,m,m,m,m,m,m,m,m,m,m,m,m,m,m,m,m,m,m,m,m,m,m,m,m,m,m,m,m,m,m,m,m,m,m,m,m,m,m,m,m,m,m,m,m,m,m,m,m,m,m,m,m,m,m,m,m,m,m,m,m,m,m,m,m,m,m,m,m,m,m,m,m,m,m,m,m,m,m,m,m,m,m,m,m,m,m,m,m,m,m,m,m,m,m,m
m,m,m,m,m,m,m,m,m,m,m,m,m,m,m,m,m,m,m,m,m,m,m,m,m,m,m,m,m,m,m,m,m,m,m,m,m,m,m,m,m,m,m,m,m,m,m,m,m,m,m,m,m,m,m,m,m,m,m,m,m,m,m,m,m,m,m,m,m,m,m,m,m,m,m,m,m,m,m,m,m,m,m,m,m,m,m,m,m,m,m,m,m,m,m,m,m,m,m,m,m,m,m,m,m,m,m,m,m,m,m,m,m,m,m,m,m,m,m,m,m,m,m,m,m,m,G,G,t,G,G,t,t,G,t,G,G,G,G,b,G,G,G,b,G,G,t,G,G,G,G,G,G,G,G,G,G,t,G,t,b,G,G,G,t,t,t,G,G,b,G,G,G,G,G,t,b,G,G,G,G,G,m,m,m,m,m,m,m,m,m,m,m,m,m,m,m,m,m,m,m,m,m,m,m,m,m,m,m,m,m,m,m,m,m,m,m,m,m,m,m,m,m,m,m,m,m,m,m,m,m,m,m,m,m,m,m,m,m,m,m,m,m,m,m,m,m,m,m,m,m,m,m,m,m,m,m,m,m,m,m,m,m,m,m,m,m,m,m,m,m,m,m,m,m,m,m,m,m,m,m,m,m,m,m,m,m,m,m,m,m,m,m,m,m,m,m,m,m,m
m,m,m,m,m,m,m,m,m,m,m,m,m,m,m,m,m,m,m,m,m,m,m,m,m,m,m,m,m,m,m,m,m,m,m,m,m,m,m,m,m,m,m,m,m,m,m,m,m,m,m,m,m,m,m,m,m,m,m,m,m,m,m,m,m,m,m,m,m,m,m,m,m,m,m,m,m,m,m,m,m,m,m,m,m,m,m,m,m,m,m,m,m,m,m,m,m,m,m,m,m,m,m,m,m,m,m,m,m,m,m,m,m,m,m,m,m,m,m,m,m,m,m,m,m,m,m,G,t,G,t,t,G,t,G,G,G,G,G,G,G,t,G,G,t,G,G,G,G,G,G,G,G,G,t,G,t,G,G,G,b,G,G,G,G,t,G,G,G,G,G,G,G,b,G,G,G,G,G,G,G,G,m,m,m,m,m,m,m,m,m,m,m,m,m,m,m,m,m,m,m,m,m,m,m,m,m,m,m,m,m,m,m,m,m,m,m,m,m,m,m,m,m,m,m,m,m,m,m,m,m,m,m,m,m,m,m,m,m,m,m,m,m,m,m,m,m,m,m,m,m,m,m,m,m,m,m,m,m,m,m,m,m,m,m,m,m,m,m,m,m,m,m,m,m,m,m,m,m,m,m,m,m,m,m,m,m,m,m,m,m,m,m,m,m,m,m,m,m,m
m,m,m,m,m,m,m,m,m,m,m,m,m,m,m,m,m,m,m,m,m,m,m,m,m,m,m,m,m,m,m,m,m,m,m,m,m,m,m,m,m,m,m,m,m,m,m,m,m,m,m,m,m,m,m,m,m,m,m,m,m,m,m,m,m,m,m,m,m,m,m,m,m,m,m,m,m,m,m,m,m,m,m,m,m,m,m,m,m,m,m,m,m,m,m,m,m,m,m,m,m,m,m,m,m,m,m,m,m,m,m,m,m,m,m,m,m,m,m,m,m,m,m,m,m,m,m,m,G,G,G,G,t,G,G,G,G,b,G,t,t,G,G,G,G,G,t,G,G,G,G,G,G,G,G,G,G,G,t,G,G,G,G,t,G,G,b,G,G,G,G,G,G,t,G,b,G,G,t,G,G,m,m,m,m,m,m,m,m,m,m,m,m,m,m,m,m,m,m,m,m,m,m,m,m,m,m,m,m,m,m,m,m,m,m,m,m,m,m,m,m,m,m,m,m,m,m,m,m,m,m,m,m,m,m,m,m,m,m,m,m,m,m,m,m,m,m,m,m,m,m,m,m,m,m,m,m,m,m,m,m,m,m,m,m,m,m,m,m,m,m,m,m,m,m,m,m,m,m,m,m,m,m,m,m,m,m,m,m,m,m,m,m,m,m,m,m,m,m,m
m,m,m,m,m,m,m,m,m,m,m,m,m,m,m,m,m,m,m,m,m,m,m,m,m,m,m,m,m,m,m,m,m,m,m,m,m,m,m,m,m,m,m,m,m,m,m,m,m,m,m,m,m,m,m,m,m,m,m,m,m,m,m,m,m,m,m,m,m,m,m,m,m,m,m,m,m,m,m,m,m,m,m,m,m,m,m,m,m,m,m,m,m,m,m,m,m,m,m,m,m,m,m,m,m,m,m,m,m,m,m,m,m,m,m,m,m,m,m,m,m,m,m,m,m,m,m,m,t,G,t,G,G,G,b,b,G,t,b,G,G,G,G,t,t,G,t,t,G,G,G,G,G,G,G,t,G,G,t,G,G,G,G,G,t,b,G,t,t,G,G,G,t,G,G,G,G,G,G,G,t,m,m,m,m,m,m,m,m,m,m,m,m,m,m,m,m,m,m,m,m,m,m,m,m,m,m,m,m,m,m,m,m,m,m,m,m,m,m,m,m,m,m,m,m,m,m,m,m,m,m,m,m,m,m,m,m,m,m,m,m,m,m,m,m,m,m,m,m,m,m,m,m,m,m,m,m,m,m,m,m,m,m,m,m,m,m,m,m,m,m,m,m,m,m,m,m,m,m,m,m,m,m,m,m,m,m,m,m,m,m,m,m,m,m,m,m,m,m,m
m,m,m,m,m,m,m,m,m,m,m,m,m,m,m,m,m,m,m,m,m,m,m,m,m,m,m,m,m,m,m,m,m,m,m,m,m,m,m,m,m,m,m,m,m,m,m,m,m,m,m,m,m,m,m,m,m,m,m,m,m,m,m,m,m,m,m,m,m,m,m,m,m,m,m,m,m,m,m,m,m,m,m,m,m,m,m,m,m,m,m,m,m,m,m,m,m,m,m,m,m,m,m,m,m,m,m,m,m,m,m,m,m,m,m,m,m,m,m,m,m,m,m,m,m,m,m,m,G,G,G,G,G,G,G,G,t,G,G,G,G,G,G,G,G,G,G,G,G,G,G,G,G,G,G,t,G,G,t,t,b,G,G,t,t,G,t,G,G,t,b,G,G,b,G,G,G,G,G,G,m,m,m,m,m,m,m,m,m,m,m,m,m,m,m,m,m,m,m,m,m,m,m,m,m,m,m,m,m,m,m,m,m,m,m,m,m,m,m,m,m,m,m,m,m,m,m,m,m,m,m,m,m,m,m,m,m,m,m,m,m,m,m,m,m,m,m,m,m,m,m,m,m,m,m,m,m,m,m,m,m,m,m,m,m,m,m,m,m,m,m,m,m,m,m,m,m,m,m,m,m,m,m,m,m,m,m,m,m,m,m,m,m,m,m,m,m,m,m,m
m,m,m,m,m,m,m,m,m,m,m,m,m,m,m,m,m,m,m,m,m,m,m,m,m,m,m,m,m,m,m,m,m,m,m,m,m,m,m,m,m,m,m,m,m,m,m,m,m,m,m,m,m,m,m,m,m,m,m,m,m,m,m,m,m,m,m,m,m,m,m,m,m,m,m,m,m,m,m,m,m,m,m,m,m,m,m,m,m,m,m,m,m,m,m,m,m,m,m,m,m,m,m,m,m,m,m,m,m,m,m,m,m,m,m,m,m,m,m,m,m,m,m,m,m,m,m,m,m,t,G,G,G,G,G,t,G,G,G,G,t,b,G,G,G,G,G,t,G,G,G,G,G,G,G,t,G,G,G,G,t,G,G,G,t,G,G,G,G,G,G,G,G,b,G,G,G,G,G,m,m,m,m,m,m,m,m,m,m,m,m,m,m,m,m,m,m,m,m,m,m,m,m,m,m,m,m,m,m,m,m,m,m,m,m,m,m,m,m,m,m,m,m,m,m,m,m,m,m,m,m,m,m,m,m,m,m,m,m,m,m,m,m,m,m,m,m,m,m,m,m,m,m,m,m,m,m,m,m,m,m,m,m,m,m,m,m,m,m,m,m,m,m,m,m,m,m,m,m,m,m,m,m,m,m,m,m,m,m,m,m,m,m,m,m,m,m,m,m,m
m,m,m,m,m,m,m,m,m,m,m,m,m,m,m,m,m,m,m,m,m,m,m,m,m,m,m,m,m,m,m,m,m,m,m,m,m,m,m,m,m,m,m,m,m,m,m,m,m,m,m,m,m,m,m,m,m,m,m,m,m,m,m,m,m,m,m,m,m,m,m,m,m,m,m,m,m,m,m,m,m,m,m,m,m,m,m,m,m,m,m,m,m,m,m,m,m,m,m,m,m,m,m,m,m,m,m,m,m,m,m,m,m,m,m,m,m,m,m,m,m,m,m,m,m,m,m,m,m,G,G,G,G,t,G,t,t,G,G,G,G,t,G,G,G,G,b,G,G,G,G,G,G,G,t,G,G,G,G,t,t,G,G,G,G,G,G,b,G,t,t,G,G,G,G,t,G,G,G,m,m,m,m,m,m,m,m,m,m,m,m,m,m,m,m,m,m,m,m,m,m,m,m,m,m,m,m,m,m,m,m,m,m,m,m,m,m,m,m,m,m,m,m,m,m,m,m,m,m,m,m,m,m,m,m,m,m,m,m,m,m,m,m,m,m,m,m,m,m,m,m,m,m,m,m,m,m,m,m,m,m,m,m,m,m,m,m,m,m,m,m,m,m,m,m,m,m,m,m,m,m,m,m,m,m,m,m,m,m,m,m,m,m,m,m,m,m,m,m,m
m,m,m,m,m,m,m,m,m,m,m,m,m,m,m,m,m,m,m,m,m,m,m,m,m,m,m,m,m,m,m,m,m,m,m,m,m,m,m,m,m,m,m,m,m,m,m,m,m,m,m,m,m,m,m,m,m,m,m,m,m,m,m,m,m,m,m,m,m,m,m,m,m,m,m,m,m,m,m,m,m,m,m,m,m,m,m,m,m,m,m,m,m,m,m,m,m,m,m,m,m,m,m,m,m,m,m,m,m,m,m,m,m,m,m,m,m,m,m,m,m,m,m,m,m,m,m,m,m,m,G,G,b,G,G,G,G,b,G,G,G,t,G,G,G,t,t,G,G,G,G,G,G,G,t,G,t,G,G,b,b,G,t,G,t,G,t,G,G,t,G,G,G,t,t,G,G,G,m,m,m,m,m,m,m,m,m,m,m,m,m,m,m,m,m,m,m,m,m,m,m,m,m,m,m,m,m,m,m,m,m,m,m,m,m,m,m,m,m,m,m,m,m,m,m,m,m,m,m,m,m,m,m,m,m,m,m,m,m,m,m,m,m,m,m,m,m,m,m,m,m,m,m,m,m,m,m,m,m,m,m,m,m,m,m,m,m,m,m,m,m,m,m,m,m,m,m,m,m,m,m,m,m,m,m,m,m,m,m,m,m,m,m,m,m,m,m,m,m,m
m,m,m,m,m,m,m,m,m,m,m,m,m,m,m,m,m,m,m,m,m,m,m,m,m,m,m,m,m,m,m,m,m,m,m,m,m,m,m,m,m,m,m,m,m,m,m,m,m,m,m,m,m,m,m,m,m,m,m,m,m,m,m,m,m,m,m,m,m,m,m,m,m,m,m,m,m,m,m,m,m,m,m,m,m,m,m,m,m,m,m,m,m,m,m,m,m,m,m,m,m,m,m,m,m,m,m,m,m,m,m,m,m,m,m,m,m,m,m,m,m,m,m,m,m,m,m,m,m,m,m,G,G,t,G,G,b,t,G,G,b,G,b,G,t,G,G,G,G,G,G,G,G,G,b,G,G,G,G,G,t,t,G,G,G,b,G,G,G,G,b,G,t,G,G,G,b,G,m,m,m,m,m,m,m,m,m,m,m,m,m,m,m,m,m,m,m,m,m,m,m,m,m,m,m,m,m,m,m,m,m,m,m,m,m,m,m,m,m,m,m,m,m,m,m,m,m,m,m,m,m,m,m,m,m,m,m,m,m,m,m,m,m,m,m,m,m,m,m,m,m,m,m,m,m,m,m,m,m,m,m,m,m,m,m,m,m,m,m,m,m,m,m,m,m,m,m,m,m,m,m,m,m,m,m,m,m,m,m,m,m,m,m,m,m,m,m,m,m,m
m,m,m,m,m,m,m,m,m,m,m,m,m,m,m,m,m,m,m,m,m,m,m,m,m,m,m,m,m,m,m,m,m,m,m,m,m,m,m,m,m,m,m,m,m,m,m,m,m,m,m,m,m,m,m,m,m,m,m,m,m,m,m,m,m,m,m,m,m,m,m,m,m,m,m,m,m,m,m,m,m,m,m,m,m,m,m,m,m,m,m,m,m,m,m,m,m,m,m,m,m,m,m,m,m,m,m,m,m,m,m,m,m,m,m,m,G,G,G,G,G,G,G,G,G,G,G,m,m,m,m,t,b,b,G,G,G,t,G,G,G,G,G,G,G,G,G,G,b,G,G,G,G,G,G,G,t,G,G,G,t,b,G,G,G,G,b,G,G,G,b,G,b,t,G,G,t,t,m,m,m,m,m,m,m,m,m,m,m,m,m,m,m,m,m,m,m,m,m,m,m,m,m,m,m,m,m,m,m,m,m,m,m,m,m,m,m,m,m,m,m,m,m,m,m,m,m,m,m,m,m,m,m,m,m,m,m,m,m,m,m,m,m,m,m,m,m,m,m,m,m,m,m,m,m,m,m,m,m,m,m,m,m,m,m,m,m,m,m,m,m,m,m,m,m,m,m,m,m,m,m,m,m,m,m,m,m,m,m,m,m,m,m,m,m,m,m,m,m,m
m,m,m,m,m,m,m,m,m,m,m,m,m,m,m,m,m,m,m,m,m,m,m,m,m,m,m,m,m,m,m,m,m,m,m,m,m,m,m,m,m,m,m,m,m,m,m,m,m,m,m,m,m,m,m,m,m,m,m,m,m,m,m,m,m,m,m,m,m,m,m,m,m,m,m,m,m,m,m,m,m,m,m,m,m,m,m,m,m,m,m,m,m,m,m,m,m,m,m,m,m,m,m,m,m,m,m,m,m,m,m,m,m,m,m,G,G,G,G,G,G,G,G,G,G,G,G,G,G,G,G,G,b,G,t,G,G,b,G,G,G,G,G,b,G,G,G,G,G,G,G,G,G,G,t,t,G,G,G,G,G,G,G,G,G,G,G,G,G,G,G,b,G,G,t,G,G,m,m,m,m,m,m,m,m,m,m,m,m,m,m,m,m,m,m,m,m,m,m,m,m,m,m,m,m,m,m,m,m,m,m,m,m,m,m,m,m,m,m,m,m,m,m,m,m,m,m,m,m,m,m,m,m,m,m,m,m,m,m,m,m,m,m,m,m,m,m,m,m,m,m,m,m,m,m,m,m,m,m,m,m,m,m,m,m,m,m,m,m,m,m,m,m,m,m,m,m,m,m,m,m,m,m,m,m,m,m,m,m,m,m,m,m,m,m,m,m,m,m,m
m,m,m,m,m,m,m,m,m,m,m,m,m,m,m,m,m,m,m,m,m,m,m,m,m,m,m,m,m,m,m,m,m,m,m,m,m,m,m,m,m,m,m,m,m,m,m,m,m,m,m,m,m,m,m,m,m,m,m,m,m,m,m,m,m,m,m,m,m,m,m,m,m,m,m,m,m,m,m,m,m,m,m,m,m,m,m,m,m,m,m,m,m,m,m,m,m,m,m,m,m,m,m,m,m,m,m,m,m,m,m,m,m,m,G,G,G,G,G,G,G,G,G,G,G,G,G,G,G,m,m,b,G,G,t,G,G,G,G,G,G,G,G,G,b,G,G,G,t,G,G,G,G,G,G,G,G,G,G,G,G,t,G,b,t,G,G,t,G,G,G,t,G,G,G,G,t,m,m,m,m,m,m,m,m,m,m,m,m,m,m,m,m,m,m,m,m,m,m,m,m,m,m,m,m,m,m,m,m,m,m,m,m,m,m,m,m,m,m,m,m,m,m,m,m,m,m,m,m,m,m,m,m,m,m,m,m,m,m,m,m,m,m,m,m,m,m,m,m,m,m,m,m,m,m,m,m,m,m,m,m,m,m,m,m,m,m,m,m,m,m,m,m,m,m,m,m,m,m,m,m,m,m,m,m,m,m,m,m,m,m,m,m,m,m,m,m,m,m,m
m,m,m,m,m,m,m,m,m,m,m,m,m,m,m,m,m,m,m,m,m,m,m,m,m,m,m,m,m,m,m,m,m,m,m,m,m,m,m,m,m,m,m,m,m,m,m,m,m,m,m,m,m,m,m,m,m,m,m,m,m,m,m,m,m,m,m,m,m,m,m,m,m,m,m,m,m,m,m,m,m,m,m,m,m,m,m,m,m,m,m,m,m,m,m,m,m,m,m,m,m,m,m,m,m,m,m,m,m,m,m,m,m,G,G,G,G,G,G,G,G,G,G,G,G,G,m,m,m,m,m,m,G,b,G,G,G,G,G,b,G,G,G,G,G,G,G,G,G,G,G,G,G,G,b,G,G,G,G,G,G,G,G,G,t,G,G,G,t,G,G,t,t,t,t,G,G,m,m,m,m,m,m,m,m,m,m,m,m,m,m,m,m,m,m,m,m,m,m,m,m,m,m,m,m,m,m,m,m,m,m,m,m,m,m,m,m,m,m,m,m,m,m,m,m,m,m,m,m,m,m,m,m,m,m,m,m,m,m,m,m,m,m,m,m,m,m,m,m,m,m,m,m,m,m,m,m,m,m,m,m,m,m,m,m,m,m,m,m,m,m,m,m,m,m,m,m,m,m,m,m,m,m,m,m,m,m,m,m,m,m,m,m,m,m,m,m,m,m,m
m,m,m,m,m,m,m,m,m,m,m,m,m,m,m,m,m,m,m,m,m,m,m,m,m,m,m,m,m,m,m,m,m,m,m,m,m,m,m,m,m,m,m,m,m,m,m,m,m,m,m,m,m,m,m,m,m,m,m,m,m,m,m,m,m,m,m,m,m,m,m,m,m,m,m,m,m,m,m,m,m,m,m,m,m,m,m,m,m,m,m,m,m,m,m,m,m,m,m,m,m,m,m,m,m,m,m,m,m,m,m,m,m,G,G,G,G,G,G,G,G,G,G,G,G,G,m,m,m,m,m,t,t,t,G,b,G,t,G,G,G,G,b,G,G,G,t,G,G,G,G,G,G,G,t,t,G,G,t,G,G,G,G,G,G,t,G,G,G,G,G,G,G,t,G,t,G,m,m,m,m,m,m,m,m,m,m,m,m,m,m,m,m,m,m,m,m,m,m,m,m,m,m,m,m,m,m,m,m,m,m,m,m,m,m,m,m,m,m,m,m,m,m,m,m,m,m,m,m,m,m,m,m,m,m,m,m,m,m,m,m,m,m,m,m,m,m,m,m,m,m,m,m,m,m,m,m,m,m,m,m,m,m,m,m,m,m,m,m,m,m,m,m,m,m,m,m,m,m,m,m,m,m,m,m,m,m,m,m,m,m,m,m,m,m,m,m,m,m,m
m,m,m,m,m,m,m,m,m,m,m,m,m,m,m,m,m,m,m,m,m,m,m,m,m,m,m,m,m,m,m,m,m,m,m,m,m,m,m,m,m,m,m,m,m,m,m,m,m,m,m,m,m,m,m,m,m,m,m,m,m,m,m,m,m,m,m,m,m,m,m,m,m,m,m,m,m,m,m,m,m,m,m,m,m,m,m,m,m,m,m,m,m,m,m,m,m,m,m,m,m,m,m,m,m,m,m,m,m,m,m,m,m,m,G,G,G,G,G,G,G,G,G,G,G,G,m,m,m,m,m,m,G,G,G,G,G,G,G,G,b,G,G,b,G,b,G,G,G,G,G,G,G,G,G,G,G,t,t,G,G,G,G,G,G,t,G,G,G,G,t,G,b,G,G,t,m,m,m,m,m,m,m,m,m,m,m,m,m,m,m,m,m,m,m,m,m,m,m,m,m,m,m,m,m,m,m,m,m,m,m,m,m,m,m,m,m,m,m,m,m,m,m,m,m,m,m,m,m,m,m,m,m,m,m,m,m,m,m,m,m,m,m,m,m,m,m,m,m,m,m,m,m,m,m,m,m,m,m,m,m,m,m,m,m,m,m,m,m,m,m,m,m,m,m,m,m,m,m,m,m,m,m,m,m,m,m,m,m,m,m,m,m,m,m,m,m,m,m,m
m,m,m,m,m,m,m,m,m,m,m,m,m,m,m,m,m,m,m,m,m,m,m,m,m,m,m,m,m,m,m,m,m,m,m,m,m,m,m,m,m,m,m,m,m,m,m,m,m,m,m,m,m,m,m,m,m,m,m,m,m,m,m,m,m,m,m,m,m,m,m,m,m,m,m,m,m,m,m,m,m,m,m,m,m,m,m,m,m,m,m,m,m,m,m,m,m,m,m,m,m,m,m,m,m,m,m,m,m,m,m,m,m,m,m,G,G,G,G,G,G,G,G,G,G,G,m,m,m,m,m,m,G,t,G,t,b,G,G,G,G,b,b,G,t,G,G,G,t,G,G,G,G,G,G,G,G,G,b,b,G,G,G,t,t,G,G,b,G,G,t,G,t,G,G,G,m,m,m,m,m,m,m,m,m,m,m,m,m,m,m,m,m,m,m,m,m,m,m,m,m,m,m,m,m,m,m,m,m,m,m,m,m,m,m,m,m,m,m,m,m,m,m,m,m,m,m,m,m,m,m,m,m,m,m,m,m,m,m,m,m,m,m,m,m,m,m,m,m,m,m,m,m,m,m,m,m,m,m,m,m,m,m,m,m,m,m,m,m,m,m,m,m,m,m,m,m,m,m,m,m,m,m,m,m,m,m,m,m,m,m,m,m,m,m,m,m,m,m,m
m,m,m,m,m,m,m,m,m,m,m,m,m,m,m,m,m,m,m,m,m,m,m,m,m,m,m,m,m,m,m,m,m,m,m,m,m,m,m,m,m,m,m,m,m,m,m,m,m,m,m,m,m,m,m,m,m,m,m,m,m,m,m,m,m,m,m,m,m,m,m,m,m,m,m,m,m,m,m,m,m,m,m,m,m,m,m,m,m,m,m,m,m,m,m,m,m,m,m,m,m,m,m,m,m,m,m,m,m,m,m,m,m,m,m,m,G,G,G,G,G,G,G,G,m,m,m,m,m,m,m,m,m,G,G,G,b,b,G,G,G,G,G,G,G,b,G,t,t,G,G,G,G,G,b,t,t,G,G,G,t,t,G,b,t,G,b,G,t,b,G,G,G,G,G,m,m,m,m,m,m,m,m,m,m,m,m,m,m,m,m,m,m,m,m,m,m,m,m,m,m,m,m,m,m,m,m,m,m,m,m,m,m,m,m,m,m,m,m,m,m,m,m,m,m,m,m,m,m,m,m,m,m,m,m,m,m,m,m,m,m,m,m,m,m,m,m,m,m,m,m,m,m,m,m,m,m,m,m,m,m,m,m,m,m,m,m,m,m,m,m,m,m,m,m,m,m,m,m,m,m,m,m,m,m,m,m,m,m,m,m,m,m,m,m,m,m,m,m,m
m,m,m,m,m,m,m,m,m,m,m,m,m,m,m,m,m,m,m,m,m,m,m,m,m,m,m,m,m,m,m,m,m,m,m,m,m,m,m,m,m,m,m,m,m,m,m,m,m,m,m,m,m,m,m,m,m,m,m,m,m,m,m,m,m,m,m,m,m,m,m,m,m,m,m,m,m,m,m,m,m,m,m,m,m,m,m,m,m,m,m,m,m,m,m,m,m,m,m,m,m,m,m,m,m,m,m,m,m,m,m,m,m,m,m,m,m,m,m,m,m,m,m,m,m,m,m,m,m,m,m,m,m,b,G,G,G,b,t,G,G,t,G,G,G,G,G,G,G,G,G,G,G,G,t,b,b,G,G,G,t,G,G,t,G,t,G,G,G,G,G,G,t,G,b,m,m,m,m,m,m,m,m,m,m,m,m,m,m,m,m,m,m,m,m,m,m,m,m,m,m,m,m,m,m,m,m,m,m,m,m,m,m,m,m,m,m,m,m,m,m,m,m,m,m,m,m,m,m,m,m,m,m,m,m,m,m,m,m,m,m,m,m,m,m,m,m,m,m,m,m,m,m,m,m,m,m,m,m,m,m,m,m,m,m,m,m,m,m,m,m,m,m,m,m,m,m,m,m,m,m,m,m,m,m,m,m,m,m,m,m,m,m,m,m,m,m,m,m,m
m,m,m,m,m,m,m,m,m,m,m,m,m,m,m,m,m,m,m,m,m,m,m,m,m,m,m,m,m,m,m,m,m,m,m,m,m,m,m,m,m,m,m,m,m,m,m,m,m,m,m,m,m,m,m,m,m,m,m,m,m,m,m,m,m,m,m,m,m,m,m,m,m,m,m,m,m,m,m,m,m,m,m,m,m,m,m,m,m,m,m,m,m,m,m,m,m,m,m,m,m,m,m,m,m,m,m,m,m,m,m,m,m,m,m,m,m,m,m,m,m,m,m,m,m,m,m,m,m,m,m,m,m,m,G,b,G,G,G,G,t,b,b,G,G,G,b,t,G,G,G,G,G,G,G,t,G,G,G,G,t,G,G,G,G,G,G,b,b,t,t,G,G,G,m,m,m,m,m,m,m,m,m,m,m,m,m,m,m,m,m,m,m,m,m,m,m,m,m,m,m,m,m,m,m,m,m,m,m,m,m,m,m,m,m,m,m,m,m,m,m,m,m,m,m,m,m,m,m,m,m,m,m,m,m,m,m,m,m,m,m,m,m,m,m,m,m,m,m,m,m,m,m,m,m,m,m,m,m,m,m,m,m,m,m,m,m,m,m,m,m,m,m,m,m,m,m,m,m,m,m,m,m,m,m,m,m,m,m,m,m,m,m,m,m,m,m,m,m,m
m,m,m,m,m,m,m,m,m,m,m,m,m,m,m,m,m,m,m,m,m,m,m,m,m,m,m,m,m,m,m,m,m,m,m,m,m,m,m,m,m,m,m,m,m,m,m,m,m,m,m,m,m,m,m,m,m,m,m,m,m,m,m,m,m,m,m,m,m,m,m,m,m,m,m,m,m,m,m,m,m,m,m,m,m,m,m,m,m,m,m,m,m,m,m,m,m,m,m,m,m,m,m,m,m,m,m,m,m,m,m,m,m,m,m,m,m,m,m,m,m,m,m,m,m,m,m,m,m,m,m,m,m,m,m,t,G,G,t,G,G,G,t,b,G,G,t,G,G,G,G,G,G,G,G,G,G,G,b,t,t,b,G,G,G,G,G,G,G,b,G,b,G,m,m,m,m,m,m,m,m,m,m,m,m,m,m,m,m,m,m,m,m,m,m,m,m,m,m,m,m,m,m,m,m,m,m,m,m,m,m,m,m,m,m,m,m,m,m,m,m,m,m,m,m,m,m,m,m,m,m,m,m,m,m,m,m,m,m,m,m,m,m,m,m,m,m,m,m,m,m,m,m,m,m,m,m,m,m,m,m,m,m,m,m,m,m,m,m,m,m,m,m,m,m,m,m,m,m,m,m,m,m,m,m,m,m,m,m,m,m,m,m,m,m,m,m,m,m,m
m,m,m,m,m,m,m,m,m,m,m,m,m,m,m,m,m,m,m,m,m,m,m,m,m,m,m,m,m,m,m,m,m,m,m,m,m,m,m,m,m,m,m,m,m,m,m,m,m,m,m,m,m,m,m,m,m,m,m,m,m,m,m,m,m,m,m,m,m,m,m,m,m,m,m,m,m,m,m,m,m,m,m,m,m,m,m,m,m,m,m,m,m,m,m,m,m,m,m,m,m,m,m,m,m,m,m,m,m,m,m,m,m,m,m,m,m,m,m,m,m,m,m,m,m,m,m,m,m,m,m,m,m,m,m,G,G,t,t,G,G,t,G,G,G,t,t,G,t,G,G,G,G,G,b,G,G,t,G,G,G,t,G,b,G,b,b,G,b,G,G,t,G,b,m,m,m,m,m,m,m,m,m,m,m,m,m,m,m,m,m,m,m,m,m,m,m,m,m,m,m,m,m,m,m,m,m,m,m,m,m,m,m,m,m,m,m,m,m,m,m,m,m,m,m,m,m,m,m,m,m,m,m,m,m,m,m,m,m,m,m,m,m,m,m,m,m,m,m,m,m,m,m,m,m,m,m,m,m,m,m,m,m,m,m,m,m,m,m,m,m,m,m,m,m,m,m,m,m,m,m,m,m,m,m,m,m,m,m,m,m,m,m,m,m,m,m,m,m,m
m,m,m,m,m,m,m,m,m,m,m,m,m,m,m,m,m,m,m,m,m,m,m,m,m,m,m,m,m,m,m,m,m,m,m,m,m,m,m,m,m,m,m,m,m,m,m,m,m,m,m,m,m,m,m,m,m,m,m,m,m,m,m,m,m,m,m,m,m,m,m,m,m,m,m,m,m,m,m,m,m,m,m,m,m,m,m,m,m,m,m,m,m,m,m,m,m,m,m,m,m,m,m,m,m,m,m,m,m,m,m,m,m,m,m,m,m,m,m,m,m,m,m,m,m,m,m,m,m,m,m,m,m,m,m,m,G,G,t,t,G,G,t,t,G,G,G,G,t,G,G,G,G,G,t,G,b,t,G,G,t,G,t,G,G,G,G,b,G,G,G,G,G,m,m,m,m,m,m,m,m,m,m,m,m,m,m,m,m,m,m,m,m,m,m,m,m,m,m,m,m,m,m,m,m,m,m,m,m,m,m,m,m,m,m,m,m,m,m,m,m,m,m,m,m,m,m,m,m,m,m,m,m,m,m,m,m,m,m,m,m,m,m,m,m,m,m,m,m,m,m,m,m,m,m,m,m,m,m,m,m,m,m,m,m,m,m,m,m,m,m,m,m,m,m,m,m,m,m,m,m,m,m,m,m,m,m,m,m,m,m,m,m,m,m,m,m,m,m,m
m,m,m,m,m,m,m,m,m,m,m,m,m,m,m,m,m,m,m,m,m,m,m,m,m,m,m,m,m,m,m,m,m,m,m,m,m,m,m,m,m,m,m,m,m,m,m,m,m,m,m,m,m,m,m,m,m,m,m,m,m,m,m,m,m,m,m,m,m,m,m,m,m,m,m,m,m,m,m,m,m,m,m,m,m,m,m,m,m,m,m,m,m,m,m,m,m,m,m,m,m,m,m,m,m,m,m,m,m,m,m,m,m,m,m,m,m,m,m,m,m,m,m,m,m,m,m,m,m,m,m,m,m,m,m,m,t,t,b,G,t,G,G,G,G,b,G,t,b,G,G,G,G,G,t,G,G,G,G,b,G,G,G,G,t,G,b,G,G,G,G,b,G,m,m,m,m,m,m,m,m,m,m,m,m,m,m,m,m,m,m,m,m,m,m,m,m,m,m,m,m,m,m,m,m,m,m,m,m,m,m,m,m,m,m,m,m,m,m,m,m,m,m,m,m,m,m,m,m,m,m,m,m,m,m,m,m,m,m,m,m,m,m,m,m,m,m,m,m,m,m,m,m,m,m,m,m,m,m,m,m,m,m,m,m,m,m,m,m,m,m,m,m,m,m,m,m,m,m,m,m,m,m,m,m,m,m,m,m,m,m,m,m,m,m,m,m,m,m,m
m,m,m,m,m,m,m,m,m,m,m,m,m,m,m,m,m,m,m,m,m,m,m,m,m,m,m,m,m,m,m,m,m,m,m,m,m,m,m,m,m,m,m,m,m,m,m,m,m,m,m,m,m,m,m,m,m,m,m,m,m,m,m,m,m,m,m,m,m,m,m,m,m,m,m,m,m,m,m,m,m,m,m,m,m,m,m,m,m,m,m,m,m,m,m,m,m,m,m,m,m,m,m,m,m,m,m,m,m,m,m,m,m,m,m,m,m,m,m,m,m,m,m,m,m,m,m,m,m,m,m,m,m,m,m,m,m,G,b,G,t,t,G,G,G,t,G,G,G,G,G,G,G,G,G,b,G,G,t,G,b,G,G,G,t,t,t,G,G,G,t,t,m,m,m,m,m,m,m,m,m,m,m,m,m,m,m,m,m,m,m,m,m,m,m,m,m,m,m,m,m,m,m,m,m,m,m,m,m,m,m,m,m,m,m,m,m,m,m,m,m,m,m,m,m,m,m,m,m,m,m,m,m,m,m,m,m,m,m,m,m,m,m,m,m,m,m,m,m,m,m,m,m,m,m,m,m,m,m,m,m,m,m,m,m,m,m,m,m,m,m,m,m,m,m,m,m,m,m,m,m,m,m,m,m,m,m,m,m,m,m,m,m,m,m,m,m,m,m,m
m,m,m,m,m,m,m,m,m,m,m,m,m,m,m,m,m,m,m,m,m,m,m,m,m,m,m,m,m,m,m,m,m,m,m,m,m,m,m,m,m,m,m,m,m,m,m,m,m,m,m,m,m,m,m,m,m,m,m,m,m,m,m,m,m,m,m,m,m,m,m,m,m,m,m,m,m,m,m,m,m,m,m,m,m,m,m,m,m,m,m,m,m,m,m,m,m,m,m,m,m,m,m,m,m,m,m,m,m,m,m,m,m,m,m,m,m,m,m,m,m,m,m,m,m,m,m,m,m,m,m,m,m,m,m,m,m,G,t,b,t,t,G,b,t,G,G,G,G,G,G,G,G,G,t,t,G,b,G,t,G,G,G,G,b,G,G,G,G,G,t,t,b,m,m,m,m,m,m,m,m,m,m,m,m,m,m,m,m,m,m,m,m,m,m,m,m,m,m,m,m,m,m,m,m,m,m,m,m,m,m,m,m,m,m,m,m,m,m,m,m,m,m,m,m,m,m,m,m,m,m,m,m,m,m,m,m,m,m,m,m,m,m,m,m,m,m,m,m,m,m,m,m,m,m,m,m,m,m,m,m,m,m,m,m,m,m,m,m,m,m,m,m,m,m,m,m,m,m,m,m,m,m,m,m,m,m,m,m,m,m,m,m,m,m,m,m,m,m,m
m,m,m,m,m,m,m,m,m,m,m,m,m,m,m,m,m,m,m,m,m,m,m,m,m,m,m,m,m,m,m,m,m,m,m,m,m,m,m,m,m,m,m,m,m,m,m,m,m,m,m,m,m,m,m,m,m,m,m,m,m,m,m,m,m,m,m,m,m,m,m,m,m,m,m,m,m,m,m,m,m,m,m,m,m,m,m,m,m,m,m,m,m,m,m,m,m,m,m,m,m,m,m,m,m,m,m,m,m,m,m,m,m,m,m,m,m,m,m,m,m,m,m,m,m,m,m,m,m,m,m,m,m,m,m,m,m,m,G,G,G,G,t,G,b,t,b,G,t,G,G,G,G,b,G,t,G,G,G,G,t,t,G,G,G,t,G,G,t,G,G,t,m,m,m,m,m,m,m,m,m,m,m,m,m,m,m,m,m,m,m,m,m,m,m,m,m,m,m,m,m,m,m,m,m,m,m,m,m,m,m,m,m,m,m,m,m,m,m,m,m,m,m,m,m,m,m,m,m,m,m,m,m,m,m,m,m,m,m,m,m,m,m,m,m,m,m,m,m,m,m,m,m,m,m,m,m,m,m,m,m,m,m,m,m,m,m,m,m,m,m,m,m,m,m,m,m,m,m,m,m,m,m,m,m,m,m,m,m,m,m,m,m,m,m,m,m,m,m,m
m,m,m,m,m,m,m,m,m,m,m,m,m,m,m,m,m,m,m,m,m,m,m,m,m,m,m,m,m,m,m,m,m,m,m,m,m,m,m,m,m,m,m,m,m,m,m,m,m,m,m,m,m,m,m,m,m,m,m,m,m,m,m,m,m,m,m,m,m,m,m,m,m,m,m,m,m,m,m,m,m,m,m,m,m,m,m,m,m,m,m,m,m,m,m,m,m,m,m,m,m,m,m,m,m,m,m,m,m,m,m,m,m,m,m,m,m,m,m,m,m,m,m,m,m,m,m,m,m,m,m,m,m,m,m,m,m,m,G,G,G,G,G,G,G,t,t,b,t,G,G,G,G,G,G,G,G,t,G,G,G,t,G,G,G,G,G,t,G,G,G,G,m,m,m,m,m,m,m,m,m,m,m,m,m,m,m,m,m,m,m,m,m,m,m,m,m,m,m,m,m,m,m,m,m,m,m,m,m,m,m,m,m,m,m,m,m,m,m,m,m,m,m,m,m,m,m,m,m,m,m,m,m,m,m,m,m,m,m,m,m,m,m,m,m,m,m,m,m,m,m,m,m,m,m,m,m,m,m,m,m,m,m,m,m,m,m,m,m,m,m,m,m,m,m,m,m,m,m,m,m,m,m,m,m,m,m,m,m,m,m,m,m,m,m,m,m,m,m,m
m,m,m,m,m,m,m,m,m,m,m,m,m,m,m,m,m,m,m,m,m,m,m,m,m,m,m,m,m,m,m,m,m,m,m,m,m,m,m,m,m,m,m,m,m,m,m,m,m,m,m,m,m,m,m,m,m,m,m,m,m,m,m,m,m,m,m,m,m,m,m,m,m,m,m,m,m,m,m,m,m,m,m,m,m,m,m,m,m,m,m,m,m,m,m,m,m,m,m,m,m,m,m,m,m,m,m,m,m,m,m,m,m,m,m,m,m,m,m,m,m,m,m,m,m,m,m,m,m,m,m,m,m,m,m,m,m,m,m,G,t,t,G,G,t,G,G,t,b,t,t,G,G,G,t,t,G,G,G,G,t,t,t,G,b,b,G,G,G,G,G,m,m,m,m,m,m,m,m,m,m,m,m,m,m,m,m,m,m,m,m,m,m,m,m,m,m,m,m,m,m,m,m,m,m,m,m,m,m,m,m,m,m,m,m,m,m,m,m,m,m,m,m,m,m,m,m,m,m,m,m,m,m,m,m,m,m,m,m,m,m,m,m,m,m,m,m,m,m,m,m,m,m,m,m,m,m,m,m,m,m,m,m,m,m,m,m,m,m,m,m,m,m,m,m,m,m,m,m,m,m,m,m,m,m,m,m,m,m,m,m,m,m,m,m,m,m,m,m,m
m,m,m,m,m,m,m,m,m,m,m,m,m,m,m,m,m,m,m,m,m,m,m,m,m,m,m,m,m,m,m,m,m,m,m,m,m,m,m,m,m,m,m,m,m,m,m,m,m,m,m,m,m,m,m,m,m,m,m,m,m,m,m,m,m,m,m,m,m,m,m,m,m,m,m,m,m,m,m,m,m,m,m,m,m,m,m,m,m,m,m,m,m,m,m,m,m,m,m,m,m,m,m,m,m,m,m,m,m,m,m,m,m,m,m,m,m,m,m,m,m,m,m,m,m,m,m,m,m,m,m,m,m,m,m,m,m,m,m,G,t,b,G,G,G,G,t,G,t,t,G,G,G,G,t,b,G,G,G,G,G,G,G,b,G,G,G,b,G,G,t,m,m,m,m,m,m,m,m,m,m,m,m,m,m,m,m,m,m,m,m,m,m,m,m,m,m,m,m,m,m,m,m,m,m,m,m,m,m,m,m,m,m,m,m,m,m,m,m,m,m,m,m,m,m,m,m,m,m,m,m,m,m,m,m,m,m,m,m,m,m,m,m,m,m,m,m,m,m,m,m,m,m,m,m,m,m,m,m,m,m,m,m,m,m,m,m,m,m,m,m,m,m,m,m,m,m,m,m,m,m,m,m,m,m,m,m,m,m,m,m,m,m,m,m,m,m,m,m,m
m,m,m,m,m,m,m,m,m,m,m,m,m,m,m,m,m,m,m,m,m,m,m,m,m,m,m,m,m,m,m,m,m,m,m,m,m,m,m,m,m,m,m,m,m,m,m,m,m,m,m,m,m,m,m,m,m,m,m,m,m,m,m,m,m,m,m,m,m,m,m,m,m,m,m,m,m,m,m,m,m,m,m,m,m,m,m,m,m,m,m,m,m,m,m,m,m,m,m,m,m,m,m,m,m,m,m,m,m,m,m,m,m,m,m,m,m,m,m,m,m,m,m,m,m,m,m,m,m,m,m,m,m,m,m,m,m,m,m,m,m,G,G,G,t,G,G,t,G,G,G,G,G,G,G,G,b,G,G,G,G,t,G,G,G,G,t,t,G,t,m,m,m,m,m,m,m,m,m,m,m,m,m,m,m,m,m,m,m,m,m,m,m,m,m,m,m,m,m,m,m,m,m,m,m,m,m,m,m,m,m,m,m,m,m,m,m,m,m,m,m,m,m,m,m,m,m,m,m,m,m,m,m,m,m,m,m,m,m,m,m,m,m,m,m,m,m,m,m,m,m,m,m,m,m,m,m,m,m,m,m,m,m,m,m,m,m,m,m,m,m,m,m,m,m,m,m,m,m,m,m,m,m,m,m,m,m,m,m,m,m,m,m,m,m,m,m,m,m,m
m,m,m,m,m,m,m,m,m,m,m,m,m,m,m,m,m,m,m,m,m,m,m,m,m,m,m,m,m,m,m,m,m,m,m,m,m,m,m,m,m,m,m,m,m,m,m,m,m,m,m,m,m,m,m,m,m,m,m,m,m,m,m,m,m,m,m,m,m,m,m,m,m,m,m,m,m,m,m,m,m,m,m,m,m,m,m,m,m,m,m,m,m,m,m,m,m,m,m,m,m,m,m,m,m,m,m,m,m,m,m,m,m,m,m,m,m,m,m,m,m,m,m,m,m,m,m,m,m,m,m,m,m,m,m,m,m,m,m,m,m,m,G,t,b,G,G,G,b,t,t,G,G,G,b,t,t,G,t,G,t,G,t,t,G,G,G,G,G,m,m,m,m,m,m,m,m,m,m,m,m,m,m,m,m,m,m,m,m,m,m,m,m,m,m,m,m,m,m,m,m,m,m,m,m,m,m,m,m,m,m,m,m,m,m,m,m,m,m,m,m,m,m,m,m,m,m,m,m,m,m,m,m,m,m,m,m,m,m,m,m,m,m,m,m,m,m,m,m,m,m,m,m,m,m,m,m,m,m,m,m,m,m,m,m,m,m,m,m,m,m,m,m,m,m,m,m,m,m,m,m,m,m,m,m,m,m,m,m,m,m,m,m,m,m,m,m,m,m,m
m,m,m,m,m,m,m,m,m,m,m,m,m,m,m,m,m,m,m,m,m,m,m,m,m,m,m,m,m,m,m,m,m,m,m,m,m,m,m,m,m,m,m,m,m,m,m,m,m,m,m,m,m,m,m,m,m,m,m,m,m,m,m,m,m,m,m,m,m,m,m,m,m,m,m,m,m,m,m,m,m,m,m,m,m,m,m,m,m,m,m,m,m,m,m,m,m,m,m,m,m,m,m,m,m,m,m,m,m,m,m,m,m,m,m,m,m,m,m,m,m,m,m,m,m,m,m,m,m,m,m,m,m,m,m,m,m,m,m,m,m,m,G,t,G,G,t,G,G,b,t,t,t,G,t,t,t,t,G,G,G,b,G,b,G,t,G,G,t,m,m,m,m,m,m,m,m,m,m,m,m,m,m,m,m,m,m,m,m,m,m,m,m,m,m,m,m,m,m,m,m,m,m,m,m,m,m,m,m,m,m,m,m,m,m,m,m,m,m,m,m,m,m,m,m,m,m,m,m,m,m,m,m,m,m,m,m,m,m,m,m,m,m,m,m,m,m,m,m,m,m,m,m,m,m,m,m,m,m,m,m,m,m,m,m,m,m,m,m,m,m,m,m,m,m,m,m,m,m,m,m,m,m,m,m,m,m,m,m,m,m,m,m,m,m,m,m,m,m,m
m,m,m,m,m,m,m,m,m,m,m,m,m,m,m,m,m,m,m,m,m,m,m,m,m,m,m,m,m,m,m,m,m,m,m,m,m,m,m,m,m,m,m,m,m,m,m,m,m,m,m,m,m,m,m,m,m,m,m,m,m,m,m,m,m,m,m,m,m,m,m,m,m,m,m,m,m,m,m,m,m,m,m,m,m,m,m,m,m,m,m,m,m,m,m,m,m,m,m,m,m,m,m,m,m,m,m,m,m,m,m,m,m,m,m,m,m,m,m,m,m,m,m,m,m,m,m,m,m,m,m,m,m,m,m,m,m,m,m,m,m,m,m,m,t,G,t,G,G,G,G,G,b,G,G,G,G,G,G,G,G,b,b,G,t,t,G,G,m,m,m,m,m,m,m,m,m,m,m,m,m,m,m,m,m,m,m,m,m,m,m,m,m,m,m,m,m,m,m,m,m,m,m,m,m,m,m,m,m,m,m,m,m,m,m,m,m,m,m,m,m,m,m,m,m,m,m,m,m,m,m,m,m,m,m,m,m,m,m,m,m,m,m,m,m,m,m,m,m,m,m,m,m,m,m,m,m,m,m,m,m,m,m,m,m,m,m,m,m,m,m,m,m,m,m,m,m,m,m,m,m,m,m,m,m,m,m,m,m,m,m,m,m,m,m,m,m,m,m,m
m,m,m,m,m,m,m,m,m,m,m,m,m,m,m,m,m,m,m,m,m,m,m,m,m,m,m,m,m,m,m,m,m,m,m,m,m,m,m,m,m,m,m,m,m,m,m,m,m,m,m,m,m,m,m,m,m,m,m,m,m,m,m,m,m,m,m,m,m,m,m,m,m,m,m,m,m,m,m,m,m,m,m,m,m,m,m,m,m,m,m,m,m,m,m,m,m,m,m,m,m,m,m,m,m,m,m,m,m,m,m,m,m,m,m,m,m,m,m,m,m,m,m,m,m,m,m,m,m,m,m,m,m,m,m,m,m,m,m,m,m,m,m,m,G,G,t,G,G,G,t,G,G,G,G,G,t,b,t,G,G,t,t,G,G,G,G,G,m,m,m,m,m,m,m,m,m,m,m,m,m,m,m,m,m,m,m,m,m,m,m,m,m,m,m,m,m,m,m,m,m,m,m,m,m,m,m,m,m,m,m,m,m,m,m,m,m,m,m,m,m,m,m,m,m,m,m,m,m,m,m,m,m,m,m,m,m,m,m,m,m,m,m,m,m,m,m,m,m,m,m,m,m,m,m,m,m,m,m,m,m,m,m,m,m,m,m,m,m,m,m,m,m,m,m,m,m,m,m,m,m,m,m,m,m,m,m,m,m,m,m,m,m,m,m,m,m,m,m,m
m,m,m,m,m,m,m,m,m,m,m,m,m,m,m,m,m,m,m,m,m,m,m,m,m,m,m,m,m,m,m,m,m,m,m,m,m,m,m,m,m,m,m,m,m,m,m,m,m,m,m,m,m,m,m,m,m,m,m,m,m,m,m,m,m,m,m,m,m,m,m,m,m,m,m,m,m,m,m,m,m,m,m,m,m,m,m,m,m,m,m,m,m,m,m,m,m,m,m,m,m,m,m,m,m,m,m,m,m,m,m,m,m,m,m,m,m,m,m,m,m,m,m,m,m,m,m,m,m,m,m,m,m,m,m,m,m,m,m,m,m,m,m,m,m,G,G,G,G,G,G,G,G,G,G,G,G,G,G,G,G,G,G,G,G,G,G,m,m,m,m,m,m,m,m,m,m,m,m,m,m,m,m,m,m,m,m,m,m,m,m,m,m,m,m,m,m,m,m,m,m,m,m,m,m,m,m,m,m,m,m,m,m,m,m,m,m,m,m,m,m,m,m,m,m,m,m,m,m,m,m,m,m,m,m,m,m,m,m,m,m,m,m,m,m,m,m,m,m,m,m,m,m,m,m,m,m,m,m,m,m,m,m,m,m,m,m,m,m,m,m,m,m,m,m,m,m,m,m,m,m,m,m,m,m,m,m,m,m,m,m,m,m,m,m,m,m,m,m,m
m,m,m,m,m,m,m,m,m,m,m,m,m,m,m,m,m,m,m,m,m,m,m,m,m,m,m,m,m,m,m,m,m,m,m,m,m,m,m,m,m,m,m,m,m,m,m,m,m,m,m,m,m,m,m,m,m,m,m,m,m,m,m,m,m,m,m,m,m,m,m,m,m,m,m,m,m,m,m,m,m,m,m,m,m,m,m,m,m,m,m,m,m,m,m,m,m,m,m,m,m,m,m,m,m,m,m,m,m,m,m,m,m,m,m,m,m,m,m,m,m,m,m,m,m,m,m,m,m,m,m,m,m,m,m,m,m,m,m,m,m,m,m,m,m,G,G,G,G,G,G,G,G,G,G,G,G,G,G,G,G,G,G,G,G,G,G,m,m,m,m,m,m,m,m,m,m,m,m,m,m,m,m,m,m,m,m,m,m,m,m,m,m,m,m,m,m,m,m,m,m,m,m,m,m,m,m,m,m,m,m,m,m,m,m,m,m,m,m,m,m,m,m,m,m,m,m,m,m,m,m,m,m,m,m,m,m,m,m,m,m,m,m,m,m,m,m,m,m,m,m,m,m,m,m,m,m,m,m,m,m,m,m,m,m,m,m,m,m,m,m,m,m,m,m,m,m,m,m,m,m,m,m,m,m,m,m,m,m,m,m,m,m,m,m,m,m,m,m,m
m,m,m,m,m,m,m,m,m,m,m,m,m,m,m,m,m,m,m,m,m,m,m,m,m,m,m,m,m,m,m,m,m,m,m,m,m,m,m,m,m,m,m,m,m,m,m,m,m,m,m,m,m,m,m,m,m,m,m,m,m,m,m,m,m,m,m,m,m,m,m,m,m,m,m,m,m,m,m,m,m,m,m,m,m,m,m,m,m,m,m,m,m,m,m,m,m,m,m,m,m,m,m,m,m,m,m,m,m,m,m,m,m,m,m,m,m,m,m,m,m,m,m,m,m,m,m,m,m,m,m,m,m,m,m,m,m,m,m,m,m,m,m,m,m,m,G,G,G,G,G,G,G,G,G,G,G,G,G,G,G,G,G,G,G,G,m,m,m,m,m,m,m,m,m,m,m,m,m,m,m,m,m,m,m,m,m,m,m,m,m,m,m,m,m,m,m,m,m,m,m,m,m,m,m,m,m,m,m,m,m,m,m,m,m,m,m,m,m,m,m,m,m,m,m,m,m,m,m,m,m,m,m,m,m,m,m,m,m,m,m,m,m,m,m,m,m,m,m,m,m,m,m,m,m,m,m,m,m,m,m,m,m,m,m,m,m,m,m,m,m,m,m,m,m,m,m,m,m,m,m,m,m,m,m,m,m,m,m,m,m,m,m,m,m,m,m,m,m,m
m,m,m,m,m,m,m,m,m,m,m,m,m,m,m,m,m,m,m,m,m,m,m,m,m,m,m,m,m,m,m,m,m,m,m,m,m,m,m,m,m,m,m,m,m,m,m,m,m,m,m,m,m,m,m,m,m,m,m,m,m,m,m,m,m,m,m,m,m,m,m,m,m,m,m,m,m,m,m,m,m,m,m,m,m,m,m,m,m,m,m,m,m,m,m,m,m,m,m,m,m,m,m,m,m,m,m,m,m,m,m,m,m,m,m,m,m,m,m,m,m,m,m,m,m,m,m,m,m,m,m,m,m,m,m,m,m,m,m,m,m,m,m,m,m,m,G,G,G,G,G,G,G,G,G,G,G,G,G,G,G,G,G,G,G,G,m,m,m,m,m,m,m,m,m,m,m,m,m,m,m,m,m,m,m,m,m,m,m,m,m,m,m,m,m,m,m,m,m,m,m,m,m,m,m,m,m,m,m,m,m,m,m,m,m,m,m,m,m,m,m,m,m,m,m,m,m,m,m,m,m,m,m,m,m,m,m,m,m,m,m,m,m,m,m,m,m,m,m,m,m,m,m,m,m,m,m,m,m,m,m,m,m,m,m,m,m,m,m,m,m,m,m,m,m,m,m,m,m,m,m,m,m,m,m,m,m,m,m,m,m,m,m,m,m,m,m,m,m,m
m,m,m,m,m,m,m,m,m,m,m,m,m,m,m,m,m,m,m,m,m,m,m,m,m,m,m,m,m,m,m,m,m,m,m,m,m,m,m,m,m,m,m,m,m,m,m,m,m,m,m,m,m,m,m,m,m,m,m,m,m,m,m,m,m,m,m,m,m,m,m,m,m,m,m,m,m,m,m,m,m,m,m,m,m,m,m,m,m,m,m,m,m,m,m,m,m,m,m,m,m,m,m,m,m,m,m,m,m,m,m,m,m,m,m,m,m,m,m,m,m,m,m,m,m,m,m,m,m,m,m,m,m,m,m,m,m,m,m,m,m,m,m,m,m,m,m,m,G,G,G,G,G,G,G,G,G,G,G,G,G,G,G,G,G,m,m,m,m,m,m,m,m,m,m,m,m,m,m,m,m,m,m,m,m,m,m,m,m,m,m,m,m,m,m,m,m,m,m,m,m,m,m,m,m,m,m,m,m,m,m,m,m,m,m,m,m,m,m,m,m,m,m,m,m,m,m,m,m,m,m,m,m,m,m,m,m,m,m,m,m,m,m,m,m,m,m,m,m,m,m,m,m,m,m,m,m,m,m,m,m,m,m,m,m,m,m,m,m,m,m,m,m,m,m,m,m,m,m,m,m,m,m,m,m,m,m,m,m,m,m,m,m,m,m,m,m,m,m,m
m,m,m,m,m,m,m,m,m,m,m,m,m,m,m,m,m,m,m,m,m,m,m,m,m,m,m,m,m,m,m,m,m,m,m,m,m,m,m,m,m,m,m,m,m,m,m,m,m,m,m,m,m,m,m,m,m,m,m,m,m,m,m,m,m,m,m,m,m,m,m,m,m,m,m,m,m,m,m,m,m,m,m,m,m,m,m,m,m,m,m,m,m,m,m,m,m,m,m,m,m,m,m,m,m,m,m,m,m,m,m,m,m,m,m,m,m,m,m,m,m,m,m,m,m,m,m,m,m,m,m,m,m,m,m,m,m,m,m,m,m,m,m,m,m,m,m,m,G,G,G,G,G,G,G,G,G,G,G,G,G,G,G,G,G,m,m,m,m,m,m,m,m,m,m,m,m,m,m,m,m,m,m,m,m,m,m,m,m,m,m,m,m,m,m,m,m,m,m,m,m,m,m,m,m,m,m,m,m,m,m,m,m,m,m,m,m,m,m,m,m,m,m,m,m,m,m,m,m,m,m,m,m,m,m,m,m,m,m,m,m,m,m,m,m,m,m,m,m,m,m,m,m,m,m,m,m,m,m,m,m,m,m,m,m,m,m,m,m,m,m,m,m,m,m,m,m,m,m,m,m,m,m,m,m,m,m,m,m,m,m,m,m,m,m,m,m,m,m,m
m,m,m,m,m,m,m,m,m,m,m,m,m,m,m,m,m,m,m,m,m,m,m,m,m,m,m,m,m,m,m,m,m,m,m,m,m,m,m,m,m,m,m,m,m,m,m,m,m,m,m,m,m,m,m,m,m,m,m,m,m,m,m,m,m,m,m,m,m,m,m,m,m,m,m,m,m,m,m,m,m,m,m,m,m,m,m,m,m,m,m,m,m,m,m,m,m,m,m,m,m,m,m,m,m,m,m,m,m,m,m,m,m,m,m,m,m,m,m,m,m,m,m,m,m,m,m,m,m,m,m,m,m,m,m,m,m,m,m,m,m,m,m,m,m,m,m,m,m,G,G,G,G,G,G,G,G,G,G,G,G,G,G,G,m,m,m,m,m,m,m,m,m,m,m,m,m,m,m,m,m,m,m,m,m,m,m,m,m,m,m,m,m,m,m,m,m,m,m,m,m,m,m,m,m,m,m,m,m,m,m,m,m,m,m,m,m,m,m,m,m,m,m,m,m,m,m,m,m,m,m,m,m,m,m,m,m,m,m,m,m,m,m,m,m,m,m,m,m,m,m,m,m,m,m,m,m,m,m,m,m,m,m,m,m,m,m,m,m,m,m,m,m,m,m,m,m,m,m,m,m,m,m,m,m,m,m,m,m,m,m,m,m,m,m,m,m,m,m,m
m,m,m,m,m,m,m,m,m,m,m,m,m,m,m,m,m,m,m,m,m,m,m,m,m,m,m,m,m,m,m,m,m,m,m,m,m,m,m,m,m,m,m,m,m,m,m,m,m,m,m,m,m,m,m,m,m,m,m,m,m,m,m,m,m,m,m,m,m,m,m,m,m,m,m,m,m,m,m,m,m,m,m,m,m,m,m,m,m,m,m,m,m,m,m,m,m,m,m,m,m,m,m,m,m,m,m,m,m,m,m,m,m,m,m,m,m,m,m,m,m,m,m,m,m,m,m,m,m,m,m,m,m,m,m,m,m,m,m,m,m,m,m,m,m,m,m,m,m,m,G,G,G,G,G,G,G,G,G,G,G,G,G,m,m,m,m,m,m,m,m,m,m,m,m,m,m,m,m,m,m,m,m,m,m,m,m,m,m,m,m,m,m,m,m,m,m,m,m,m,m,m,m,m,m,m,m,m,m,m,m,m,m,m,m,m,m,m,m,m,m,m,m,m,m,m,m,m,m,m,m,m,m,m,m,m,m,m,m,m,m,m,m,m,m,m,m,m,m,m,m,m,m,m,m,m,m,m,m,m,m,m,m,m,m,m,m,m,m,m,m,m,m,m,m,m,m,m,m,m,m,m,m,m,m,m,m,m,m,m,m,m,m,m,m,m,m,m,m,m
m,m,m,m,m,m,m,m,m,m,m,m,m,m,m,m,m,m,m,m,m,m,m,m,m,m,m,m,m,m,m,m,m,m,m,m,m,m,m,m,m,m,m,m,m,m,m,m,m,m,m,m,m,m,m,m,m,m,m,m,m,m,m,m,m,m,m,m,m,m,m,m,m,m,m,m,m,m,m,m,m,m,m,m,m,m,m,m,m,m,m,m,m,m,m,m,m,m,m,m,m,m,m,m,m,m,m,m,m,m,m,m,m,m,m,m,m,m,m,m,m,m,m,m,m,m,m,m,m,m,m,m,m,m,m,m,m,m,m,m,m,m,m,m,m,m,m,m,m,m,m,G,G,G,G,G,G,G,G,G,G,G,G,m,m,m,m,m,m,m,m,m,m,m,m,m,m,m,m,m,m,m,m,m,m,m,m,m,m,m,m,m,m,m,m,m,m,m,m,m,m,m,m,m,m,m,m,m,m,m,m,m,m,m,m,m,m,m,m,m,m,m,m,m,m,m,m,m,m,m,m,m,m,m,m,m,m,m,m,m,m,m,m,m,m,m,m,m,m,m,m,m,m,m,m,m,m,m,m,m,m,m,m,m,m,m,m,m,m,m,m,m,m,m,m,m,m,m,m,m,m,m,m,m,m,m,m,m,m,m,m,m,m,m,m,m,m,m,m,m
m,m,m,m,m,m,m,m,m,m,m,m,m,m,m,m,m,m,m,m,m,m,m,m,m,m,m,m,m,m,m,m,m,m,m,m,m,m,m,m,m,m,m,m,m,m,m,m,m,m,m,m,m,m,m,m,m,m,m,m,m,m,m,m,m,m,m,m,m,m,m,m,m,m,m,m,m,m,m,m,m,m,m,m,m,m,m,m,m,m,m,m,m,m,m,m,m,m,m,m,m,m,m,m,m,m,m,m,m,m,m,m,m,m,m,m,m,m,m,m,m,m,m,m,m,m,m,m,m,m,m,m,m,m,m,m,m,m,m,m,m,m,m,m,m,m,m,m,m,m,m,m,G,G,G,G,G,G,G,G,G,m,m,m,m,m,m,m,m,m,m,m,m,m,m,m,m,m,m,m,m,m,m,m,m,m,m,m,m,m,m,m,m,m,m,m,m,m,m,m,m,m,m,m,m,m,m,m,m,m,m,m,m,m,m,m,m,m,m,m,m,m,m,m,m,m,m,m,m,m,m,m,m,m,m,m,m,m,m,m,m,m,m,m,m,m,m,m,m,m,m,m,m,m,m,m,m,m,m,m,m,m,m,m,m,m,m,m,m,m,m,m,m,m,m,m,m,m,m,m,m,m,m,m,m,m,m,m,m,m,m,m,m,m,m,m,m,m,m,m
m,m,m,m,m,m,m,m,m,m,m,m,m,m,m,m,m,m,m,m,m,m,m,m,m,m,m,m,m,m,m,m,m,m,m,m,m,m,m,m,m,m,m,m,m,m,m,m,m,m,m,m,m,m,m,m,m,m,m,m,m,m,m,m,m,m,m,m,m,m,m,m,m,m,m,m,m,m,m,m,m,m,m,m,m,m,m,m,m,m,m,m,m,m,m,m,m,m,m,m,m,m,m,m,m,m,m,m,m,m,m,m,m,m,m,m,m,m,m,m,m,m,m,m,m,m,m,m,m,m,m,m,m,m,m,m,m,m,m,m,m,m,m,m,m,m,m,m,m,m,m,m,G,G,G,G,G,G,G,G,G,m,m,m,m,m,m,m,m,m,m,m,m,m,m,m,m,m,m,m,m,m,m,m,m,m,m,m,m,m,m,m,m,m,m,m,m,m,m,m,m,m,m,m,m,m,m,m,m,m,m,m,m,m,m,m,m,m,m,m,m,m,m,m,m,m,m,m,m,m,m,m,m,m,m,m,m,m,m,m,m,m,m,m,m,m,m,m,m,m,m,m,m,m,m,m,m,m,m,m,m,m,m,m,m,m,m,m,m,m,m,m,m,m,m,m,m,m,m,m,m,m,m,m,m,m,m,m,m,m,m,m,m,m,m,m,m,m,m,m
m,m,m,m,m,m,m,m,m,m,m,m,m,m,m,m,m,m,m,m,m,m,m,m,m,m,m,m,m,m,m,m,m,m,m,m,m,m,m,m,m,m,m,m,m,m,m,m,m,m,m,m,m,m,m,m,m,m,m,m,m,m,m,m,m,m,m,m,m,m,m,m,m,m,m,m,m,m,m,m,m,m,m,m,m,m,m,m,m,m,m,m,m,m,m,m,m,m,m,m,m,m,m,m,m,m,m,m,m,m,m,m,m,m,m,m,m,m,m,m,m,m,m,m,m,m,m,m,m,m,m,m,m,m,m,m,m,m,m,m,m,m,m,m,m,m,m,m,m,m,m,m,m,G,G,G,G,G,G,G,m,m,m,m,m,m,m,m,m,m,m,m,m,m,m,m,m,m,m,m,m,m,m,m,m,m,m,m,m,m,m,m,m,m,m,m,m,m,m,m,m,m,m,m,m,m,m,m,m,m,m,m,m,m,m,m,m,m,m,m,m,m,m,m,m,m,m,m,m,m,m,m,m,m,m,m,m,m,m,m,m,m,m,m,m,m,m,m,m,m,m,m,m,m,m,m,m,m,m,m,m,m,m,m,m,m,m,m,m,m,m,m,m,m,m,m,m,m,m,m,m,m,m,m,m,m,m,m,m,m,m,m,m,m,m,m,m,m,m,m
m,m,m,m,m,m,m,m,m,m,m,m,m,m,m,m,m,m,m,m,m,m,m,m,m,m,m,m,m,m,m,m,m,m,m,m,m,m,m,m,m,m,m,m,m,m,m,m,m,m,m,m,m,m,m,m,m,m,m,m,m,m,m,m,m,m,m,m,m,m,m,m,m,m,m,m,m,m,m,m,m,m,m,m,m,m,m,m,m,m,m,m,m,m,m,m,m,m,m,m,m,m,m,m,m,m,m,m,m,m,m,m,m,m,m,m,m,m,m,m,m,m,m,m,m,m,m,m,m,m,m,m,m,m,m,m,m,m,m,m,m,m,m,m,m,m,m,m,m,m,m,m,m,G,G,G,G,G,G,G,m,m,m,m,m,m,m,m,m,m,m,m,m,m,m,m,m,m,m,m,m,m,m,m,m,m,m,m,m,m,m,m,m,m,m,m,m,m,m,m,m,m,m,m,m,m,m,m,m,m,m,m,m,m,m,m,m,m,m,m,m,m,m,m,m,m,m,m,m,m,m,m,m,m,m,m,m,m,m,m,m,m,m,m,m,m,m,m,m,m,m,m,m,m,m,m,m,m,m,m,m,m,m,m,m,m,m,m,m,m,m,m,m,m,m,m,m,m,m,m,m,m,m,m,m,m,m,m,m,m,m,m,m,m,m,m,m,m,m,m
m,m,m,m,m,m,m,m,m,m,m,m,m,m,m,m,m,m,m,m,m,m,m,m,m,m,m,m,m,m,m,m,m,m,m,m,m,m,m,m,m,m,m,m,m,m,m,m,m,m,m,m,m,m,m,m,m,m,m,m,m,m,m,m,m,m,m,m,m,m,m,m,m,m,m,m,m,m,m,m,m,m,m,m,m,m,m,m,m,m,m,m,m,m,m,m,m,m,m,m,m,m,m,m,m,m,m,m,m,m,m,m,m,m,m,m,m,m,m,m,m,m,m,m,m,m,m,m,m,m,m,m,m,m,m,m,m,m,m,m,m,m,m,m,m,m,m,m,m,m,m,m,m,m,G,G,G,G,m,m,m,m,m,m,m,m,m,m,m,m,m,m,m,m,m,m,m,m,m,m,m,m,m,m,m,m,m,m,m,m,m,m,m,m,m,m,m,m,m,m,m,m,m,m,m,m,m,m,m,m,m,m,m,m,m,m,m,m,m,m,m,m,m,m,m,m,m,m,m,m,m,m,m,m,m,m,m,m,m,m,m,m,m,m,m,m,m,m,m,m,m,m,m,m,m,m,m,m,m,m,m,m,m,m,m,m,m,m,m,m,m,m,m,m,m,m,m,m,m,m,m,m,m,m,m,m,m,m,m,m,m,m,m,m,m,m,m,m,m,m
m,m,m,m,m,m,m,m,m,m,m,m,m,m,m,m,m,m,m,m,m,m,m,m,m,m,m,m,m,m,m,m,m,m,m,m,m,m,m,m,m,m,m,m,m,m,m,m,m,m,m,m,m,m,m,m,m,m,m,m,m,m,m,m,m,m,m,m,m,m,m,m,m,m,m,m,m,m,m,m,m,m,m,m,m,m,m,m,m,m,m,m,m,m,m,m,m,m,m,m,m,m,m,m,m,m,m,m,m,m,m,m,m,m,m,m,m,m,m,m,m,m,m,m,m,m,m,m,m,m,m,m,m,m,m,m,m,m,m,m,m,m,m,m,m,m,m,m,m,m,m,m,m,m,G,G,G,G,m,m,m,m,m,m,m,m,m,m,m,m,m,m,m,m,m,m,m,m,m,m,m,m,m,m,m,m,m,m,m,m,m,m,m,m,m,m,m,m,m,m,m,m,m,m,m,m,m,m,m,m,m,m,m,m,m,m,m,m,m,m,m,m,m,m,m,m,m,m,m,m,m,m,m,m,m,m,m,m,m,m,m,m,m,m,m,m,m,m,m,m,m,m,m,m,m,m,m,m,m,m,m,m,m,m,m,m,m,m,m,m,m,m,m,m,m,m,m,m,m,m,m,m,m,m,m,m,m,m,m,m,m,m,m,m,m,m,m,m,m,m
m,m,m,m,m,m,m,m,m,m,m,m,m,m,m,m,m,m,m,m,m,m,m,m,m,m,m,m,m,m,m,m,m,m,m,m,m,m,m,m,m,m,m,m,m,m,m,m,m,m,m,m,m,m,m,m,m,m,m,m,m,m,m,m,m,m,m,m,m,m,m,m,m,m,m,m,m,m,m,m,m,m,m,m,m,m,m,m,m,m,m,m,m,m,m,m,m,m,m,m,m,m,m,m,m,m,m,m,m,m,m,m,m,m,m,m,m,m,m,m,m,m,m,m,m,m,m,m,m,m,m,m,m,m,m,m,m,m,m,m,m,m,m,m,m,m,m,m,m,m,m,m,m,m,m,G,G,m,m,m,m,m,m,m,m,m,m,m,m,m,m,m,m,m,m,m,m,m,m,m,m,m,m,m,m,m,m,m,m,m,m,m,m,m,m,m,m,m,m,m,m,m,m,m,m,m,m,m,m,m,m,m,m,m,m,m,m,m,m,m,m,m,m,m,m,m,m,m,m,m,m,m,m,m,m,m,m,m,m,m,m,m,m,m,m,m,m,m,m,m,m,m,m,m,m,m,m,m,m,m,m,m,m,m,m,m,m,m,m,m,m,m,m,m,m,m,m,m,m,m,m,m,m,m,m,m,m,m,m,m,m,m,m,m,m,m,m,m,m,m
m,m,m,m,m,m,m,m,m,m,m,m,m,m,m,m,m,m,m,m,m,m,m,m,m,m,m,m,m,m,m,m,m,m,m,m,m,m,m,m,m,m,m,m,m,m,m,m,m,m,m,m,m,m,m,m,m,m,m,m,m,m,m,m,m,m,m,m,m,m,m,m,m,m,m,m,m,m,m,m,m,m,m,m,m,m,m,m,m,m,m,m,m,m,m,m,m,m,m,m,m,m,m,m,m,m,m,m,m,m,m,m,m,m,m,m,m,m,m,m,m,m,m,m,m,m,m,m,m,m,m,m,m,m,m,m,m,m,m,m,m,m,m,m,m,m,m,m,m,m,m,m,m,m,m,G,G,m,m,m,m,m,m,m,m,m,m,m,m,m,m,m,m,m,m,m,m,m,m,m,m,m,m,m,m,m,m,m,m,m,m,m,m,m,m,m,m,m,m,m,m,m,m,m,m,m,m,m,m,m,m,m,m,m,m,m,m,m,m,m,m,m,m,m,m,m,m,m,m,m,m,m,m,m,m,m,m,m,m,m,m,m,m,m,m,m,m,m,m,m,m,m,m,m,m,m,m,m,m,m,m,m,m,m,m,m,m,m,m,m,m,m,m,m,m,m,m,m,m,m,m,m,m,m,m,m,m,m,m,m,m,m,m,m,m,m,m,m,m,m
m,m,m,m,m,m,m,m,m,m,m,m,m,m,m,m,m,m,m,m,m,m,m,m,m,m,m,m,m,m,m,m,m,m,m,m,m,m,m,m,m,m,m,m,m,m,m,m,m,m,m,m,m,m,m,m,m,m,m,m,m,m,m,m,m,m,m,m,m,m,m,m,m,m,m,m,m,m,m,m,m,m,m,m,m,m,m,m,m,m,m,m,m,m,m,m,m,m,m,m,m,m,m,m,m,m,m,m,m,m,m,m,m,m,m,m,m,m,m,m,m,m,m,m,m,m,m,m,m,m,m,m,m,m,m,m,m,m,m,m,m,m,m,m,m,m,m,m,m,m,m,m,m,m,m,m,m,m,m,m,m,m,m,m,m,m,m,m,m,m,m,m,m,m,m,m,m,m,m,m,m,m,m,m,m,m,m,m,m,m,m,m,m,m,m,m,m,m,m,m,m,m,m,m,m,m,m,m,m,m,m,m,m,m,m,m,m,m,m,m,m,m,m,m,m,m,m,m,m,m,m,m,m,m,m,m,m,m,m,m,m,m,m,m,m,m,m,m,m,m,m,m,m,m,m,m,m,m,m,m,m,m,m,m,m,m,m,m,m,m,m,m,m,m,m,m,m,m,m,m,m,m,m,m,m,m,m,m,m,m,m,m,m,m,m,m,m,m,m,m
m,m,m,m,m,m,m,m,m,m,m,m,m,m,m,m,m,m,m,m,m,m,m,m,m,m,m,m,m,m,m,m,m,m,m,m,m,m,m,m,m,m,m,m,m,m,m,m,m,m,m,m,m,m,m,m,m,m,m,m,m,m,m,m,m,m,m,m,m,m,m,m,m,m,m,m,m,m,m,m,m,m,m,m,m,m,m,m,m,m,m,m,m,m,m,m,m,m,m,m,m,m,m,m,m,m,m,m,m,m,m,m,m,m,m,m,m,m,m,m,m,m,m,m,m,m,m,m,m,m,m,m,m,m,m,m,m,m,m,m,m,m,m,m,m,m,m,m,m,m,m,m,m,m,m,m,m,m,m,m,m,m,m,m,m,m,m,m,m,m,m,m,m,m,m,m,m,m,m,m,m,m,m,m,m,m,m,m,m,m,m,m,m,m,m,m,m,m,m,m,m,m,m,m,m,m,m,m,m,m,m,m,m,m,m,m,m,m,m,m,m,m,m,m,m,m,m,m,m,m,m,m,m,m,m,m,m,m,m,m,m,m,m,m,m,m,m,m,m,m,m,m,m,m,m,m,m,m,m,m,m,m,m,m,m,m,m,m,m,m,m,m,m,m,m,m,m,m,m,m,m,m,m,m,m,m,m,m,m,m,m,m,m,m,m,m,m,m,m,m
m,m,m,m,m,m,m,m,m,m,m,m,m,m,m,m,m,m,m,m,m,m,m,m,m,m,m,m,m,m,m,m,m,m,m,m,m,m,m,m,m,m,m,m,m,m,m,m,m,m,m,m,m,m,m,m,m,m,m,m,m,m,m,m,m,m,m,m,m,m,m,m,m,m,m,m,m,m,m,m,m,m,m,m,m,m,m,m,m,m,m,m,m,m,m,m,m,m,m,m,m,m,m,m,m,m,m,m,m,m,m,m,m,m,m,m,m,m,m,m,m,m,m,m,m,m,m,m,m,m,m,m,m,m,m,m,m,m,m,m,m,m,m,m,m,m,m,m,m,m,m,m,m,m,m,m,m,m,m,m,m,m,m,m,m,m,m,m,m,m,m,m,m,m,m,m,m,m,m,m,m,m,m,m,m,m,m,m,m,m,m,m,m,m,m,m,m,m,m,m,m,m,m,m,m,m,m,m,m,m,m,m,m,m,m,m,m,m,m,m,m,m,m,m,m,m,m,m,m,m,m,m,m,m,m,m,m,m,m,m,m,m,m,m,m,m,m,m,m,m,m,m,m,m,m,m,m,m,m,m,m,m,m,m,m,m,m,m,m,m,m,m,m,m,m,m,m,m,m,m,m,m,m,m,m,m,m,m,m,m,m,m,m,m,m,m,m,m,m,m
m,m,m,m,m,m,m,m,m,m,m,m,m,m,m,m,m,m,m,m,m,m,m,m,m,m,m,m,m,m,m,m,m,m,m,m,m,m,m,m,m,m,m,m,m,m,m,m,m,m,m,m,m,m,m,m,m,m,m,m,m,m,m,m,m,m,m,m,m,m,m,m,m,m,m,m,m,m,m,m,m,m,m,m,m,m,m,m,m,m,m,m,m,m,m,m,m,m,m,m,m,m,m,m,m,m,m,m,m,m,m,m,m,m,m,m,m,m,m,m,m,m,m,m,m,m,m,m,m,m,m,m,m,m,m,m,m,m,m,m,m,m,m,m,m,m,m,m,m,m,m,m,m,m,m,m,m,m,m,m,m,m,m,m,m,m,m,m,m,m,m,m,m,m,m,m,m,m,m,m,m,m,m,m,m,m,m,m,m,m,m,m,m,m,m,m,m,m,m,m,m,m,m,m,m,m,m,m,m,m,m,m,m,m,m,m,m,m,m,m,m,m,m,m,m,m,m,m,m,m,m,m,m,m,m,m,m,m,m,m,m,m,m,m,m,m,m,m,m,m,m,m,m,m,m,m,m,m,m,m,m,m,m,m,m,m,m,m,m,m,m,m,m,m,m,m,m,m,m,m,m,m,m,m,m,m,m,m,m,m,m,m,m,m,m,m,m,m,m,m
m,m,m,m,m,m,m,m,m,m,m,m,m,m,m,m,m,m,m,m,m,m,m,m,m,m,m,m,m,m,m,m,m,m,m,m,m,m,m,m,m,m,m,m,m,m,m,m,m,m,m,m,m,m,m,m,m,m,m,m,m,m,m,m,m,m,m,m,m,m,m,m,m,m,m,m,m,m,m,m,m,m,m,m,m,m,m,m,m,m,m,m,m,m,m,m,m,m,m,m,m,m,m,m,m,m,m,m,m,m,m,m,m,m,m,m,m,m,m,m,m,m,m,m,m,m,m,m,m,m,m,m,m,m,m,m,m,m,m,m,m,m,m,m,m,m,m,m,m,m,m,m,m,m,m,m,m,m,m,m,m,m,m,m,m,m,m,m,m,m,m,m,m,m,m,m,m,m,m,m,m,m,m,m,m,m,m,m,m,m,m,m,m,m,m,m,m,m,m,m,m,m,m,m,m,m,m,m,m,m,m,m,m,m,m,m,m,m,m,m,m,m,m,m,m,m,m,m,m,m,m,m,m,m,m,m,m,m,m,m,m,m,m,m,m,m,m,m,m,m,m,m,m,m,m,m,m,m,m,m,m,m,m,m,m,m,m,m,m,m,m,m,m,m,m,m,m,m,m,m,m,m,m,m,m,m,m,m,m,m,m,m,m,m,m,m,m,m,m,m
m,m,m,m,m,m,m,m,m,m,m,m,m,m,m,m,m,m,m,m,m,m,m,m,m,m,m,m,m,m,m,m,m,m,m,m,m,m,m,m,m,m,m,m,m,m,m,m,m,m,m,m,m,m,m,m,m,m,m,m,m,m,m,m,m,m,m,m,m,m,m,m,m,m,m,m,m,m,m,m,m,m,m,m,m,m,m,m,m,m,m,m,m,m,m,m,m,m,m,m,m,m,m,m,m,m,m,m,m,m,m,m,m,m,m,m,m,m,m,m,m,m,m,m,m,m,m,m,m,m,m,m,m,m,m,m,m,m,m,m,m,m,m,m,m,m,m,m,m,m,m,m,m,m,m,m,m,m,m,m,m,m,m,m,m,m,m,m,m,m,m,m,m,m,m,m,m,m,m,m,m,m,m,m,m,m,m,m,m,m,m,m,m,m,m,m,m,m,m,m,m,m,m,m,m,m,m,m,m,m,m,m,m,m,m,m,m,m,m,m,m,m,m,m,m,m,m,m,m,m,m,m,m,m,m,m,m,m,m,m,m,m,m,m,m,m,m,m,m,m,m,m,m,m,m,m,m,m,m,m,m,m,m,m,m,m,m,m,m,m,m,m,m,m,m,m,m,m,m,m,m,m,m,m,m,m,m,m,m,m,m,m,m,m,m,m,m,m,m,m
m,m,m,m,m,m,m,m,m,m,m,m,m,m,m,m,m,m,m,m,m,m,m,m,m,m,m,m,m,m,m,m,m,m,m,m,m,m,m,m,m,m,m,m,m,m,m,m,m,m,m,m,m,m,m,m,m,m,m,m,m,m,m,m,m,m,m,m,m,m,m,m,m,m,m,m,m,m,m,m,m,m,m,m,m,m,m,m,m,m,m,m,m,m,m,m,m,m,m,m,m,m,m,m,m,m,m,m,m,m,m,m,m,m,m,m,m,m,m,m,m,m,m,m,m,m,m,m,m,m,m,m,m,m,m,m,m,m,m,m,m,m,m,m,m,m,m,m,m,m,m,m,m,m,m,m,m,m,m,m,m,m,m,m,m,m,m,m,m,m,m,m,m,m,m,m,m,m,m,m,m,m,m,m,m,m,m,m,m,m,m,m,m,m,m,m,m,m,m,m,m,m,m,m,m,m,m,m,m,m,m,m,m,m,m,m,m,m,m,m,m,m,m,m,m,m,m,m,m,m,m,m,m,m,m,m,m,m,m,m,m,m,m,m,m,m,m,m,m,m,m,m,m,m,m,m,m,m,m,m,m,m,m,m,m,m,m,m,m,m,m,m,m,m,m,m,m,m,m,m,m,m,m,m,m,m,m,m,m,m,m,m,m,m,m,m,m,m,m,m
m,m,m,m,m,m,m,m,m,m,m,m,m,m,m,m,m,m,m,m,m,m,m,m,m,m,m,m,m,m,m,m,m,m,m,m,m,m,m,m,m,m,m,m,m,m,m,m,m,m,m,m,m,m,m,m,m,m,m,m,m,m,m,m,m,m,m,m,m,m,m,m,m,m,m,m,m,m,m,m,m,m,m,m,m,m,m,m,m,m,m,m,m,m,m,m,m,m,m,m,m,m,m,m,m,m,m,m,m,m,m,m,m,m,m,m,m,m,m,m,m,m,m,m,m,m,m,m,m,m,m,m,m,m,m,m,m,m,m,m,m,m,m,m,m,m,m,m,m,m,m,m,m,m,m,m,m,m,m,m,m,m,m,m,m,m,m,m,m,m,m,m,m,m,m,m,m,m,m,m,m,m,m,m,m,m,m,m,m,m,m,m,m,m,m,m,m,m,m,m,m,m,m,m,m,m,m,m,m,m,m,m,m,m,m,m,m,m,m,m,m,m,m,m,m,m,m,m,m,m,m,m,m,m,m,m,m,m,m,m,m,m,m,m,m,m,m,m,m,m,m,m,m,m,m,m,m,m,m,m,m,m,m,m,m,m,m,m,m,m,m,m,m,m,m,m,m,m,m,m,m,m,m,m,m,m,m,m,m,m,m,m,m,m,m,m,m,m,m,m
m,m,m,m,m,m,m,m,m,m,m,m,m,m,m,m,m,m,m,m,m,m,m,m,m,m,m,m,m,m,m,m,m,m,m,m,m,m,m,m,m,m,m,m,m,m,m,m,m,m,m,m,m,m,m,m,m,m,m,m,m,m,m,m,m,m,m,m,m,m,m,m,m,m,m,m,m,m,m,m,m,m,m,m,m,m,m,m,m,m,m,m,m,m,m,m,m,m,m,m,m,m,m,m,m,m,m,m,m,m,m,m,m,m,m,m,m,m,m,m,m,m,m,m,m,m,m,m,m,m,m,m,m,m,m,m,m,m,m,m,m,m,m,m,m,m,m,m,m,m,m,m,m,m,m,m,m,m,m,m,m,m,m,m,m,m,m,m,m,m,m,m,m,m,m,m,m,m,m,m,m,m,m,m,m,m,m,m,m,m,m,m,m,m,m,m,m,m,m,m,m,m,m,m,m,m,m,m,m,m,m,m,m,m,m,m,m,m,m,m,m,m,m,m,m,m,m,m,m,m,m,m,m,m,m,m,m,m,m,m,m,m,m,m,m,m,m,m,m,m,m,m,m,m,m,m,m,m,m,m,m,m,m,m,m,m,m,m,m,m,m,m,m,m,m,m,m,m,m,m,m,m,m,m,m,m,m,m,m,m,m,m,m,m,m,m,m,m,m,m
m,m,m,m,m,m,m,m,m,m,m,m,m,m,m,m,m,m,m,m,m,m,m,m,m,m,m,m,m,m,m,m,m,m,m,m,m,m,m,m,m,m,m,m,m,m,m,m,m,m,m,m,m,m,m,m,m,m,m,m,m,m,m,m,m,m,m,m,m,m,m,m,m,m,m,m,m,m,m,m,m,m,m,m,m,m,m,m,m,m,m,m,m,m,m,m,m,m,m,m,m,m,m,m,m,m,m,m,m,m,m,m,m,m,m,m,m,m,m,m,m,m,m,m,m,m,m,m,m,m,m,m,m,m,m,m,m,m,m,m,m,m,m,m,m,m,m,m,m,m,m,m,m,m,m,m,m,m,m,m,m,m,m,m,m,m,m,m,m,m,m,m,m,m,m,m,m,m,m,m,m,m,m,m,m,m,m,m,m,m,m,m,m,m,m,m,m,m,m,m,m,m,m,m,m,m,m,m,m,m,m,m,m,m,m,m,m,m,m,m,m,m,m,m,m,m,m,m,m,m,m,m,m,m,m,m,m,m,m,m,m,m,m,m,m,m,m,m,m,m,m,m,m,m,m,m,m,m,m,m,m,m,m,m,m,m,m,m,m,m,m,m,m,m,m,m,m,m,m,m,m,m,m,m,m,m,m,m,m,m,m,m,m,m,m,m,m,m,m,m
m,m,m,m,m,m,m,m,m,m,m,m,m,m,m,m,m,m,m,m,m,m,m,m,m,m,m,m,m,m,m,m,m,m,m,m,m,m,m,m,m,m,m,m,m,m,m,m,m,m,m,m,m,m,m,m,m,m,m,m,m,m,m,m,m,m,m,m,m,m,m,m,m,m,m,m,m,m,m,m,m,m,m,m,m,m,m,m,m,m,m,m,m,m,m,m,m,m,m,m,m,m,m,m,m,m,m,m,m,m,m,m,m,m,m,m,m,m,m,m,m,m,m,m,m,m,m,m,m,m,m,m,m,m,m,m,m,m,m,m,m,m,m,m,m,m,m,m,m,m,m,m,m,m,m,m,m,m,m,m,m,m,m,m,m,m,m,m,m,m,m,m,m,m,m,m,m,m,m,m,m,m,m,m,m,m,m,m,m,m,m,m,m,m,m,m,m,m,m,m,m,m,m,m,m,m,m,m,m,m,m,m,m,m,m,m,m,m,m,m,m,m,m,m,m,m,m,m,m,m,m,m,m,m,m,m,m,m,m,m,m,m,m,m,m,m,m,m,m,m,m,m,m,m,m,m,m,m,m,m,m,m,m,m,m,m,m,m,m,m,m,m,m,m,m,m,m,m,m,m,m,m,m,m,m,m,m,m,m,m,m,m,m,m,m,m,m,m,m,m
m,m,m,m,m,m,m,m,m,m,m,m,m,m,m,m,m,m,m,m,m,m,m,m,m,m,m,m,m,m,m,m,m,m,m,m,m,m,m,m,m,m,m,m,m,m,m,m,m,m,m,m,m,m,m,m,m,m,m,m,m,m,m,m,m,m,m,m,m,m,m,m,m,m,m,m,m,m,m,m,m,m,m,m,m,m,m,m,m,m,m,m,m,m,m,m,m,m,m,m,m,m,m,m,m,m,m,m,m,m,m,m,m,m,m,m,m,m,m,m,m,m,m,m,m,m,m,m,m,m,m,m,m,m,m,m,m,m,m,m,m,m,m,m,m,m,m,m,m,m,m,m,m,m,m,m,m,m,m,m,m,m,m,m,m,m,m,m,m,m,m,m,m,m,m,m,m,m,m,m,m,m,m,m,m,m,m,m,m,m,m,m,m,m,m,m,m,m,m,m,m,m,m,m,m,m,m,m,m,m,m,m,m,m,m,m,m,m,m,m,m,m,m,m,m,m,m,m,m,m,m,m,m,m,m,m,m,m,m,m,m,m,m,m,m,m,m,m,m,m,m,m,m,m,m,m,m,m,m,m,m,m,m,m,m,m,m,m,m,m,m,m,m,m,m,m,m,m,m,m,m,m,m,m,m,m,m,m,m,m,m,m,m,m,m,m,m,m,m,m
m,m,m,m,m,m,m,m,m,m,m,m,m,m,m,m,m,m,m,m,m,m,m,m,m,m,m,m,m,m,m,m,m,m,m,m,m,m,m,m,m,m,m,m,m,m,m,m,m,m,m,m,m,m,m,m,m,m,m,m,m,m,m,m,m,m,m,m,m,m,m,m,m,m,m,m,m,m,m,m,m,m,m,m,m,m,m,m,m,m,m,m,m,m,m,m,m,m,m,m,m,m,m,m,m,m,m,m,m,m,m,m,m,m,m,m,m,m,m,m,m,m,m,m,m,m,m,m,m,m,m,m,m,m,m,m,m,m,m,m,m,m,m,m,m,m,m,m,m,m,m,m,m,m,m,m,m,m,m,m,m,m,m,m,m,m,m,m,m,m,m,m,m,m,m,m,m,m,m,m,m,m,m,m,m,m,m,m,m,m,m,m,m,m,m,m,m,m,m,m,m,m,m,m,m,m,m,m,m,m,m,m,m,m,m,m,m,m,m,m,m,m,m,m,m,m,m,m,m,m,m,m,m,m,m,m,m,m,m,m,m,m,m,m,m,m,m,m,m,m,m,m,m,m,m,m,m,m,m,m,m,m,m,m,m,m,m,m,m,m,m,m,m,m,m,m,m,m,m,m,m,m,m,m,m,m,m,m,m,m,m,m,m,m,m,m,m,m,m,m
m,m,m,m,m,m,m,m,m,m,m,m,m,m,m,m,m,m,m,m,m,m,m,m,m,m,m,m,m,m,m,m,m,m,m,m,m,m,m,m,m,m,m,m,m,m,m,m,m,m,m,m,m,m,m,m,m,m,m,m,m,m,m,m,m,m,m,m,m,m,m,m,m,m,m,m,m,m,m,m,m,m,m,m,m,m,m,m,m,m,m,m,m,m,m,m,m,m,m,m,m,m,m,m,m,m,m,m,m,m,m,m,m,m,m,m,m,m,m,m,m,m,m,m,m,m,m,m,m,m,m,m,m,m,m,m,m,m,m,m,m,m,m,m,m,m,m,m,m,m,m,m,m,m,m,m,m,m,m,m,m,m,m,m,m,m,m,m,m,m,m,m,m,m,m,m,m,m,m,m,m,m,m,m,m,m,m,m,m,m,m,m,m,m,m,m,m,m,m,m,m,m,m,m,m,m,m,m,m,m,m,m,m,m,m,m,m,m,m,m,m,m,m,m,m,m,m,m,m,m,m,m,m,m,m,m,m,m,m,m,m,m,m,m,m,m,m,m,m,m,m,m,m,m,m,m,m,m,m,m,m,m,m,m,m,m,m,m,m,m,m,m,m,m,m,m,m,m,m,m,m,m,m,m,m,m,m,m,m,m,m,m,m,m,m,m,m,m,m,m
m,m,m,m,m,m,m,m,m,m,m,m,m,m,m,m,m,m,m,m,m,m,m,m,m,m,m,m,m,m,m,m,m,m,m,m,m,m,m,m,m,m,m,m,m,m,m,m,m,m,m,m,m,m,m,m,m,m,m,m,m,m,m,m,m,m,m,m,m,m,m,m,m,m,m,m,m,m,m,m,m,m,m,m,m,m,m,m,m,m,m,m,m,m,m,m,m,m,m,m,m,m,m,m,m,m,m,m,m,m,m,m,m,m,m,m,m,m,m,m,m,m,m,m,m,m,m,m,m,m,m,m,m,m,m,m,m,m,m,m,m,m,m,m,m,m,m,m,m,m,m,m,m,m,m,m,m,m,m,m,m,m,m,m,m,m,m,m,m,m,m,m,m,m,m,m,m,m,m,m,m,m,m,m,m,m,m,m,m,m,m,m,m,m,m,m,m,m,m,m,m,m,m,m,m,m,m,m,m,m,m,m,m,m,m,m,m,m,m,m,m,m,m,m,m,m,m,m,m,m,m,m,m,m,m,m,m,m,m,m,m,m,m,m,m,m,m,m,m,m,m,m,m,m,m,m,m,m,m,m,m,m,m,m,m,m,m,m,m,m,m,m,m,m,m,m,m,m,m,m,m,m,m,m,m,m,m,m,m,m,m,m,m,m,m,m,m,m,m,m
m,m,m,m,m,m,m,m,m,m,m,m,m,m,m,m,m,m,m,m,m,m,m,m,m,m,m,m,m,m,m,m,m,m,m,m,m,m,m,m,m,m,m,m,m,m,m,m,m,m,m,m,m,m,m,m,m,m,m,m,m,m,m,m,m,m,m,m,m,m,m,m,m,m,m,m,m,m,m,m,m,m,m,m,m,m,m,m,m,m,m,m,m,m,m,m,m,m,m,m,m,m,m,m,m,m,m,m,m,m,m,m,m,m,m,m,m,m,m,m,m,m,m,m,m,m,m,m,m,m,m,m,m,m,m,m,m,m,m,m,m,m,m,m,m,m,m,m,m,m,m,m,m,m,m,m,m,m,m,m,m,m,m,m,m,m,m,m,m,m,m,m,m,m,m,m,m,m,m,m,m,m,m,m,m,m,m,m,m,m,m,m,m,m,m,m,m,m,m,m,m,m,m,m,m,m,m,m,m,m,m,m,m,m,m,m,m,m,m,m,m,m,m,m,m,m,m,m,m,m,m,m,m,m,m,m,m,m,m,m,m,m,m,m,m,m,m,m,m,m,m,m,m,m,m,m,m,m,m,m,m,m,m,m,m,m,m,m,m,m,m,m,m,m,m,m,m,m,m,m,m,m,m,m,m,m,m,m,m,m,m,m,m,m,m,m,m,m,m,m
m,m,m,m,m,m,m,m,m,m,m,m,m,m,m,m,m,m,m,m,m,m,m,m,m,m,m,m,m,m,m,m,m,m,m,m,m,m,m,m,m,m,m,m,m,m,m,m,m,m,m,m,m,m,m,m,m,m,m,m,m,m,m,m,m,m,m,m,m,m,m,m,m,m,m,m,m,m,m,m,m,m,m,m,m,m,m,m,m,m,m,m,m,m,m,m,m,m,m,m,m,m,m,m,m,m,m,m,m,m,m,m,m,m,m,m,m,m,m,m,m,m,m,m,m,m,m,m,m,m,m,m,m,m,m,m,m,m,m,m,m,m,m,m,m,m,m,m,m,m,m,m,m,m,m,m,m,m,m,m,m,m,m,m,m,m,m,m,m,m,m,m,m,m,m,m,m,m,m,m,m,m,m,m,m,m,m,m,m,m,m,m,m,m,m,m,m,m,m,m,m,m,m,m,m,m,m,m,m,m,m,m,m,m,m,m,m,m,m,m,m,m,m,m,m,m,m,m,m,m,m,m,m,m,m,m,m,m,m,m,m,m,m,m,m,m,m,m,m,m,m,m,m,m,m,m,m,m,m,m,m,m,m,m,m,m,m,m,m,m,m,m,m,m,m,m,m,m,m,m,m,m,m,m,m,m,m,m,m,m,m,m,m,m,m,m,m,m,m,m
m,m,m,m,m,m,m,m,m,m,m,m,m,m,m,m,m,m,m,m,m,m,m,m,m,m,m,m,m,m,m,m,m,m,m,m,m,m,m,m,m,m,m,m,m,m,m,m,m,m,m,m,m,m,m,m,m,m,m,m,m,m,m,m,m,m,m,m,m,m,m,m,m,m,m,m,m,m,m,m,m,m,m,m,m,m,m,m,m,m,m,m,m,m,m,m,m,m,m,m,m,m,m,m,m,m,m,m,m,m,m,m,m,m,m,m,m,m,m,m,m,m,m,m,m,m,m,m,m,m,m,m,m,m,m,m,m,m,m,m,m,m,m,m,m,m,m,m,m,m,m,m,m,m,m,m,m,m,m,m,m,m,m,m,m,m,m,m,m,m,m,m,m,m,m,m,m,m,m,m,m,m,m,m,m,m,m,m,m,m,m,m,m,m,m,m,m,m,m,m,m,m,m,m,m,m,m,m,m,m,m,m,m,m,m,m,m,m,m,m,m,m,m,m,m,m,m,m,m,m,m,m,m,m,m,m,m,m,m,m,m,m,m,m,m,m,m,m,m,m,m,m,m,m,m,m,m,m,m,m,m,m,m,m,m,m,m,m,m,m,m,m,m,m,m,m,m,m,m,m,m,m,m,m,m,m,m,m,m,m,m,m,m,m,m,m,m,m,m,m
m,m,m,m,m,m,m,m,m,m,m,m,m,m,m,m,m,m,m,m,m,m,m,m,m,m,m,m,m,m,m,m,m,m,m,m,m,m,m,m,m,m,m,m,m,m,m,m,m,m,m,m,m,m,m,m,m,m,m,m,m,m,m,m,m,m,m,m,m,m,m,m,m,m,m,m,m,m,m,m,m,m,m,m,m,m,m,m,m,m,m,m,m,m,m,m,m,m,m,m,m,m,m,m,m,m,m,m,m,m,m,m,m,m,m,m,m,m,m,m,m,m,m,m,m,m,m,m,m,m,m,m,m,m,m,m,m,m,m,m,m,m,m,m,m,m,m,m,m,m,m,m,m,m,m,m,m,m,m,m,m,m,m,m,m,m,m,m,m,m,m,m,m,m,m,m,m,m,m,m,m,m,m,m,m,m,m,m,m,m,m,m,m,m,m,m,m,m,m,m,m,m,m,m,m,m,m,m,m,m,m,m,m,m,m,m,m,m,m,m,m,m,m,m,m,m,m,m,m,m,m,m,m,m,m,m,m,m,m,m,m,m,m,m,m,m,m,m,m,m,m,m,m,m,m,m,m,m,m,m,m,m,m,m,m,m,m,m,m,m,m,m,m,m,m,m,m,m,m,m,m,m,m,m,m,m,m,m,m,m,m,m,m,m,m,m,m,m,m,m
m,m,m,m,m,m,m,m,m,m,m,m,m,m,m,m,m,m,m,m,m,m,m,m,m,m,m,m,m,m,m,m,m,m,m,m,m,m,m,m,m,m,m,m,m,m,m,m,m,m,m,m,m,m,m,m,m,m,m,m,m,m,m,m,m,m,m,m,m,m,m,m,m,m,m,m,m,m,m,m,m,m,m,m,m,m,m,m,m,m,m,m,m,m,m,m,m,m,m,m,m,m,m,m,m,m,m,m,m,m,m,m,m,m,m,m,m,m,m,m,m,m,m,m,m,m,m,m,m,m,m,m,m,m,m,m,m,m,m,m,m,m,m,m,m,m,m,m,m,m,m,m,m,m,m,m,m,m,m,m,m,m,m,m,m,m,m,m,m,m,m,m,m,m,m,m,m,m,m,m,m,m,m,m,m,m,m,m,m,m,m,m,m,m,m,m,m,m,m,m,m,m,m,m,m,m,m,m,m,m,m,m,m,m,m,m,m,m,m,m,m,m,m,m,m,m,m,m,m,m,m,m,m,m,m,m,m,m,m,m,m,m,m,m,m,m,m,m,m,m,m,m,m,m,m,m,m,m,m,m,m,m,m,m,m,m,m,m,m,m,m,m,m,m,m,m,m,m,m,m,m,m,m,m,m,m,m,m,m,m,m,m,m,m,m,m,m,m,m,m
m,m,m,m,m,m,m,m,m,m,m,m,m,m,m,m,m,m,m,m,m,m,m,m,m,m,m,m,m,m,m,m,m,m,m,m,m,m,m,m,m,m,m,m,m,m,m,m,m,m,m,m,m,m,m,m,m,m,m,m,m,m,m,m,m,m,m,m,m,m,m,m,m,m,m,m,m,m,m,m,m,m,m,m,m,m,m,m,m,m,m,m,m,m,m,m,m,m,m,m,m,m,m,m,m,m,m,m,m,m,m,m,m,m,m,m,m,m,m,m,m,m,m,m,m,m,m,m,m,m,m,m,m,m,m,m,m,m,m,m,m,m,m,m,m,m,m,m,m,m,m,m,m,m,m,m,m,m,m,m,m,m,m,m,m,m,m,m,m,m,m,m,m,m,m,m,m,m,m,m,m,m,m,m,m,m,m,m,m,m,m,m,m,m,m,m,m,m,m,m,m,m,m,m,m,m,m,m,m,m,m,m,m,m,m,m,m,m,m,m,m,m,m,m,m,m,m,m,m,m,m,m,m,m,m,m,m,m,m,m,m,m,m,m,m,m,m,m,m,m,m,m,m,m,m,m,m,m,m,m,m,m,m,m,m,m,m,m,m,m,m,m,m,m,m,m,m,m,m,m,m,m,m,m,m,m,m,m,m,m,m,m,m,m,m,m,m,m,m,m
m,m,m,m,m,m,m,m,m,m,m,m,m,m,m,m,m,m,m,m,m,m,m,m,m,m,m,m,m,m,m,m,m,m,m,m,m,m,m,m,m,m,m,m,m,m,m,m,m,m,m,m,m,m,m,m,m,m,m,m,m,m,m,m,m,m,m,m,m,m,m,m,m,m,m,m,m,m,m,m,m,m,m,m,m,m,m,m,m,m,m,m,m,m,m,m,m,m,m,m,m,m,m,m,m,m,m,m,m,m,m,m,m,m,m,m,m,m,m,m,m,m,m,m,m,m,m,m,m,m,m,m,m,m,m,m,m,m,m,m,m,m,m,m,m,m,m,m,m,m,m,m,m,m,m,m,m,m,m,m,m,m,m,m,m,m,m,m,m,m,m,m,m,m,m,m,m,m,m,m,m,m,m,m,m,m,m,m,m,m,m,m,m,m,m,m,m,m,m,m,m,m,m,m,m,m,m,m,m,m,m,m,m,m,m,m,m,m,m,m,m,m,m,m,m,m,m,m,m,m,m,m,m,m,m,m,m,m,m,m,m,m,m,m,m,m,m,m,m,m,m,m,m,m,m,m,m,m,m,m,m,m,m,m,m,m,m,m,m,m,m,m,m,m,m,m,m,m,m,m,m,m,m,m,m,m,m,m,m,m,m,m,m,m,m,m,m,m,m,m
m,m,m,m,m,m,m,m,m,m,m,m,m,m,m,m,m,m,m,m,m,m,m,m,m,m,m,m,m,m,m,m,m,m,m,m,m,m,m,m,m,m,m,m,m,m,m,m,m,m,m,m,m,m,m,m,m,m,m,m,m,m,m,m,m,m,m,m,m,m,m,m,m,m,m,m,m,m,m,m,m,m,m,m,m,m,m,m,m,m,m,m,m,m,m,m,m,m,m,m,m,m,m,m,m,m,m,m,m,m,m,m,m,m,m,m,m,m,m,m,m,m,m,m,m,m,m,m,m,m,m,m,m,m,m,m,m,m,m,m,m,m,m,m,m,m,m,m,m,m,m,m,m,m,m,m,m,m,m,m,m,m,m,m,m,m,m,m,m,m,m,m,m,m,m,m,m,m,m,m,m,m,m,m,m,m,m,m,m,m,m,m,m,m,m,m,m,m,m,m,m,m,m,m,m,m,m,m,m,m,m,m,m,m,m,m,m,m,m,m,m,m,m,m,m,m,m,m,m,m,m,m,m,m,m,m,m,m,m,m,m,m,m,m,m,m,m,m,m,m,m,m,m,m,m,m,m,m,m,m,m,m,m,m,m,m,m,m,m,m,m,m,m,m,m,m,m,m,m,m,m,m,m,m,m,m,m,m,m,m,m,m,m,m,m,m,m,m,m,m
m,m,m,m,m,m,m,m,m,m,m,m,m,m,m,m,m,m,m,m,m,m,m,m,m,m,m,m,m,m,m,m,m,m,m,m,m,m,m,m,m,m,m,m,m,m,m,m,m,m,m,m,m,m,m,m,m,m,m,m,m,m,m,m,m,m,m,m,m,m,m,m,m,m,m,m,m,m,m,m,m,m,m,m,m,m,m,m,m,m,m,m,m,m,m,m,m,m,m,m,m,m,m,m,m,m,m,m,m,m,m,m,m,m,m,m,m,m,m,m,m,m,m,m,m,m,m,m,m,m,m,m,m,m,m,m,m,m,m,m,m,m,m,m,m,m,m,m,m,m,m,m,m,m,m,m,m,m,m,m,m,m,m,m,m,m,m,m,m,m,m,m,m,m,m,m,m,m,m,m,m,m,m,m,m,m,m,m,m,m,m,m,m,m,m,m,m,m,m,m,m,m,m,m,m,m,m,m,m,m,m,m,m,m,m,m,m,m,m,m,m,m,m,m,m,m,m,m,m,m,m,m,m,m,m,m,m,m,m,m,m,m,m,m,m,m,m,m,m,m,m,m,m,m,m,m,m,m,m,m,m,m,m,m,m,m,m,m,m,m,m,m,m,m,m,m,m,m,m,m,m,m,m,m,m,m,m,m,m,m,m,m,m,m,m,m,m,m,m,m
m,m,m,m,m,m,m,m,m,m,m,m,m,m,m,m,m,m,m,m,m,m,m,m,m,m,m,m,m,m,m,m,m,m,m,m,m,m,m,m,m,m,m,m,m,m,m,m,m,m,m,m,m,m,m,m,m,m,m,m,m,m,m,m,m,m,m,m,m,m,m,m,m,m,m,m,m,m,m,m,m,m,m,m,m,m,m,m,m,m,m,m,m,m,m,m,m,m,m,m,m,m,m,m,m,m,m,m,m,m,m,m,m,m,m,m,m,m,m,m,m,m,m,m,m,m,m,m,m,m,m,m,m,m,m,m,m,m,m,m,m,m,m,m,m,m,m,m,m,m,m,m,m,m,m,m,m,m,m,m,m,m,m,m,m,m,m,m,m,m,m,m,m,m,m,m,m,m,m,m,m,m,m,m,m,m,m,m,m,m,m,m,m,m,m,m,m,m,m,m,m,m,m,m,m,m,m,m,m,m,m,m,m,m,m,m,m,m,m,m,m,m,m,m,m,m,m,m,m,m,m,m,m,m,m,m,m,m,m,m,m,m,m,m,m,m,m,m,m,m,m,m,m,m,m,m,m,m,m,m,m,m,m,m,m,m,m,m,m,m,m,m,m,m,m,m,m,m,m,m,m,m,m,m,m,m,m,m,m,m,m,m,m,m,m,m,m,m,m,m
m,m,m,m,m,m,m,m,m,m,m,m,m,m,m,m,m,m,m,m,m,m,m,m,m,m,m,m,m,m,m,m,m,m,m,m,m,m,m,m,m,m,m,m,m,m,m,m,m,m,m,m,m,m,m,m,m,m,m,m,m,m,m,m,m,m,m,m,m,m,m,m,m,m,m,m,m,m,m,m,m,m,m,m,m,m,m,m,m,m,m,m,m,m,m,m,m,m,m,m,m,m,m,m,m,m,m,m,m,m,m,m,m,m,m,m,m,m,m,m,m,m,m,m,m,m,m,m,m,m,m,m,m,m,m,m,m,m,m,m,m,m,m,m,m,m,m,m,m,m,m,m,m,m,m,m,m,m,m,m,m,m,m,m,m,m,m,m,m,m,m,m,m,m,m,m,m,m,m,m,m,m,m,m,m,m,m,m,m,m,m,m,m,m,m,m,m,m,m,m,m,m,m,m,m,m,m,m,m,m,m,m,m,m,m,m,m,m,m,m,m,m,m,m,m,m,m,m,m,m,m,m,m,m,m,m,m,m,m,m,m,m,m,m,m,m,m,m,m,m,m,m,m,m,m,m,m,m,m,m,m,m,m,m,m,m,m,m,m,m,m,m,m,m,m,m,m,m,m,m,m,m,m,m,m,m,m,m,m,m,m,m,m,m,m,m,m,m,m,m
m,m,m,m,m,m,m,m,m,m,m,m,m,m,m,m,m,m,m,m,m,m,m,m,m,m,m,m,m,m,m,m,m,m,m,m,m,m,m,m,m,m,m,m,m,m,m,m,m,m,m,m,m,m,m,m,m,m,m,m,m,m,m,m,m,m,m,m,m,m,m,m,m,m,m,m,m,m,m,m,m,m,m,m,m,m,m,m,m,m,m,m,m,m,m,m,m,m,m,m,m,m,m,m,m,m,m,m,m,m,m,m,m,m,m,m,m,m,m,m,m,m,m,m,m,m,m,m,m,m,m,m,m,m,m,m,m,m,m,m,m,m,m,m,m,m,m,m,m,m,m,m,m,m,m,m,m,m,m,m,m,m,m,m,m,m,m,m,m,m,m,m,m,m,m,m,m,m,m,m,m,m,m,m,m,m,m,m,m,m,m,m,m,m,m,m,m,m,m,m,m,m,m,m,m,m,m,m,m,m,m,m,m,m,m,m,m,m,m,m,m,m,m,m,m,m,m,m,m,m,m,m,m,m,m,m,m,m,m,m,m,m,m,m,m,m,m,m,m,m,m,m,m,m,m,m,m,m,m,m,m,m,m,m,m,m,m,m,m,m,m,m,m,m,m,m,m,m,m,m,m,m,m,m,m,m,m,m,m,m,m,m,m,m,m,m,m,m,m,m
m,m,m,m,m,m,m,m,m,m,m,m,m,m,m,m,m,m,m,m,m,m,m,m,m,m,m,m,m,m,m,m,m,m,m,m,m,m,m,m,m,m,m,m,m,m,m,m,m,m,m,m,m,m,m,m,m,m,m,m,m,m,m,m,m,m,m,m,m,m,m,m,m,m,m,m,m,m,m,m,m,m,m,m,m,m,m,m,m,m,m,m,m,m,m,m,m,m,m,m,m,m,m,m,m,m,m,m,m,m,m,m,m,m,m,m,m,m,m,m,m,m,m,m,m,m,m,m,m,m,m,m,m,m,m,m,m,m,m,m,m,m,m,m,m,m,m,m,m,m,m,m,m,m,m,m,m,m,m,m,m,m,m,m,m,m,m,m,m,m,m,m,m,m,m,m,m,m,m,m,m,m,m,m,m,m,m,m,m,m,m,m,m,m,m,m,m,m,m,m,m,m,m,m,m,m,m,m,m,m,m,m,m,m,m,m,m,m,m,m,m,m,m,m,m,m,m,m,m,m,m,m,m,m,m,m,m,m,m,m,m,m,m,m,m,m,m,m,m,m,m,m,m,m,m,m,m,m,m,m,m,m,m,m,m,m,m,m,m,m,m,m,m,m,m,m,m,m,m,m,m,m,m,m,m,m,m,m,m,m,m,m,m,m,m,m,m,m,m,m
